<?xml version="1.0"?>
<doc>
  <basic type="animations">
    <screenCanvasResolution>
      <width>768</width>
      <height>528</height>
    </screenCanvasResolution>
    <canvasResolution>
      <maxWidth>768</maxWidth>
      <maxHeight>528</maxHeight>
    </canvasResolution>
    <bgColor>#00000000</bgColor>
  </basic>
  <images>
    <image>
      <fileName>map.png</fileName>
    </image>
    <image>
      <frames>
        <frame>
          <fileName>w1a.png</fileName>
        </frame>
        <frame>
          <fileName>w1b.png</fileName>
        </frame>
        <frame>
          <fileName>w1c.png</fileName>
        </frame>
        <frame>
          <fileName></fileName>
        </frame>
      </frames>
      <speed>6</speed>
      <left>96</left>
      <top>256</top>
    </image>
    <image>
      <frames>
        <frame>
          <fileName>w2a.png</fileName>
        </frame>
        <frame>
          <fileName>w2b.png</fileName>
        </frame>
        <frame>
          <fileName>w2c.png</fileName>
        </frame>
        <frame>
          <fileName></fileName>
        </frame>
      </frames>
      <speed>6</speed>
      <left>0</left>
      <top>480</top>
    </image>
    <image>
      <frames>
        <frame>
          <fileName>w3a.png</fileName>
        </frame>
        <frame>
          <fileName>w3b.png</fileName>
        </frame>
        <frame>
          <fileName>w3c.png</fileName>
        </frame>
        <frame>
          <fileName></fileName>
        </frame>
      </frames>
      <speed>6</speed>
      <left>368</left>
      <top>496</top>
    </image>
    <image>
      <frames>
        <frame>
          <fileName>d1.png</fileName>
        </frame>
        <frame>
          <fileName>d2.png</fileName>
        </frame>
        <frame>
          <fileName>d3.png</fileName>
        </frame>
        <frame>
          <fileName></fileName>
        </frame>
      </frames>
      <speed>6</speed>
      <left>464</left>
      <top>32</top>
    </image>
    <image>
      <frames>
        <frame>
          <fileName>w4a.png</fileName>
        </frame>
        <frame>
          <fileName>w4b.png</fileName>
        </frame>
        <frame>
          <fileName>w4c.png</fileName>
        </frame>
        <frame>
          <fileName></fileName>
        </frame>
      </frames>
      <speed>6</speed>
      <left>208</left>
      <top>304</top>
    </image>
    <image>
      <frames>
        <frame>
          <fileName from="zdxMabe">f1.png</fileName>
        </frame>
        <frame>
          <fileName from="zdxMabe">f2.png</fileName>
        </frame>
        <frame>
          <fileName from="zdxMabe">f3.png</fileName>
        </frame>
        <frame>
          <fileName from="zdxMabe">f4.png</fileName>
        </frame>
      </frames>
      <coordinates>
        1;208,17;288,17;384,33;240,33;320,49;80,65;0,65;16,65;160,65;336,81;112,81;272,97;96,145;464,161;336,161;416,161;480,177;176,177;368,177;448,209;224,225;208,225;496,
        241;432,257;48,257;192,257;480,289;448,321;272,321;497,337;464,353;384,353;416,369;368,385;448,401;288,417;208,433;464
      </coordinates>
      <speed>6</speed>
    </image>
    <image>
      <frames>
        <frame>
          <fileName>ani1a.png</fileName>
        </frame>
        <frame>
          <fileName>ani1b.png</fileName>
        </frame>
      </frames>
      <speed>10</speed>
      <left>176</left>
      <top>176</top>
    </image>
    <image>
      <frames>
        <frame>
          <fileName>ani2.png</fileName>
        </frame>
        <frame>
          <fileName>ani2.png</fileName>
          <applyAlterationsToThisFrame>
            <alterationsToDo>FlipHorizontal</alterationsToDo>
          </applyAlterationsToThisFrame>
        </frame>
      </frames>
      <speed>10</speed>
      <left>225</left>
      <top>176</top>
    </image>
    <image>
      <frames>
        <frame>
          <fileName>ani3.png</fileName>
        </frame>
        <frame>
          <fileName>ani3.png</fileName>
          <applyAlterationsToThisFrame>
            <alterationsToDo>FlipHorizontal</alterationsToDo>
          </applyAlterationsToThisFrame>
        </frame>
      </frames>
      <speed>10</speed>
      <coordinates>
        179;224,211;240
      </coordinates>
      <left>179</left>
      <top>224</top>
    </image>
    <image>
      <frames>
        <frame>
          <fileName>ani4a.png</fileName>
        </frame>
        <frame>
          <fileName>ani4b.png</fileName>
        </frame>
      </frames>
      <speed>10</speed>
      <left>241</left>
      <top>226</top>
    </image>
    <image>
      <frames>
        <frame>
          <fileName>marin1.png</fileName>
          <delay>14</delay>
        </frame>
        <frame>
          <fileName>marin2.png</fileName>
          <delay>7</delay>
        </frame>
        <frame>
          <fileName>marin1.png</fileName>
          <delay>14</delay>
          <applyAlterationsToThisFrame>
            <alterationsToDo>FlipHorizontal</alterationsToDo>
          </applyAlterationsToThisFrame>
        </frame>
        <frame>
          <fileName>marin2.png</fileName>
          <delay>7</delay>
        </frame>
      </frames>
      <speed>14</speed>
      <left>208</left>
      <top>192</top>
    </image>
    <image>
      <frames>
        <frameCollection>
          <frame>
            <fileName from="zdxMabeb">enee0.png</fileName>
          </frame>
        </frameCollection>
        <frameCollection>
          <frame>
            <fileName from="zdxMabeb">enee.png</fileName>
          </frame>
          <frame>
            <fileName from="zdxMabeb">enee.png</fileName>
            <applyAlterationsToThisFrame>
              <alterationsToDo>FlipHorizontal</alterationsToDo>
            </applyAlterationsToThisFrame>
          </frame>
        </frameCollection>
        <framesAnimationSpeed>3</framesAnimationSpeed>
      </frames>
      <moveAnimation>
        <iniTop>432</iniTop>
        <maxTop>466</maxTop>
        <pixelsMoveTop>3</pixelsMoveTop>
        <pixelsMoveLeft>0</pixelsMoveLeft>
      </moveAnimation>
      <events>
        <event>
          <eventType>MoveAnimationMaxTopReached</eventType>
          <eventActions>
            <eventAction>ChangeFrameCollection</eventAction>
            <eventAction>StopMove</eventAction>
            <eventAction>ChangeSpeedAnimationForFrames</eventAction>
          </eventActions>
          <changeFrameCollectionIndexTo>0</changeFrameCollectionIndexTo>
          <newSpeedAnimationForFrames>40</newSpeedAnimationForFrames>
        </event>
        <event>
          <eventType>FrameAnimationLoopEnds</eventType>
          <eventActions>
            <eventAction>ChangeFrameCollection</eventAction>
            <eventAction>ResumeMove</eventAction>
            <eventAction>ChangeSpeedAnimationForFrames</eventAction>
          </eventActions>
          <changeFrameCollectionIndexTo>1</changeFrameCollectionIndexTo>
          <newSpeedAnimationForFrames>3</newSpeedAnimationForFrames>
          <whenFrameCollectionIndexIs>0</whenFrameCollectionIndexIs>
        </event>
      </events>
      <speed>1</speed>
      <left>0</left>
      <top>432</top>
    </image>
    <image>
      <frames>
        <reUseTagFramesFromPreviousImage>true</reUseTagFramesFromPreviousImage>
        <framesAnimationSpeed>3</framesAnimationSpeed>
      </frames>
      <moveAnimation>
        <iniLeft>0</iniLeft>
        <maxLeft>32</maxLeft>
        <pixelsMoveTop>0</pixelsMoveTop>
        <pixelsMoveLeft>-3</pixelsMoveLeft>
      </moveAnimation>
      <events>
        <event>
          <eventType>MoveAnimationMaxRightReached</eventType>
          <eventActions>
            <eventAction>ChangeFrameCollection</eventAction>
            <eventAction>StopMove</eventAction>
            <eventAction>ChangeSpeedAnimationForFrames</eventAction>
          </eventActions>
          <changeFrameCollectionIndexTo>0</changeFrameCollectionIndexTo>
          <newSpeedAnimationForFrames>30</newSpeedAnimationForFrames>
        </event>
        <event>
          <eventType>FrameAnimationLoopEnds</eventType>
          <eventActions>
            <eventAction>ChangeFrameCollection</eventAction>
            <eventAction>ResumeMove</eventAction>
            <eventAction>ChangeSpeedAnimationForFrames</eventAction>
          </eventActions>
          <changeFrameCollectionIndexTo>1</changeFrameCollectionIndexTo>
          <newSpeedAnimationForFrames>3</newSpeedAnimationForFrames>
          <whenFrameCollectionIndexIs>0</whenFrameCollectionIndexIs>
        </event>
      </events>
      <speed>1</speed>
      <left>32</left>
      <top>191</top>
    </image>
    <image>
      <frames>
        <frameCollection>
          <frame>
            <fileName>ene3a.png</fileName>
          </frame>
        </frameCollection>
        <frameCollection>
          <frame>
            <fileName>ene3b.png</fileName>
          </frame>
          <frame>
            <fileName>ene3c.png</fileName>
          </frame>
        </frameCollection>
        <framesAnimationSpeed>3</framesAnimationSpeed>
      </frames>
      <moveAnimation>
        <iniLeft>48</iniLeft>
        <maxLeft>81</maxLeft>
        <pixelsMoveTop>0</pixelsMoveTop>
        <pixelsMoveLeft>-3</pixelsMoveLeft>
      </moveAnimation>
      <events>
        <event>
          <eventType>MoveAnimationMaxLeftReached</eventType>
          <eventActions>
            <eventAction>ChangeFrameCollection</eventAction>
            <eventAction>StopMove</eventAction>
            <eventAction>ChangeSpeedAnimationForFrames</eventAction>
          </eventActions>
          <changeFrameCollectionIndexTo>0</changeFrameCollectionIndexTo>
          <newSpeedAnimationForFrames>40</newSpeedAnimationForFrames>
        </event>
        <event>
          <eventType>FrameAnimationLoopEnds</eventType>
          <eventActions>
            <eventAction>ChangeFrameCollection</eventAction>
            <eventAction>ResumeMove</eventAction>
            <eventAction>ChangeSpeedAnimationForFrames</eventAction>
          </eventActions>
          <changeFrameCollectionIndexTo>1</changeFrameCollectionIndexTo>
          <newSpeedAnimationForFrames>3</newSpeedAnimationForFrames>
          <whenFrameCollectionIndexIs>0</whenFrameCollectionIndexIs>
        </event>
      </events>
      <speed>1</speed>
      <left>48</left>
      <top>224</top>
    </image>
    <image>
      <frames>
        <frame>
          <fileName from="zdxLake">ene3b.png</fileName>
        </frame>
        <frame>
          <fileName from="zdxLake">ene3a.png</fileName>
        </frame>
        <frame>
          <fileName from="zdxLake">ene3b.png</fileName>
          <applyAlterationsToThisFrame>
            <alterationsToDo>FlipHorizontal</alterationsToDo>
          </applyAlterationsToThisFrame>
        </frame>
        <frame>
          <fileName from="zdxLake">ene3a.png</fileName>
        </frame>
        <framesAnimationSpeed>3</framesAnimationSpeed>
      </frames>
      <moveAnimation>
        <iniLeft>0</iniLeft>
        <iniTop>272</iniTop>
        <maxLeft>83</maxLeft>
        <maxTop>336</maxTop>
        <pixelsMoveTop>-2</pixelsMoveTop>
        <pixelsMoveLeft>-1</pixelsMoveLeft>
      </moveAnimation>
      <left>30</left>
      <top>420</top>
      <speed>2</speed>
    </image>
    <image>
      <frames>
        <reUseTagFramesFromPreviousImage>true</reUseTagFramesFromPreviousImage>
        <framesAnimationSpeed>3</framesAnimationSpeed>
      </frames>
      <moveAnimation>
        <iniLeft>15</iniLeft>
        <iniTop>410</iniTop>
        <maxLeft>67</maxLeft>
        <maxTop>448</maxTop>
        <pixelsMoveTop>-2</pixelsMoveTop>
        <pixelsMoveLeft>1</pixelsMoveLeft>
      </moveAnimation>
      <left>40</left>
      <top>430</top>
      <speed>2</speed>
    </image>
    <image>
      <frames>
        <reUseTagFramesFromPreviousImage>true</reUseTagFramesFromPreviousImage>
        <framesAnimationSpeed>3</framesAnimationSpeed>
      </frames>
      <moveAnimation>
        <iniLeft>31</iniLeft>
        <iniTop>273</iniTop>
        <maxLeft>83</maxLeft>
        <maxTop>368</maxTop>
        <pixelsMoveTop>2</pixelsMoveTop>
        <pixelsMoveLeft>-1</pixelsMoveLeft>
      </moveAnimation>
      <left>70</left>
      <top>300</top>
      <speed>2</speed>
    </image>
    <image>
      <frames>
        <frameCollection>
          <frame>
            <fileName from="zdxLake">ene1a.png</fileName>
          </frame>
          <frame>
            <fileName from="zdxLake">ene1b.png</fileName>
          </frame>
          <frame>
            <fileName from="zdxLake">ene1c.png</fileName>
          </frame>
          <frame>
            <fileName from="zdxLake">ene1b.png</fileName>
          </frame>
        </frameCollection>
        <frameCollection>
          <convertImageSequenceInFrames from="zdxLake">
            <filePreName>ene1s</filePreName>
            <startNumber>1</startNumber>
            <endNumber>13</endNumber>
            <fileNameExtension>png</fileNameExtension>
          </convertImageSequenceInFrames>
        </frameCollection>
      </frames>
      <moveAnimation>
        <iniLeft>-22</iniLeft>
        <iniTop>274</iniTop>
        <maxLeft>46</maxLeft>
        <maxTop>316</maxTop>
        <pixelsMoveLeft>-2</pixelsMoveLeft>
        <pixelsMoveTop>1</pixelsMoveTop>
        <moveAnimationSpeed>1</moveAnimationSpeed>
      </moveAnimation>
      <imageTimer>
        <timerDelay>3000</timerDelay>
      </imageTimer>
      <events>
        <event>
          <eventType>MoveAnimationMaxRightReached</eventType>
          <eventActions>
            <eventAction>FlipImage</eventAction>
          </eventActions>
        </event>
        <event>
          <eventType>MoveAnimationMaxLeftReached</eventType>
          <eventActions>
            <eventAction>FlipImage</eventAction>
          </eventActions>
        </event>

        <event>
          <eventType>Timer</eventType>
          <eventActions>
            <eventAction>ChangeFrameCollection</eventAction>
            <eventAction>StopMove</eventAction>
            <eventAction>ChangeSpeedAnimationForFrames</eventAction>
          </eventActions>
          <newSpeedAnimationForFrames>1</newSpeedAnimationForFrames>
          <changeFrameCollectionIndexTo>1</changeFrameCollectionIndexTo>
          <whenFrameCollectionIndexIs>0</whenFrameCollectionIndexIs>
        </event>
        <event>
          <eventType>FrameAnimationLoopEnds</eventType>
          <eventActions>
            <eventAction>ChangeFrameCollection</eventAction>
            <eventAction>ResumeMove</eventAction>
            <eventAction>ChangeSpeedAnimationForFrames</eventAction>
          </eventActions>
          <changeFrameCollectionIndexTo>0</changeFrameCollectionIndexTo>
          <whenFrameCollectionIndexIs>1</whenFrameCollectionIndexIs>
          <newSpeedAnimationForFrames>2</newSpeedAnimationForFrames>
        </event>
      </events>
      <left>0</left>
      <top>300</top>
      <speed>2</speed>
      <flipImage>Horizontal</flipImage>
    </image>
    <image>
      <frames>
        <reUseTagFramesFromPreviousImage>true</reUseTagFramesFromPreviousImage>
      </frames>
      <moveAnimation>
        <iniLeft>-22</iniLeft>
        <iniTop>150</iniTop>
        <maxLeft>46</maxLeft>
        <maxTop>242</maxTop>
        <pixelsMoveLeft>-2</pixelsMoveLeft>
        <pixelsMoveTop>-1</pixelsMoveTop>
        <moveAnimationSpeed>1</moveAnimationSpeed>
      </moveAnimation>
      <imageTimer>
        <timerDelay>3500</timerDelay>
      </imageTimer>
      <events>
        <event>
          <eventType>MoveAnimationMaxRightReached</eventType>
          <eventActions>
            <eventAction>FlipImage</eventAction>
          </eventActions>
        </event>
        <event>
          <eventType>MoveAnimationMaxLeftReached</eventType>
          <eventActions>
            <eventAction>FlipImage</eventAction>
          </eventActions>
        </event>

        <event>
          <eventType>Timer</eventType>
          <eventActions>
            <eventAction>ChangeFrameCollection</eventAction>
            <eventAction>StopMove</eventAction>
            <eventAction>ChangeSpeedAnimationForFrames</eventAction>
          </eventActions>
          <newSpeedAnimationForFrames>1</newSpeedAnimationForFrames>
          <changeFrameCollectionIndexTo>1</changeFrameCollectionIndexTo>
          <whenFrameCollectionIndexIs>0</whenFrameCollectionIndexIs>
        </event>
        <event>
          <eventType>FrameAnimationLoopEnds</eventType>
          <eventActions>
            <eventAction>ChangeFrameCollection</eventAction>
            <eventAction>ResumeMove</eventAction>
            <eventAction>ChangeSpeedAnimationForFrames</eventAction>
          </eventActions>
          <changeFrameCollectionIndexTo>0</changeFrameCollectionIndexTo>
          <whenFrameCollectionIndexIs>1</whenFrameCollectionIndexIs>
          <newSpeedAnimationForFrames>2</newSpeedAnimationForFrames>
        </event>
      </events>
      <left>30</left>
      <top>200</top>
      <speed>2</speed>
      <flipImage>Horizontal</flipImage>
    </image>



    <image>
      <fileName>shadow.png</fileName>
      <left>196</left>
      <top>108</top>
    </image>
    <image>
      <fileName>shadow.png</fileName>
      <left>325</left>
      <top>221</top>
    </image>
    <image>
      <fileName>shadow.png</fileName>
      <left>341</left>
      <top>109</top>
    </image>
    <image>
      <frames>
        <frame>
          <fileName>ani2.png</fileName>
        </frame>
        <frame>
          <fileName>ani2.png</fileName>
          <applyAlterationsToThisFrame>
            <alterationsToDo>FlipHorizontal</alterationsToDo>
          </applyAlterationsToThisFrame>
        </frame>
      </frames>
      <imageTimer>
        <timerDelay>250</timerDelay>
        <timerStop>true</timerStop>
        <runTimerOnlyTimes>1</runTimerOnlyTimes>
      </imageTimer>
      <moveAnimation>
        <iniLeft>0</iniLeft>
        <iniTop>92</iniTop>
        <maxLeft>0</maxLeft>
        <maxTop>96</maxTop>
        <pixelsMoveLeft>0</pixelsMoveLeft>
        <pixelsMoveTop>-2</pixelsMoveTop>
        <moveAnimationSpeed>1</moveAnimationSpeed>
      </moveAnimation>
      <events>
        <event>
          <eventType>MoveAnimationMaxBottomReached</eventType>
          <eventActions>
            <eventAction>StopMove</eventAction>
            <eventAction>RunTimer</eventAction>
          </eventActions>
        </event>
        <event>
          <eventType>Timer</eventType>
          <eventActions>
            <eventAction>ResumeMove</eventAction>
          </eventActions>
        </event>
      </events>
      <speed>6</speed>
      <left>195</left>
      <top>96</top>
    </image>
    <image>
      <frames>
        <reUseTagFramesFromPreviousImage>true</reUseTagFramesFromPreviousImage>
      </frames>
      <imageTimer>
        <timerDelay>300</timerDelay>
        <timerStop>true</timerStop>
        <runTimerOnlyTimes>1</runTimerOnlyTimes>
      </imageTimer>
      <moveAnimation>
        <iniLeft>0</iniLeft>
        <iniTop>92</iniTop>
        <maxLeft>0</maxLeft>
        <maxTop>96</maxTop>
        <pixelsMoveLeft>0</pixelsMoveLeft>
        <pixelsMoveTop>2</pixelsMoveTop>
        <moveAnimationSpeed>1</moveAnimationSpeed>
      </moveAnimation>
      <events>
        <event>
          <eventType>MoveAnimationMaxBottomReached</eventType>
          <eventActions>
            <eventAction>StopMove</eventAction>
            <eventAction>RunTimer</eventAction>
          </eventActions>
        </event>
        <event>
          <eventType>Timer</eventType>
          <eventActions>
            <eventAction>ResumeMove</eventAction>
          </eventActions>
        </event>
      </events>
      <speed>6</speed>
      <left>339</left>
      <top>92</top>
    </image>
    <image>
      <frames>
        <frame>
          <fileName>ani3.png</fileName>
        </frame>
        <frame>
          <fileName>ani3.png</fileName>
          <applyAlterationsToThisFrame>
            <alterationsToDo>FlipHorizontal</alterationsToDo>
          </applyAlterationsToThisFrame>
        </frame>
      </frames>
      <imageTimer>
        <timerDelay>250</timerDelay>
        <timerStop>true</timerStop>
        <runTimerOnlyTimes>1</runTimerOnlyTimes>
      </imageTimer>
      <moveAnimation>
        <iniLeft>0</iniLeft>
        <iniTop>204</iniTop>
        <maxLeft>0</maxLeft>
        <maxTop>208</maxTop>
        <pixelsMoveLeft>0</pixelsMoveLeft>
        <pixelsMoveTop>-2</pixelsMoveTop>
        <moveAnimationSpeed>1</moveAnimationSpeed>
      </moveAnimation>
      <events>
        <event>
          <eventType>MoveAnimationMaxBottomReached</eventType>
          <eventActions>
            <eventAction>StopMove</eventAction>
            <eventAction>RunTimer</eventAction>
          </eventActions>
        </event>
        <event>
          <eventType>Timer</eventType>
          <eventActions>
            <eventAction>ResumeMove</eventAction>
          </eventActions>
        </event>
      </events>
      <speed>6</speed>
      <left>323</left>
      <top>208</top>
    </image>












    <image>
      <frames>
        <frameCollection>
          <frame>
            <fileName></fileName>
            <delay>3</delay>
          </frame>
          <frame>
            <fileName from="zdxMabeb">enea1.png</fileName>
          </frame>
          <frame>
            <fileName from="zdxMabeb">enea2.png</fileName>
            <delay>2</delay>
          </frame>
        </frameCollection>
        <frameCollection>
          <frame>
            <fileName from="zdxMabeb">enea3.png</fileName>
          </frame>
          <frame>
            <fileName from="zdxMabeb">enea4.png</fileName>
          </frame>
        </frameCollection>
        <frameCollection>
          <frame>
            <fileName from="zdxMabeb">enea2.png</fileName>
            <delay>3</delay>
          </frame>
          <frame>
            <fileName from="zdxMabeb">enea1.png</fileName>
          </frame>
          <frame>
            <fileName></fileName>
            <delay>20</delay>
          </frame>
        </frameCollection>
        <framesAnimationSpeed>3</framesAnimationSpeed>
      </frames>
      <moveAnimation>
        <iniLeft>512</iniLeft>
        <iniTop>176</iniTop>
        <maxLeft>606</maxLeft>
        <maxTop>206</maxTop>
        <pixelsMoveTop>1</pixelsMoveTop>
        <pixelsMoveLeft>2</pixelsMoveLeft>
        <moveAnimationStop>true</moveAnimationStop>
      </moveAnimation>
      <events>
        <event>
          <eventType>FrameAnimationLoopEnds</eventType>
          <eventActions>
            <eventAction>ChangeFrameCollection</eventAction>
            <eventAction>ResumeMove</eventAction>
          </eventActions>
          <whenFrameCollectionIndexIs>0</whenFrameCollectionIndexIs>
          <changeFrameCollectionIndexTo>1</changeFrameCollectionIndexTo>
        </event>
        <event>
          <eventType>MoveAnimationMaxTopReached</eventType>
          <eventType>MoveAnimationMaxBottomReached</eventType>
          <eventType>MoveAnimationMaxLeftReached</eventType>
          <eventType>MoveAnimationMaxRightReached</eventType>
          <eventActions>
            <eventAction>StopMove</eventAction>
            <eventAction>ChangeFrameCollection</eventAction>
          </eventActions>
          <changeFrameCollectionIndexTo>2</changeFrameCollectionIndexTo>
        </event>
        <event>
          <eventType>FrameAnimationLoopEnds</eventType>
          <eventActions>
            <eventAction>ChangeFrameCollection</eventAction>
          </eventActions>
          <whenFrameCollectionIndexIs>2</whenFrameCollectionIndexIs>
          <changeFrameCollectionIndexTo>0</changeFrameCollectionIndexTo>
        </event>
      </events>
      <left>600</left>
      <top>190</top>
      <speed>1</speed>
    </image>
    <image>
      <frames>
        <reUseTagFramesFromPreviousImage>true</reUseTagFramesFromPreviousImage>
        <framesAnimationSpeed>3</framesAnimationSpeed>
      </frames>
      <moveAnimation>
        <iniLeft>512</iniLeft>
        <iniTop>176</iniTop>
        <maxLeft>606</maxLeft>
        <maxTop>206</maxTop>
        <pixelsMoveTop>-1</pixelsMoveTop>
        <pixelsMoveLeft>2</pixelsMoveLeft>
        <moveAnimationStop>true</moveAnimationStop>
      </moveAnimation>
      <events>
        <event>
          <eventType>FrameAnimationLoopEnds</eventType>
          <eventActions>
            <eventAction>ChangeFrameCollection</eventAction>
            <eventAction>ResumeMove</eventAction>
          </eventActions>
          <whenFrameCollectionIndexIs>0</whenFrameCollectionIndexIs>
          <changeFrameCollectionIndexTo>1</changeFrameCollectionIndexTo>
        </event>
        <event>
          <eventType>MoveAnimationMaxTopReached</eventType>
          <eventType>MoveAnimationMaxBottomReached</eventType>
          <eventType>MoveAnimationMaxLeftReached</eventType>
          <eventType>MoveAnimationMaxRightReached</eventType>
          <eventActions>
            <eventAction>StopMove</eventAction>
            <eventAction>ChangeFrameCollection</eventAction>
          </eventActions>
          <changeFrameCollectionIndexTo>2</changeFrameCollectionIndexTo>
        </event>
        <event>
          <eventType>FrameAnimationLoopEnds</eventType>
          <eventActions>
            <eventAction>ChangeFrameCollection</eventAction>
          </eventActions>
          <whenFrameCollectionIndexIs>2</whenFrameCollectionIndexIs>
          <changeFrameCollectionIndexTo>0</changeFrameCollectionIndexTo>
        </event>
      </events>
      <left>512</left>
      <top>206</top>
      <speed>1</speed>
    </image>
    <image>
      <frames>
        <reUseTagFramesFromPreviousImage>true</reUseTagFramesFromPreviousImage>
        <framesAnimationSpeed>3</framesAnimationSpeed>
      </frames>
      <moveAnimation>
        <iniLeft>528</iniLeft>
        <iniTop>176</iniTop>
        <maxLeft>576</maxLeft>
        <maxTop>238</maxTop>
        <pixelsMoveTop>2</pixelsMoveTop>
        <pixelsMoveLeft>-1</pixelsMoveLeft>
        <moveAnimationStop>true</moveAnimationStop>
      </moveAnimation>
      <events>
        <event>
          <eventType>FrameAnimationLoopEnds</eventType>
          <eventActions>
            <eventAction>ChangeFrameCollection</eventAction>
            <eventAction>ResumeMove</eventAction>
          </eventActions>
          <whenFrameCollectionIndexIs>0</whenFrameCollectionIndexIs>
          <changeFrameCollectionIndexTo>1</changeFrameCollectionIndexTo>
        </event>
        <event>
          <eventType>MoveAnimationMaxTopReached</eventType>
          <eventType>MoveAnimationMaxBottomReached</eventType>
          <eventType>MoveAnimationMaxLeftReached</eventType>
          <eventType>MoveAnimationMaxRightReached</eventType>
          <eventActions>
            <eventAction>StopMove</eventAction>
            <eventAction>ChangeFrameCollection</eventAction>
          </eventActions>
          <changeFrameCollectionIndexTo>2</changeFrameCollectionIndexTo>
        </event>
        <event>
          <eventType>FrameAnimationLoopEnds</eventType>
          <eventActions>
            <eventAction>ChangeFrameCollection</eventAction>
          </eventActions>
          <whenFrameCollectionIndexIs>2</whenFrameCollectionIndexIs>
          <changeFrameCollectionIndexTo>0</changeFrameCollectionIndexTo>
        </event>
      </events>
      <left>550</left>
      <top>200</top>
      <speed>1</speed>
    </image>
    <image>
      <frames>
        <reUseTagFramesFromPreviousImage>true</reUseTagFramesFromPreviousImage>
        <framesAnimationSpeed>3</framesAnimationSpeed>
      </frames>
      <moveAnimation>
        <iniLeft>672</iniLeft>
        <iniTop>32</iniTop>
        <maxLeft>704</maxLeft>
        <maxTop>62</maxTop>
        <pixelsMoveTop>-1</pixelsMoveTop>
        <pixelsMoveLeft>1</pixelsMoveLeft>
        <moveAnimationStop>true</moveAnimationStop>
      </moveAnimation>
      <events>
        <event>
          <eventType>FrameAnimationLoopEnds</eventType>
          <eventActions>
            <eventAction>ChangeFrameCollection</eventAction>
            <eventAction>ResumeMove</eventAction>
          </eventActions>
          <whenFrameCollectionIndexIs>0</whenFrameCollectionIndexIs>
          <changeFrameCollectionIndexTo>1</changeFrameCollectionIndexTo>
        </event>
        <event>
          <eventType>MoveAnimationMaxTopReached</eventType>
          <eventType>MoveAnimationMaxBottomReached</eventType>
          <eventType>MoveAnimationMaxLeftReached</eventType>
          <eventType>MoveAnimationMaxRightReached</eventType>
          <eventActions>
            <eventAction>StopMove</eventAction>
            <eventAction>ChangeFrameCollection</eventAction>
          </eventActions>
          <changeFrameCollectionIndexTo>2</changeFrameCollectionIndexTo>
        </event>
        <event>
          <eventType>FrameAnimationLoopEnds</eventType>
          <eventActions>
            <eventAction>ChangeFrameCollection</eventAction>
          </eventActions>
          <whenFrameCollectionIndexIs>2</whenFrameCollectionIndexIs>
          <changeFrameCollectionIndexTo>0</changeFrameCollectionIndexTo>
        </event>
      </events>
      <left>680</left>
      <top>40</top>
      <speed>1</speed>
    </image>
    <image>
      <frames>
        <reUseTagFramesFromPreviousImage>true</reUseTagFramesFromPreviousImage>
        <framesAnimationSpeed>3</framesAnimationSpeed>
      </frames>
      <moveAnimation>
        <iniLeft>656</iniLeft>
        <iniTop>48</iniTop>
        <maxLeft>720</maxLeft>
        <maxTop>62</maxTop>
        <pixelsMoveTop>1</pixelsMoveTop>
        <pixelsMoveLeft>-2</pixelsMoveLeft>
        <moveAnimationStop>true</moveAnimationStop>
      </moveAnimation>
      <events>
        <event>
          <eventType>FrameAnimationLoopEnds</eventType>
          <eventActions>
            <eventAction>ChangeFrameCollection</eventAction>
            <eventAction>ResumeMove</eventAction>
          </eventActions>
          <whenFrameCollectionIndexIs>0</whenFrameCollectionIndexIs>
          <changeFrameCollectionIndexTo>1</changeFrameCollectionIndexTo>
        </event>
        <event>
          <eventType>MoveAnimationMaxTopReached</eventType>
          <eventType>MoveAnimationMaxBottomReached</eventType>
          <eventType>MoveAnimationMaxLeftReached</eventType>
          <eventType>MoveAnimationMaxRightReached</eventType>
          <eventActions>
            <eventAction>StopMove</eventAction>
            <eventAction>ChangeFrameCollection</eventAction>
          </eventActions>
          <changeFrameCollectionIndexTo>2</changeFrameCollectionIndexTo>
        </event>
        <event>
          <eventType>FrameAnimationLoopEnds</eventType>
          <eventActions>
            <eventAction>ChangeFrameCollection</eventAction>
          </eventActions>
          <whenFrameCollectionIndexIs>2</whenFrameCollectionIndexIs>
          <changeFrameCollectionIndexTo>0</changeFrameCollectionIndexTo>
        </event>
      </events>
      <left>720</left>
      <top>52</top>
      <speed>1</speed>
    </image>
    <image>
      <frames>
        <reUseTagFramesFromPreviousImage>true</reUseTagFramesFromPreviousImage>
        <framesAnimationSpeed>3</framesAnimationSpeed>
      </frames>
      <moveAnimation>
        <iniLeft>624</iniLeft>
        <iniTop>192</iniTop>
        <maxLeft>672</maxLeft>
        <maxTop>238</maxTop>
        <pixelsMoveTop>1</pixelsMoveTop>
        <pixelsMoveLeft>-1</pixelsMoveLeft>
        <moveAnimationStop>true</moveAnimationStop>
      </moveAnimation>
      <events>
        <event>
          <eventType>FrameAnimationLoopEnds</eventType>
          <eventActions>
            <eventAction>ChangeFrameCollection</eventAction>
            <eventAction>ResumeMove</eventAction>
          </eventActions>
          <whenFrameCollectionIndexIs>0</whenFrameCollectionIndexIs>
          <changeFrameCollectionIndexTo>1</changeFrameCollectionIndexTo>
        </event>
        <event>
          <eventType>MoveAnimationMaxTopReached</eventType>
          <eventType>MoveAnimationMaxBottomReached</eventType>
          <eventType>MoveAnimationMaxLeftReached</eventType>
          <eventType>MoveAnimationMaxRightReached</eventType>
          <eventActions>
            <eventAction>StopMove</eventAction>
            <eventAction>ChangeFrameCollection</eventAction>
          </eventActions>
          <changeFrameCollectionIndexTo>2</changeFrameCollectionIndexTo>
        </event>
        <event>
          <eventType>FrameAnimationLoopEnds</eventType>
          <eventActions>
            <eventAction>ChangeFrameCollection</eventAction>
          </eventActions>
          <whenFrameCollectionIndexIs>2</whenFrameCollectionIndexIs>
          <changeFrameCollectionIndexTo>0</changeFrameCollectionIndexTo>
        </event>
      </events>
      <left>630</left>
      <top>200</top>
      <speed>1</speed>
    </image>
    <image>
      <frames>
        <reUseTagFramesFromPreviousImage>true</reUseTagFramesFromPreviousImage>
        <framesAnimationSpeed>3</framesAnimationSpeed>
      </frames>
      <moveAnimation>
        <iniLeft>624</iniLeft>
        <iniTop>192</iniTop>
        <maxLeft>672</maxLeft>
        <maxTop>238</maxTop>
        <pixelsMoveTop>-1</pixelsMoveTop>
        <pixelsMoveLeft>1</pixelsMoveLeft>
        <moveAnimationStop>true</moveAnimationStop>
      </moveAnimation>
      <events>
        <event>
          <eventType>FrameAnimationLoopEnds</eventType>
          <eventActions>
            <eventAction>ChangeFrameCollection</eventAction>
            <eventAction>ResumeMove</eventAction>
          </eventActions>
          <whenFrameCollectionIndexIs>0</whenFrameCollectionIndexIs>
          <changeFrameCollectionIndexTo>1</changeFrameCollectionIndexTo>
        </event>
        <event>
          <eventType>MoveAnimationMaxTopReached</eventType>
          <eventType>MoveAnimationMaxBottomReached</eventType>
          <eventType>MoveAnimationMaxLeftReached</eventType>
          <eventType>MoveAnimationMaxRightReached</eventType>
          <eventActions>
            <eventAction>StopMove</eventAction>
            <eventAction>ChangeFrameCollection</eventAction>
          </eventActions>
          <changeFrameCollectionIndexTo>2</changeFrameCollectionIndexTo>
        </event>
        <event>
          <eventType>FrameAnimationLoopEnds</eventType>
          <eventActions>
            <eventAction>ChangeFrameCollection</eventAction>
          </eventActions>
          <whenFrameCollectionIndexIs>2</whenFrameCollectionIndexIs>
          <changeFrameCollectionIndexTo>0</changeFrameCollectionIndexTo>
        </event>
      </events>
      <left>670</left>
      <top>220</top>
      <speed>1</speed>
    </image>
    <image>
      <frames>
        <reUseTagFramesFromPreviousImage>true</reUseTagFramesFromPreviousImage>
        <framesAnimationSpeed>3</framesAnimationSpeed>
      </frames>
      <moveAnimation>
        <iniLeft>624</iniLeft>
        <iniTop>396</iniTop>
        <maxLeft>656</maxLeft>
        <maxTop>462</maxTop>
        <pixelsMoveTop>-2</pixelsMoveTop>
        <pixelsMoveLeft>1</pixelsMoveLeft>
        <moveAnimationStop>true</moveAnimationStop>
      </moveAnimation>
      <events>
        <event>
          <eventType>FrameAnimationLoopEnds</eventType>
          <eventActions>
            <eventAction>ChangeFrameCollection</eventAction>
            <eventAction>ResumeMove</eventAction>
          </eventActions>
          <whenFrameCollectionIndexIs>0</whenFrameCollectionIndexIs>
          <changeFrameCollectionIndexTo>1</changeFrameCollectionIndexTo>
        </event>
        <event>
          <eventType>MoveAnimationMaxTopReached</eventType>
          <eventType>MoveAnimationMaxBottomReached</eventType>
          <eventType>MoveAnimationMaxLeftReached</eventType>
          <eventType>MoveAnimationMaxRightReached</eventType>
          <eventActions>
            <eventAction>StopMove</eventAction>
            <eventAction>ChangeFrameCollection</eventAction>
          </eventActions>
          <changeFrameCollectionIndexTo>2</changeFrameCollectionIndexTo>
        </event>
        <event>
          <eventType>FrameAnimationLoopEnds</eventType>
          <eventActions>
            <eventAction>ChangeFrameCollection</eventAction>
          </eventActions>
          <whenFrameCollectionIndexIs>2</whenFrameCollectionIndexIs>
          <changeFrameCollectionIndexTo>0</changeFrameCollectionIndexTo>
        </event>
      </events>
      <left>624</left>
      <top>400</top>
      <speed>1</speed>
    </image>
    <image>
      <frames>
        <reUseTagFramesFromPreviousImage>true</reUseTagFramesFromPreviousImage>
        <framesAnimationSpeed>3</framesAnimationSpeed>
      </frames>
      <moveAnimation>
        <iniLeft>624</iniLeft>
        <iniTop>396</iniTop>
        <maxLeft>656</maxLeft>
        <maxTop>462</maxTop>
        <pixelsMoveTop>2</pixelsMoveTop>
        <pixelsMoveLeft>1</pixelsMoveLeft>
        <moveAnimationStop>true</moveAnimationStop>
      </moveAnimation>
      <events>
        <event>
          <eventType>FrameAnimationLoopEnds</eventType>
          <eventActions>
            <eventAction>ChangeFrameCollection</eventAction>
            <eventAction>ResumeMove</eventAction>
          </eventActions>
          <whenFrameCollectionIndexIs>0</whenFrameCollectionIndexIs>
          <changeFrameCollectionIndexTo>1</changeFrameCollectionIndexTo>
        </event>
        <event>
          <eventType>MoveAnimationMaxTopReached</eventType>
          <eventType>MoveAnimationMaxBottomReached</eventType>
          <eventType>MoveAnimationMaxLeftReached</eventType>
          <eventType>MoveAnimationMaxRightReached</eventType>
          <eventActions>
            <eventAction>StopMove</eventAction>
            <eventAction>ChangeFrameCollection</eventAction>
          </eventActions>
          <changeFrameCollectionIndexTo>2</changeFrameCollectionIndexTo>
        </event>
        <event>
          <eventType>FrameAnimationLoopEnds</eventType>
          <eventActions>
            <eventAction>ChangeFrameCollection</eventAction>
          </eventActions>
          <whenFrameCollectionIndexIs>2</whenFrameCollectionIndexIs>
          <changeFrameCollectionIndexTo>0</changeFrameCollectionIndexTo>
        </event>
      </events>
      <left>640</left>
      <top>450</top>
      <speed>1</speed>
    </image>
    <image>
      <frames>
        <convertImageSequenceInFrames from="zdxMabe">
          <filePreName>butterfly</filePreName>
          <startNumber>1</startNumber>
          <endNumber>10</endNumber>
          <fileNameExtension>png</fileNameExtension>
        </convertImageSequenceInFrames>
        <framesAnimationSpeed>3</framesAnimationSpeed>
      </frames>
      <moveAnimation>
        <iniLeft>171</iniLeft>
        <iniTop>162</iniTop>
        <maxLeft>233</maxLeft>
        <maxTop>214</maxTop>
        <pixelsMoveTop>1</pixelsMoveTop>
        <pixelsMoveLeft>2</pixelsMoveLeft>
      </moveAnimation>
      <speed>2</speed>
      <left>200</left>
      <top>200</top>
    </image>
    <image>
      <frames>
        <reUseTagFramesFromPreviousImage>true</reUseTagFramesFromPreviousImage>
      </frames>
      <moveAnimation>
        <iniLeft>0</iniLeft>
        <iniTop>20</iniTop>
        <maxLeft>78</maxLeft>
        <maxTop>126</maxTop>
        <pixelsMoveTop>1</pixelsMoveTop>
        <pixelsMoveLeft>2</pixelsMoveLeft>
      </moveAnimation>
      <speed>2</speed>
      <left>50</left>
      <top>50</top>
    </image>
    <image>
      <frames>
        <reUseTagFramesFromPreviousImage>true</reUseTagFramesFromPreviousImage>
        <returnBackwardToFirstFrame>true</returnBackwardToFirstFrame>
      </frames>
      <moveAnimation>
        <iniLeft>0</iniLeft>
        <iniTop>20</iniTop>
        <maxLeft>78</maxLeft>
        <maxTop>126</maxTop>
        <pixelsMoveTop>-1</pixelsMoveTop>
        <pixelsMoveLeft>2</pixelsMoveLeft>
      </moveAnimation>
      <speed>2</speed>
      <left>0</left>
      <top>100</top>
    </image>
    <image>
      <frames>
        <reUseTagFramesFromPreviousImage>true</reUseTagFramesFromPreviousImage>
        <returnBackwardToFirstFrame>true</returnBackwardToFirstFrame>
      </frames>
      <moveAnimation>
        <iniLeft>0</iniLeft>
        <iniTop>20</iniTop>
        <maxLeft>78</maxLeft>
        <maxTop>126</maxTop>
        <pixelsMoveTop>1</pixelsMoveTop>
        <pixelsMoveLeft>-2</pixelsMoveLeft>
      </moveAnimation>
      <speed>2</speed>
      <left>60</left>
      <top>60</top>
    </image>
    <image>
      <frames>
        <reUseTagFramesFromPreviousImage>true</reUseTagFramesFromPreviousImage>
        <returnBackwardToFirstFrame>true</returnBackwardToFirstFrame>
      </frames>
      <moveAnimation>
        <iniLeft>130</iniLeft>
        <iniTop>48</iniTop>
        <maxLeft>252</maxLeft>
        <maxTop>146</maxTop>
        <pixelsMoveTop>1</pixelsMoveTop>
        <pixelsMoveLeft>-2</pixelsMoveLeft>
      </moveAnimation>
      <speed>2</speed>
      <left>140</left>
      <top>130</top>
    </image>
    <image>
      <frames>
        <reUseTagFramesFromPreviousImage>true</reUseTagFramesFromPreviousImage>
        <returnBackwardToFirstFrame>true</returnBackwardToFirstFrame>
      </frames>
      <moveAnimation>
        <iniLeft>130</iniLeft>
        <iniTop>48</iniTop>
        <maxLeft>252</maxLeft>
        <maxTop>146</maxTop>
        <pixelsMoveTop>-1</pixelsMoveTop>
        <pixelsMoveLeft>2</pixelsMoveLeft>
      </moveAnimation>
      <speed>2</speed>
      <left>200</left>
      <top>50</top>
    </image>
    <image>
      <frames>
        <reUseTagFramesFromPreviousImage>true</reUseTagFramesFromPreviousImage>
        <!--<returnBackwardToFirstFrame>true</returnBackwardToFirstFrame>-->
      </frames>
      <moveAnimation>
        <iniLeft>130</iniLeft>
        <iniTop>48</iniTop>
        <maxLeft>252</maxLeft>
        <maxTop>146</maxTop>
        <pixelsMoveTop>1</pixelsMoveTop>
        <pixelsMoveLeft>2</pixelsMoveLeft>
      </moveAnimation>
      <speed>2</speed>
      <left>190</left>
      <top>90</top>
    </image>
    <image>
      <frames>
        <reUseTagFramesFromPreviousImage>true</reUseTagFramesFromPreviousImage>
        <returnBackwardToFirstFrame>true</returnBackwardToFirstFrame>
      </frames>
      <moveAnimation>
        <iniLeft>290</iniLeft>
        <iniTop>162</iniTop>
        <maxLeft>396</maxLeft>
        <maxTop>240</maxTop>
        <pixelsMoveTop>1</pixelsMoveTop>
        <pixelsMoveLeft>-2</pixelsMoveLeft>
      </moveAnimation>
      <speed>2</speed>
      <left>380</left>
      <top>164</top>
    </image>
    <image>
      <frames>
        <reUseTagFramesFromPreviousImage>true</reUseTagFramesFromPreviousImage>
        <returnBackwardToFirstFrame>true</returnBackwardToFirstFrame>
      </frames>
      <moveAnimation>
        <iniLeft>290</iniLeft>
        <iniTop>162</iniTop>
        <maxLeft>396</maxLeft>
        <maxTop>240</maxTop>
        <pixelsMoveTop>-1</pixelsMoveTop>
        <pixelsMoveLeft>2</pixelsMoveLeft>
      </moveAnimation>
      <speed>2</speed>
      <left>300</left>
      <top>230</top>
    </image>
    <image>
      <frames>
        <reUseTagFramesFromPreviousImage>true</reUseTagFramesFromPreviousImage>
        <!--<returnBackwardToFirstFrame>true</returnBackwardToFirstFrame>-->
      </frames>
      <moveAnimation>
        <iniLeft>290</iniLeft>
        <iniTop>162</iniTop>
        <maxLeft>396</maxLeft>
        <maxTop>240</maxTop>
        <pixelsMoveTop>1</pixelsMoveTop>
        <pixelsMoveLeft>2</pixelsMoveLeft>
      </moveAnimation>
      <speed>2</speed>
      <left>350</left>
      <top>200</top>
    </image>
    <image>
      <frames>
        <reUseTagFramesFromPreviousImage>true</reUseTagFramesFromPreviousImage>
        <returnBackwardToFirstFrame>true</returnBackwardToFirstFrame>
      </frames>
      <moveAnimation>
        <iniLeft>292</iniLeft>
        <iniTop>48</iniTop>
        <maxLeft>414</maxLeft>
        <maxTop>144</maxTop>
        <pixelsMoveTop>-1</pixelsMoveTop>
        <pixelsMoveLeft>2</pixelsMoveLeft>
      </moveAnimation>
      <speed>2</speed>
      <left>350</left>
      <top>120</top>
    </image>
    <image>
      <frames>
        <reUseTagFramesFromPreviousImage>true</reUseTagFramesFromPreviousImage>
        <returnBackwardToFirstFrame>true</returnBackwardToFirstFrame>
      </frames>
      <moveAnimation>
        <iniLeft>292</iniLeft>
        <iniTop>48</iniTop>
        <maxLeft>414</maxLeft>
        <maxTop>144</maxTop>
        <pixelsMoveTop>1</pixelsMoveTop>
        <pixelsMoveLeft>-2</pixelsMoveLeft>
      </moveAnimation>
      <speed>2</speed>
      <left>400</left>
      <top>50</top>
    </image>
    <image>
      <frames>
        <frame>
          <fileName>ene2.png</fileName>
        </frame>
        <frame>
          <fileName>ene1.png</fileName>
        </frame>
        <frame>
          <fileName>ene2.png</fileName>
          <applyAlterationsToThisFrame>
            <alterationsToDo>FlipHorizontal</alterationsToDo>
          </applyAlterationsToThisFrame>
        </frame>
        <frame>
          <fileName>ene1.png</fileName>
        </frame>
        <framesAnimationSpeed>3</framesAnimationSpeed>
      </frames>
      <moveAnimation>
        <iniLeft>622</iniLeft>
        <iniTop>170</iniTop>
        <maxLeft>668</maxLeft>
        <maxTop>216</maxTop>
        <pixelsMoveTop>1</pixelsMoveTop>
        <pixelsMoveLeft>2</pixelsMoveLeft>
      </moveAnimation>
      <left>630</left>
      <top>190</top>
      <speed>2</speed>
    </image>
    <image>
      <frames>
        <reUseTagFramesFromPreviousImage>true</reUseTagFramesFromPreviousImage>
        <framesAnimationSpeed>3</framesAnimationSpeed>
      </frames>
      <moveAnimation>
        <iniLeft>700</iniLeft>
        <iniTop>134</iniTop>
        <maxLeft>734</maxLeft>
        <maxTop>168</maxTop>
        <pixelsMoveTop>-1</pixelsMoveTop>
        <pixelsMoveLeft>1</pixelsMoveLeft>
      </moveAnimation>
      <left>710</left>
      <top>140</top>
      <speed>2</speed>
    </image>
    <image>
      <frames>
        <reUseTagFramesFromPreviousImage>true</reUseTagFramesFromPreviousImage>
        <framesAnimationSpeed>3</framesAnimationSpeed>
      </frames>
      <moveAnimation>
        <iniLeft>622</iniLeft>
        <iniTop>310</iniTop>
        <maxLeft>702</maxLeft>
        <maxTop>344</maxTop>
        <pixelsMoveTop>-1</pixelsMoveTop>
        <pixelsMoveLeft>2</pixelsMoveLeft>
      </moveAnimation>
      <left>698</left>
      <top>330</top>
      <speed>2</speed>
    </image>
    <image>
      <frames>
        <reUseTagFramesFromPreviousImage>true</reUseTagFramesFromPreviousImage>
        <framesAnimationSpeed>3</framesAnimationSpeed>
      </frames>
      <moveAnimation>
        <iniLeft>622</iniLeft>
        <iniTop>310</iniTop>
        <maxLeft>702</maxLeft>
        <maxTop>344</maxTop>
        <pixelsMoveTop>1</pixelsMoveTop>
        <pixelsMoveLeft>-2</pixelsMoveLeft>
      </moveAnimation>
      <left>624</left>
      <top>310</top>
      <speed>2</speed>
    </image>
    <image>
      <frames>
        <frame>
          <fileName>music1.png</fileName>
        </frame>
        <frame>
          <fileName>music2.png</fileName>
        </frame>
        <frame>
          <fileName>music3.png</fileName>
        </frame>
        <frame>
          <fileName>music2.png</fileName>
        </frame>
      </frames>
      <pathAnimation>
        <pathAnimationCoordinates>
          <iniLeft>192</iniLeft>
          <iniTop>170</iniTop>
          <maxLeft>205</maxLeft>
          <maxTop>184</maxTop>
        </pathAnimationCoordinates>
        <pixelsMove>-2</pixelsMove>
        <pathAnimationSpeed>4</pathAnimationSpeed>
        <returnBackwardToTheBeginning>false</returnBackwardToTheBeginning>
      </pathAnimation>
      <speed>2</speed>
    </image>
    <image>
      <frames>
        <reUseTagFramesFromPreviousImage>true</reUseTagFramesFromPreviousImage>
      </frames>
      <pathAnimation>
        <pathAnimationCoordinates>
          <iniLeft>221</iniLeft>
          <iniTop>185</iniTop>
          <maxLeft>234</maxLeft>
          <maxTop>172</maxTop>
        </pathAnimationCoordinates>
        <pixelsMove>2</pixelsMove>
        <pathAnimationSpeed>4</pathAnimationSpeed>
        <returnBackwardToTheBeginning>false</returnBackwardToTheBeginning>
      </pathAnimation>
      <speed>2</speed>
    </image>
    <image>
      <fileName>seal.png</fileName>
      <left>416</left>
      <top>450</top>
    </image>
    <image>
      <frames>
        <convertImageSequenceInFrames>
          <filePreName>bubble</filePreName>
          <startNumber>1</startNumber>
          <endNumber>7</endNumber>
          <fileNameExtension>png</fileNameExtension>
        </convertImageSequenceInFrames>
      </frames>
      <left>411</left>
      <top>451</top>
      <speed>6</speed>
    </image>
    <image>
      <frames>
        <frame>
          <fileName from="zdxUkuku">warp1.png</fileName>
        </frame>
        <frame>
          <fileName from="zdxUkuku">warp2.png</fileName>
        </frame>
        <frame>
          <fileName from="zdxUkuku">warp3.png</fileName>
        </frame>
        <frame>
          <fileName from="zdxUkuku">warp4.png</fileName>
        </frame>
      </frames>
      <speed>2</speed>
      <left>223</left>
      <top>335</top>
    </image>
  </images>
</doc>
