<?xml version="1.0"?>
<doc>
  <basic type="animations">
    <screenCanvasResolution>
      <width>1477</width>
      <height>571</height>
    </screenCanvasResolution>
    <canvasResolution>
      <maxWidth>1477</maxWidth>
      <maxHeight>571</maxHeight>
    </canvasResolution>
    <bgColor>#00000000</bgColor>
  </basic>
  <images>
    <image>
      <frames>
        <frame>
          <fileName from="mapzdarkfb">f1a.png</fileName>
        </frame>
        <frame>
          <fileName from="mapzdarkfb">f1b.png</fileName>
        </frame>
        <frame>
          <fileName></fileName>
        </frame>
      </frames>
      <coordinates>910;186,1358;282,1454;154</coordinates>
      <speed>5</speed>
    </image>
    <image>
      <frames>
        <frame>
          <fileName>f5a.png</fileName>
        </frame>
        <frame>
          <fileName>f5b.png</fileName>
        </frame>
        <frame>
          <fileName></fileName>
        </frame>
      </frames>
      <left>1358</left>
      <top>26</top>
      <speed>5</speed>
    </image>
    <image>
      <frames>
        <frame>
          <fileName>f6a.png</fileName>
        </frame>
        <frame>
          <fileName>f6b.png</fileName>
        </frame>
        <frame>
          <fileName></fileName>
        </frame>
      </frames>
      <left>1134</left>
      <top>314</top>
      <speed>5</speed>
    </image>
    <image>
      <frames>
        <frame>
          <fileName from="mapzdarkfb">f4a.png</fileName>
        </frame>
        <frame>
          <fileName from="mapzdarkfb">f4b.png</fileName>
        </frame>
        <frame>
          <fileName></fileName>
        </frame>
      </frames>
      <coordinates>1358;314,654;250</coordinates>
      <speed>5</speed>
    </image>
    <image>
      <frames>
        <frame>
          <fileName>f8a.png</fileName>
        </frame>
        <frame>
          <fileName>f8b.png</fileName>
        </frame>
        <frame>
          <fileName></fileName>
        </frame>
      </frames>
      <left>750</left>
      <top>538</top>
      <speed>5</speed>
    </image>
    <image>
      <frames>
        <frame>
          <fileName>water1.png</fileName>
        </frame>
        <frame>
          <fileName>water2.png</fileName>
        </frame>
        <frame>
          <fileName></fileName>
        </frame>
      </frames>
      <left>1127</left>
      <top>116</top>
      <speed>5</speed>
    </image>
    <image>
      <frames>
        <frameCollection>
          <frame>
            <fileName>dsoldier12r.png</fileName>
          </frame>
          <frame>
            <fileName>dsoldier10r.png</fileName>
          </frame>
          <frame>
            <fileName>dsoldier13r.png</fileName>
          </frame>
          <frame>
            <fileName>dsoldier11r.png</fileName>
          </frame>
        </frameCollection>
        <frameCollection>
          <frame>
            <fileName>dsoldier12r.png</fileName>
          </frame>
          <frame>
            <fileName>dsoldier14r.png</fileName>
          </frame>
          <frame>
            <fileName>dsoldier12r.png</fileName>
          </frame>
          <frame>
            <fileName>dsoldier15r.png</fileName>
          </frame>
          <repeatThisLoopForTimes>2</repeatThisLoopForTimes>
        </frameCollection>
        <frameCollection>
          <frame>
            <fileName>dsoldier7r.png</fileName>
          </frame>
          <frame>
            <fileName>dsoldier16r.png</fileName>
          </frame>
          <frame>
            <fileName>dsoldier7r.png</fileName>
          </frame>
          <frame>
            <fileName>dsoldier17r.png</fileName>
          </frame>
          <repeatThisLoopForTimes>2</repeatThisLoopForTimes>
        </frameCollection>
        <frameCollection>
          <frame>
            <fileName>dsoldier6r.png</fileName>
          </frame>
          <frame>
            <fileName>dsoldier7r.png</fileName>
          </frame>
          <frame>
            <fileName>dsoldier8r.png</fileName>
          </frame>
          <frame>
            <fileName>dsoldier9r.png</fileName>
          </frame>
        </frameCollection>
        <frameCollection>
          <frame>
            <fileName>dsoldier1r.png</fileName>
          </frame>
          <frame>
            <fileName>dsoldier4r.png</fileName>
          </frame>
          <frame>
            <fileName>dsoldier1r.png</fileName>
          </frame>
          <frame>
            <fileName>dsoldier5r.png</fileName>
          </frame>
          <repeatThisLoopForTimes>2</repeatThisLoopForTimes>
        </frameCollection>
        <frameCollection>
          <frame>
            <fileName>dsoldier1r.png</fileName>
          </frame>
          <frame>
            <fileName>dsoldier3r.png</fileName>
          </frame>
          <frame>
            <fileName>dsoldier1r.png</fileName>
          </frame>
          <frame>
            <fileName>dsoldier2r.png</fileName>
          </frame>
        </frameCollection>
        <!--<defaultFrameCollection>5</defaultFrameCollection>-->
      </frames>
      <moveAnimation>
        <iniTop>164</iniTop>
        <maxTop>304</maxTop>
        <pixelsMoveTop>2</pixelsMoveTop>
      </moveAnimation>
      <events>
        <event>
          <eventType>MoveAnimationMaxTopReached</eventType>
          <eventActions>
            <eventAction>StopMove</eventAction>
            <eventAction>ChangeFrameCollection</eventAction>
            <eventAction>ChangeSpeedAnimation</eventAction>
          </eventActions>
          <newSpeedAnimation>24</newSpeedAnimation>
          <whenFrameCollectionIndexIs>3</whenFrameCollectionIndexIs>
          <changeFrameCollectionIndexTo>2</changeFrameCollectionIndexTo>
        </event>
        <event>
          <eventType>FrameAnimationRepeatLoopEnds</eventType>
          <eventActions>
            <eventAction>ResumeMove</eventAction>
            <eventAction>ChangeFrameCollection</eventAction>
            <eventAction>ChangeSpeedAnimation</eventAction>
          </eventActions>
          <newSpeedAnimation>4</newSpeedAnimation>
          <whenFrameCollectionIndexIs>2</whenFrameCollectionIndexIs>
          <changeFrameCollectionIndexTo>0</changeFrameCollectionIndexTo>
        </event>
        <event>
          <eventType>FrameAnimationRepeatLoopEnds</eventType>
          <eventActions>
            <eventAction>ResumeMove</eventAction>
            <eventAction>ChangeFrameCollection</eventAction>
            <eventAction>ChangeSpeedAnimation</eventAction>
          </eventActions>
          <newSpeedAnimation>4</newSpeedAnimation>
          <whenFrameCollectionIndexIs>1</whenFrameCollectionIndexIs>
          <changeFrameCollectionIndexTo>3</changeFrameCollectionIndexTo>
        </event>
        <event>
          <eventType>MoveAnimationMaxBottomReached</eventType>
          <eventActions>
            <eventAction>StopMove</eventAction>
            <eventAction>ChangeFrameCollection</eventAction>
            <eventAction>ChangeSpeedAnimation</eventAction>
          </eventActions>
          <newSpeedAnimation>24</newSpeedAnimation>
          <whenFrameCollectionIndexIs>0</whenFrameCollectionIndexIs>
          <changeFrameCollectionIndexTo>1</changeFrameCollectionIndexTo>
        </event>
      </events>
      <left>864</left>
      <top>150</top>
      <speed>4</speed>
    </image>
    <image>
      <frames>
        <frameCollection>
          <frame>
            <fileName>dsoldier12.png</fileName>
          </frame>
          <frame>
            <fileName>dsoldier10.png</fileName>
          </frame>
          <frame>
            <fileName>dsoldier13.png</fileName>
          </frame>
          <frame>
            <fileName>dsoldier11.png</fileName>
          </frame>
        </frameCollection>
        <frameCollection>
          <frame>
            <fileName>dsoldier12.png</fileName>
          </frame>
          <frame>
            <fileName>dsoldier14.png</fileName>
          </frame>
          <frame>
            <fileName>dsoldier12.png</fileName>
          </frame>
          <frame>
            <fileName>dsoldier15.png</fileName>
          </frame>
          <repeatThisLoopForTimes>2</repeatThisLoopForTimes>
        </frameCollection>
        <frameCollection>
          <frame>
            <fileName>dsoldier7.png</fileName>
          </frame>
          <frame>
            <fileName>dsoldier16.png</fileName>
          </frame>
          <frame>
            <fileName>dsoldier7.png</fileName>
          </frame>
          <frame>
            <fileName>dsoldier17.png</fileName>
          </frame>
          <repeatThisLoopForTimes>2</repeatThisLoopForTimes>
        </frameCollection>
        <frameCollection>
          <frame>
            <fileName>dsoldier6.png</fileName>
          </frame>
          <frame>
            <fileName>dsoldier7.png</fileName>
          </frame>
          <frame>
            <fileName>dsoldier8.png</fileName>
          </frame>
          <frame>
            <fileName>dsoldier9.png</fileName>
          </frame>
        </frameCollection>
        <frameCollection>
          <frame>
            <fileName>dsoldier1.png</fileName>
          </frame>
          <frame>
            <fileName>dsoldier4.png</fileName>
          </frame>
          <frame>
            <fileName>dsoldier1.png</fileName>
          </frame>
          <frame>
            <fileName>dsoldier5.png</fileName>
          </frame>
          <repeatThisLoopForTimes>2</repeatThisLoopForTimes>
        </frameCollection>
        <frameCollection>
          <frame>
            <fileName>dsoldier1.png</fileName>
          </frame>
          <frame>
            <fileName>dsoldier3.png</fileName>
          </frame>
          <frame>
            <fileName>dsoldier1.png</fileName>
          </frame>
          <frame>
            <fileName>dsoldier2.png</fileName>
          </frame>
        </frameCollection>
      </frames>
      <moveAnimation>
        <iniTop>192</iniTop>
        <maxTop>382</maxTop>
        <pixelsMoveLeft>0</pixelsMoveLeft>
        <pixelsMoveTop>2</pixelsMoveTop>
      </moveAnimation>
      <events>
        <event>
          <eventType>MoveAnimationMaxBottomReached</eventType>
          <eventActions>
            <eventAction>StopMove</eventAction>
            <eventAction>ChangeFrameCollection</eventAction>
            <eventAction>ChangeSpeedAnimation</eventAction>
          </eventActions>
          <newSpeedAnimation>24</newSpeedAnimation>
          <whenFrameCollectionIndexIs>0</whenFrameCollectionIndexIs>
          <changeFrameCollectionIndexTo>1</changeFrameCollectionIndexTo>
        </event>
        <event>
          <eventType>FrameAnimationRepeatLoopEnds</eventType>
          <eventActions>
            <eventAction>ResumeMove</eventAction>
            <eventAction>ChangeFrameCollection</eventAction>
            <eventAction>ChangeSpeedAnimation</eventAction>
            <eventAction>UpdateMoveAnimation</eventAction>
            <eventAction>FlipImage</eventAction>
          </eventActions>
          <newSpeedAnimation>4</newSpeedAnimation>
          <whenFrameCollectionIndexIs>1</whenFrameCollectionIndexIs>
          <changeFrameCollectionIndexTo>5</changeFrameCollectionIndexTo>
          <newMoveAnimation>
            <iniLeft>1200</iniLeft>
            <maxLeft>1338</maxLeft>
            <pixelsMoveLeft>-2</pixelsMoveLeft>
            <pixelsMoveTop>0</pixelsMoveTop>
          </newMoveAnimation>
        </event>
        <event>
          <eventType>MoveAnimationMaxLeftReached</eventType>
          <eventActions>
            <eventAction>StopMove</eventAction>
            <eventAction>ChangeFrameCollection</eventAction>
            <eventAction>ChangeSpeedAnimation</eventAction>
            <eventAction>ChangeCustomCondition</eventAction>
          </eventActions>
          <newCustomCondition>toRight</newCustomCondition>
          <newSpeedAnimation>24</newSpeedAnimation>
          <whenFrameCollectionIndexIs>5</whenFrameCollectionIndexIs>
          <changeFrameCollectionIndexTo>4</changeFrameCollectionIndexTo>
        </event>
        <event>
          <eventType>FrameAnimationRepeatLoopEnds</eventType>
          <eventActions>
            <eventAction>ResumeMove</eventAction>
            <eventAction>ChangeFrameCollection</eventAction>
            <eventAction>ChangeSpeedAnimation</eventAction>
            <eventAction>FlipImage</eventAction>
          </eventActions>
          <newSpeedAnimation>4</newSpeedAnimation>
          <whenFrameCollectionIndexIs>4</whenFrameCollectionIndexIs>
          <whenCustomConditionIs>toRight</whenCustomConditionIs>
          <changeFrameCollectionIndexTo>5</changeFrameCollectionIndexTo>
        </event>
        <event>
          <eventType>MoveAnimationMaxRightReached</eventType>
          <eventActions>
            <eventAction>StopMove</eventAction>
            <eventAction>ChangeFrameCollection</eventAction>
            <eventAction>ChangeSpeedAnimation</eventAction>
            <eventAction>ChangeCustomCondition</eventAction>
          </eventActions>
          <newCustomCondition>toUp</newCustomCondition>
          <newSpeedAnimation>24</newSpeedAnimation>
          <whenFrameCollectionIndexIs>5</whenFrameCollectionIndexIs>
          <changeFrameCollectionIndexTo>4</changeFrameCollectionIndexTo>
        </event>
        <event>
          <eventType>FrameAnimationRepeatLoopEnds</eventType>
          <eventActions>
            <eventAction>ResumeMove</eventAction>
            <eventAction>ChangeFrameCollection</eventAction>
            <eventAction>ChangeSpeedAnimation</eventAction>
            <eventAction>UpdateMoveAnimation</eventAction>
          </eventActions>
          <newSpeedAnimation>4</newSpeedAnimation>
          <whenFrameCollectionIndexIs>4</whenFrameCollectionIndexIs>
          <whenCustomConditionIs>toUp</whenCustomConditionIs>
          <changeFrameCollectionIndexTo>3</changeFrameCollectionIndexTo>
          <newMoveAnimation>
            <iniTop>192</iniTop>
            <maxTop>382</maxTop>
            <pixelsMoveLeft>0</pixelsMoveLeft>
            <pixelsMoveTop>2</pixelsMoveTop>
          </newMoveAnimation>
        </event>
        <event>
          <eventType>MoveAnimationMaxTopReached</eventType>
          <eventActions>
            <eventAction>StopMove</eventAction>
            <eventAction>ChangeFrameCollection</eventAction>
            <eventAction>ChangeSpeedAnimation</eventAction>
          </eventActions>
          <newSpeedAnimation>24</newSpeedAnimation>
          <whenFrameCollectionIndexIs>3</whenFrameCollectionIndexIs>
          <changeFrameCollectionIndexTo>2</changeFrameCollectionIndexTo>
        </event>
        <event>
          <eventType>FrameAnimationRepeatLoopEnds</eventType>
          <eventActions>
            <eventAction>ResumeMove</eventAction>
            <eventAction>ChangeFrameCollection</eventAction>
            <eventAction>ChangeSpeedAnimation</eventAction>
          </eventActions>
          <newSpeedAnimation>4</newSpeedAnimation>
          <whenFrameCollectionIndexIs>2</whenFrameCollectionIndexIs>
          <changeFrameCollectionIndexTo>0</changeFrameCollectionIndexTo>
        </event>
        <defaultCustomCondition>toRight</defaultCustomCondition>
      </events>
      <left>1338</left>
      <top>370</top>
      <speed>4</speed>
    </image>
    <image>
      <frames>
        <reUseTagFramesFromPreviousImage>true</reUseTagFramesFromPreviousImage>
      </frames>
      <moveAnimation>
        <iniTop>242</iniTop>
        <maxTop>352</maxTop>
        <pixelsMoveLeft>0</pixelsMoveLeft>
        <pixelsMoveTop>2</pixelsMoveTop>
      </moveAnimation>
      <events>
        <event>
          <eventType>MoveAnimationMaxBottomReached</eventType>
          <eventActions>
            <eventAction>StopMove</eventAction>
            <eventAction>ChangeFrameCollection</eventAction>
            <eventAction>ChangeSpeedAnimation</eventAction>
          </eventActions>
          <newSpeedAnimation>24</newSpeedAnimation>
          <whenFrameCollectionIndexIs>0</whenFrameCollectionIndexIs>
          <changeFrameCollectionIndexTo>1</changeFrameCollectionIndexTo>
        </event>
        <event>
          <eventType>FrameAnimationRepeatLoopEnds</eventType>
          <eventActions>
            <eventAction>ResumeMove</eventAction>
            <eventAction>ChangeFrameCollection</eventAction>
            <eventAction>ChangeSpeedAnimation</eventAction>
            <eventAction>UpdateMoveAnimation</eventAction>
          </eventActions>
          <newSpeedAnimation>4</newSpeedAnimation>
          <whenFrameCollectionIndexIs>1</whenFrameCollectionIndexIs>
          <changeFrameCollectionIndexTo>5</changeFrameCollectionIndexTo>
          <newMoveAnimation>
            <iniLeft>1106</iniLeft>
            <maxLeft>1276</maxLeft>
            <pixelsMoveLeft>2</pixelsMoveLeft>
            <pixelsMoveTop>0</pixelsMoveTop>
          </newMoveAnimation>
        </event>
        <event>
          <eventType>MoveAnimationMaxRightReached</eventType>
          <eventActions>
            <eventAction>StopMove</eventAction>
            <eventAction>ChangeFrameCollection</eventAction>
            <eventAction>ChangeSpeedAnimation</eventAction>
            <eventAction>ChangeCustomCondition</eventAction>
          </eventActions>
          <newCustomCondition>toLeft</newCustomCondition>
          <newSpeedAnimation>24</newSpeedAnimation>
          <whenFrameCollectionIndexIs>5</whenFrameCollectionIndexIs>
          <changeFrameCollectionIndexTo>4</changeFrameCollectionIndexTo>
        </event>
        <event>
          <eventType>FrameAnimationRepeatLoopEnds</eventType>
          <eventActions>
            <eventAction>ResumeMove</eventAction>
            <eventAction>ChangeFrameCollection</eventAction>
            <eventAction>ChangeSpeedAnimation</eventAction>
            <eventAction>FlipImage</eventAction>
          </eventActions>
          <newSpeedAnimation>4</newSpeedAnimation>
          <whenFrameCollectionIndexIs>4</whenFrameCollectionIndexIs>
          <whenCustomConditionIs>toLeft</whenCustomConditionIs>
          <changeFrameCollectionIndexTo>5</changeFrameCollectionIndexTo>
        </event>
        <event>
          <eventType>MoveAnimationMaxLeftReached</eventType>
          <eventActions>
            <eventAction>StopMove</eventAction>
            <eventAction>ChangeFrameCollection</eventAction>
            <eventAction>ChangeSpeedAnimation</eventAction>
            <eventAction>ChangeCustomCondition</eventAction>
          </eventActions>
          <newCustomCondition>toUp</newCustomCondition>
          <newSpeedAnimation>24</newSpeedAnimation>
          <whenFrameCollectionIndexIs>5</whenFrameCollectionIndexIs>
          <changeFrameCollectionIndexTo>4</changeFrameCollectionIndexTo>
        </event>
        <event>
          <eventType>FrameAnimationRepeatLoopEnds</eventType>
          <eventActions>
            <eventAction>ResumeMove</eventAction>
            <eventAction>ChangeFrameCollection</eventAction>
            <eventAction>ChangeSpeedAnimation</eventAction>
            <eventAction>UpdateMoveAnimation</eventAction>
            <eventAction>FlipImage</eventAction>
          </eventActions>
          <newSpeedAnimation>4</newSpeedAnimation>
          <whenFrameCollectionIndexIs>4</whenFrameCollectionIndexIs>
          <whenCustomConditionIs>toUp</whenCustomConditionIs>
          <changeFrameCollectionIndexTo>3</changeFrameCollectionIndexTo>
          <newMoveAnimation>
            <iniTop>242</iniTop>
            <maxTop>352</maxTop>
            <pixelsMoveLeft>0</pixelsMoveLeft>
            <pixelsMoveTop>-2</pixelsMoveTop>
          </newMoveAnimation>
        </event>
        <event>
          <eventType>MoveAnimationMaxTopReached</eventType>
          <eventActions>
            <eventAction>StopMove</eventAction>
            <eventAction>ChangeFrameCollection</eventAction>
            <eventAction>ChangeSpeedAnimation</eventAction>
          </eventActions>
          <newSpeedAnimation>24</newSpeedAnimation>
          <whenFrameCollectionIndexIs>3</whenFrameCollectionIndexIs>
          <changeFrameCollectionIndexTo>2</changeFrameCollectionIndexTo>
        </event>
        <event>
          <eventType>FrameAnimationRepeatLoopEnds</eventType>
          <eventActions>
            <eventAction>ResumeMove</eventAction>
            <eventAction>ChangeFrameCollection</eventAction>
            <eventAction>ChangeSpeedAnimation</eventAction>
          </eventActions>
          <newSpeedAnimation>4</newSpeedAnimation>
          <whenFrameCollectionIndexIs>2</whenFrameCollectionIndexIs>
          <changeFrameCollectionIndexTo>0</changeFrameCollectionIndexTo>
        </event>
        <defaultCustomCondition>toLeft</defaultCustomCondition>
      </events>
      <left>1106</left>
      <top>250</top>
      <speed>4</speed>
    </image>
    <image>
      <frames>
        <frameCollection>
          <frame>
            <fileName from="mapzdarkfb">ene1c.png</fileName>
            <delay>3</delay>
          </frame>
          <frame>
            <fileName from="mapzdarkfb">ene1d.png</fileName>
          </frame>
        </frameCollection>
        <frameCollection>
          <frame>
            <fileName from="mapzdarkfb">ene1e.png</fileName>
            <delay>5</delay>
          </frame>
        </frameCollection>
        <frameCollection>
          <frame>
            <fileName from="mapzdarkfb">ene1m.png</fileName>
            <delay>5</delay>
          </frame>
        </frameCollection>
        <frameCollection>
          <frame>
            <fileName from="mapzdarkfb">ene1g.png</fileName>
            <delay>5</delay>
          </frame>
        </frameCollection>
        <frameCollection>
          <frame>
            <fileName from="mapzdarkfb">ene1h.png</fileName>
            <delay>3</delay>
          </frame>
          <frame>
            <fileName from="mapzdarkfb">ene1i.png</fileName>
          </frame>
        </frameCollection>
        <frameCollection>
          <frame>
            <fileName from="mapzdarkfb">ene1a.png</fileName>
            <delay>3</delay>
          </frame>
          <frame>
            <fileName from="mapzdarkfb">ene1b.png</fileName>
          </frame>
        </frameCollection>
        <frameCollection>
          <frame>
            <fileName from="mapzdarkfb">ene1k.png</fileName>
            <delay>5</delay>
          </frame>
        </frameCollection>
        <frameCollection>
          <frame>
            <fileName from="mapzdarkfb">ene1f.png</fileName>
            <delay>5</delay>
          </frame>
        </frameCollection>
        <frameCollection>
          <frame>
            <fileName from="mapzdarkfb">ene1l.png</fileName>
            <delay>5</delay>
          </frame>
        </frameCollection>
        <frameCollection>
          <frame>
            <fileName from="mapzdarkfb">ene1s.png</fileName>
            <delay>5</delay>
          </frame>
        </frameCollection>
        <frameCollection>
          <frame>
            <fileName from="mapzdarkfb">ene1n.png</fileName>
          </frame>
        </frameCollection>
        <frameCollection>
          <frame>
            <fileName from="mapzdarkfb">ene1p.png</fileName>
          </frame>
          <frame>
            <fileName from="mapzdarkfb">ene1q.png</fileName>
          </frame>
        </frameCollection>
        <framesAnimationSpeed>3</framesAnimationSpeed>
        <defaultFrameCollection>5</defaultFrameCollection>
      </frames>
      <moveAnimation>
        <iniTop>40</iniTop>
        <maxTop>210</maxTop>
        <pixelsMoveTop>2</pixelsMoveTop>
        <pixelsMoveLeft>0</pixelsMoveLeft>
      </moveAnimation>
      <events>
        <event>
          <eventType>MoveAnimationMaxTopReached</eventType>
          <eventActions>
            <eventAction>ChangeFrameCollection</eventAction>
            <eventAction>StopMove</eventAction>
          </eventActions>
          <whenFrameCollectionIndexIs>4</whenFrameCollectionIndexIs>
          <changeFrameCollectionIndexTo>9</changeFrameCollectionIndexTo>
        </event>
        <event>
          <eventType>FrameAnimationLoopEnds</eventType>
          <eventActions>
            <eventAction>ResumeMove</eventAction>
            <eventAction>ChangeFrameCollection</eventAction>
          </eventActions>
          <whenFrameCollectionIndexIs>9</whenFrameCollectionIndexIs>
          <changeFrameCollectionIndexTo>5</changeFrameCollectionIndexTo>
        </event>
        <event>
          <eventType>MoveAnimationMaxBottomReached</eventType>
          <eventActions>
            <eventAction>ChangeFrameCollection</eventAction>
          </eventActions>
          <whenFrameCollectionIndexIs>5</whenFrameCollectionIndexIs>
          <changeFrameCollectionIndexTo>4</changeFrameCollectionIndexTo>
        </event>
      </events>
      <left>48</left>
      <top>40</top>
    </image>
    <image>
      <frames>
        <reUseTagFramesFromPreviousImage>true</reUseTagFramesFromPreviousImage>
        <framesAnimationSpeed>3</framesAnimationSpeed>
        <!--<defaultFrameCollection>4</defaultFrameCollection>-->
      </frames>
      <moveAnimation>
        <iniLeft>1174</iniLeft>
        <!--<iniTop>110</iniTop>-->
        <maxLeft>1280</maxLeft>
        <!--<maxTop>122</maxTop>-->
        <pixelsMoveTop>0</pixelsMoveTop>
        <pixelsMoveLeft>2</pixelsMoveLeft>
      </moveAnimation>
      <flipImage>Horizontal</flipImage>
      <events>
        <event>
          <eventType>MoveAnimationMaxRightReached</eventType>
          <eventActions>
            <eventAction>StopMove</eventAction>
            <eventAction>ChangeFrameCollection</eventAction>
            <eventAction>UpdateMoveAnimation</eventAction>
            <eventAction>ChangeCustomCondition</eventAction>
          </eventActions>
          <newMoveAnimation>
            <!--<iniLeft>170</iniLeft>-->
            <iniTop>438</iniTop>
            <!--<maxLeft>312</maxLeft>-->
            <maxTop>524</maxTop>
            <pixelsMoveTop>-2</pixelsMoveTop>
            <pixelsMoveLeft>0</pixelsMoveLeft>
            <moveAnimationStop>true</moveAnimationStop>
          </newMoveAnimation>
          <newCustomCondition>ready</newCustomCondition>
          <whenFrameCollectionIndexIs>0</whenFrameCollectionIndexIs>
          <changeFrameCollectionIndexTo>3</changeFrameCollectionIndexTo>
        </event>
        <event>
          <eventType>FrameAnimationLoopEnds</eventType>
          <eventActions>
            <eventAction>ResumeMove</eventAction>
            <eventAction>FlipImage</eventAction>
            <eventAction>ChangeFrameCollection</eventAction>
          </eventActions>
          <whenFrameCollectionIndexIs>3</whenFrameCollectionIndexIs>
          <changeFrameCollectionIndexTo>4</changeFrameCollectionIndexTo>
        </event>
        <event>
          <eventType>MoveAnimationMaxTopReached</eventType>
          <eventActions>
            <eventAction>ChangeFrameCollection</eventAction>
            <eventAction>StopMove</eventAction>
          </eventActions>
          <whenFrameCollectionIndexIs>4</whenFrameCollectionIndexIs>
          <changeFrameCollectionIndexTo>9</changeFrameCollectionIndexTo>
        </event>
        <event>
          <eventType>FrameAnimationLoopEnds</eventType>
          <eventActions>
            <eventAction>ResumeMove</eventAction>
            <eventAction>ChangeFrameCollection</eventAction>
          </eventActions>
          <whenFrameCollectionIndexIs>9</whenFrameCollectionIndexIs>
          <changeFrameCollectionIndexTo>5</changeFrameCollectionIndexTo>
        </event>
        <event>
          <eventType>MoveAnimationMaxBottomReached</eventType>
          <eventActions>
            <eventAction>StopMove</eventAction>
            <eventAction>ChangeFrameCollection</eventAction>
            <eventAction>UpdateMoveAnimation</eventAction>
          </eventActions>
          <newMoveAnimation>
            <iniLeft>1174</iniLeft>
            <!--<iniTop>110</iniTop>-->
            <maxLeft>1280</maxLeft>
            <!--<maxTop>122</maxTop>-->
            <pixelsMoveTop>0</pixelsMoveTop>
            <pixelsMoveLeft>-2</pixelsMoveLeft>
            <moveAnimationStop>true</moveAnimationStop>
          </newMoveAnimation>
          <whenFrameCollectionIndexIs>5</whenFrameCollectionIndexIs>
          <changeFrameCollectionIndexTo>8</changeFrameCollectionIndexTo>
        </event>
        <event>
          <eventType>FrameAnimationLoopEnds</eventType>
          <eventActions>
            <eventAction>ResumeMove</eventAction>
            <eventAction>ChangeFrameCollection</eventAction>
          </eventActions>
          <whenFrameCollectionIndexIs>8</whenFrameCollectionIndexIs>
          <changeFrameCollectionIndexTo>0</changeFrameCollectionIndexTo>
        </event>
        <event>
          <eventType>MoveAnimationMaxLeftReached</eventType>
          <eventActions>
            <eventAction>StopMove</eventAction>
            <eventAction>ChangeFrameCollection</eventAction>
          </eventActions>
          <whenFrameCollectionIndexIs>0</whenFrameCollectionIndexIs>
          <changeFrameCollectionIndexTo>1</changeFrameCollectionIndexTo>
        </event>
        <event>
          <eventType>FrameAnimationLoopEnds</eventType>
          <eventActions>
            <eventAction>FlipImage</eventAction>
            <eventAction>ResumeMove</eventAction>
            <eventAction>ChangeFrameCollection</eventAction>
          </eventActions>
          <whenFrameCollectionIndexIs>1</whenFrameCollectionIndexIs>
          <changeFrameCollectionIndexTo>0</changeFrameCollectionIndexTo>
        </event>
        <event>
          <eventType>TriggerActionByPosition</eventType>
          <eventActions>
            <eventAction>StopMove</eventAction>
            <eventAction>ChangeFrameCollection</eventAction>
          </eventActions>
          <whenCustomConditionIs>ready</whenCustomConditionIs>
          <changeFrameCollectionIndexTo>11</changeFrameCollectionIndexTo>
          <whenCurrentPositionIs>1262;524</whenCurrentPositionIs>
        </event>
        <event>
          <eventType>TriggerActionByCurrentFrame</eventType>
          <eventActions>
            <eventAction>EditAnimationByID</eventAction>
            <eventAction>StopAnimation</eventAction>
            <eventAction>ChangeCustomCondition</eventAction>
          </eventActions>
          <editAnimationByIDOptions>
            <option>
              <imageID>arrow2</imageID>
              <editActions>
                <editAction>ResumeMove</editAction>
                <editAction>ChangeVisibleValue</editAction>
              </editActions>
              <newVisibleValue>true</newVisibleValue>
            </option>
          </editAnimationByIDOptions>
          <whenCurrentFrameIndexIs>1</whenCurrentFrameIndexIs>
          <whenFrameCollectionIndexIs>11</whenFrameCollectionIndexIs>
          <newCustomCondition>stoppped</newCustomCondition>
        </event>
        <defaultCustomCondition>stoppped</defaultCustomCondition>
      </events>
      <left>1200</left>
      <top>524</top>
      <id>ene2</id>
    </image>
    <image>
      <frames>
        <reUseTagFramesFromPreviousImage>true</reUseTagFramesFromPreviousImage>
        <framesAnimationSpeed>3</framesAnimationSpeed>
        <defaultFrameCollection>4</defaultFrameCollection>
      </frames>
      <moveAnimation>
        <iniTop>318</iniTop>
        <maxTop>508</maxTop>
        <pixelsMoveTop>-2</pixelsMoveTop>
        <pixelsMoveLeft>0</pixelsMoveLeft>
      </moveAnimation>
      <events>
        <event>
          <eventType>MoveAnimationMaxTopReached</eventType>
          <eventActions>
            <eventAction>ChangeFrameCollection</eventAction>
            <eventAction>StopMove</eventAction>
          </eventActions>
          <whenFrameCollectionIndexIs>4</whenFrameCollectionIndexIs>
          <changeFrameCollectionIndexTo>9</changeFrameCollectionIndexTo>
        </event>
        <event>
          <eventType>FrameAnimationLoopEnds</eventType>
          <eventActions>
            <eventAction>ResumeMove</eventAction>
            <eventAction>ChangeFrameCollection</eventAction>
          </eventActions>
          <whenFrameCollectionIndexIs>9</whenFrameCollectionIndexIs>
          <changeFrameCollectionIndexTo>5</changeFrameCollectionIndexTo>
        </event>
        <event>
          <eventType>MoveAnimationMaxBottomReached</eventType>
          <eventActions>
            <eventAction>ChangeFrameCollection</eventAction>
          </eventActions>
          <whenFrameCollectionIndexIs>5</whenFrameCollectionIndexIs>
          <changeFrameCollectionIndexTo>4</changeFrameCollectionIndexTo>
        </event>
      </events>
      <left>100</left>
      <top>400</top>
    </image>
    <image>
      <frames>
        <reUseTagFramesFromPreviousImage>true</reUseTagFramesFromPreviousImage>
        <framesAnimationSpeed>3</framesAnimationSpeed>
        <defaultFrameCollection>5</defaultFrameCollection>
      </frames>
      <moveAnimation>
        <iniTop>394</iniTop>
        <maxTop>484</maxTop>
        <pixelsMoveTop>2</pixelsMoveTop>
        <pixelsMoveLeft>0</pixelsMoveLeft>
      </moveAnimation>
      <events>
        <event>
          <eventType>MoveAnimationMaxTopReached</eventType>
          <eventActions>
            <eventAction>ChangeFrameCollection</eventAction>
            <eventAction>StopMove</eventAction>
          </eventActions>
          <whenFrameCollectionIndexIs>4</whenFrameCollectionIndexIs>
          <changeFrameCollectionIndexTo>9</changeFrameCollectionIndexTo>
        </event>
        <event>
          <eventType>FrameAnimationLoopEnds</eventType>
          <eventActions>
            <eventAction>ResumeMove</eventAction>
            <eventAction>ChangeFrameCollection</eventAction>
          </eventActions>
          <whenFrameCollectionIndexIs>9</whenFrameCollectionIndexIs>
          <changeFrameCollectionIndexTo>5</changeFrameCollectionIndexTo>
        </event>
        <event>
          <eventType>MoveAnimationMaxBottomReached</eventType>
          <eventActions>
            <eventAction>ChangeFrameCollection</eventAction>
          </eventActions>
          <whenFrameCollectionIndexIs>5</whenFrameCollectionIndexIs>
          <changeFrameCollectionIndexTo>4</changeFrameCollectionIndexTo>
        </event>
      </events>
      <left>1152</left>
      <top>400</top>
    </image>
    <image>
      <frames>
        <reUseTagFramesFromPreviousImage>true</reUseTagFramesFromPreviousImage>
        <framesAnimationSpeed>3</framesAnimationSpeed>
        <!--<defaultFrameCollection>5</defaultFrameCollection>-->
      </frames>
      <moveAnimation>
        <iniLeft>708</iniLeft>
        <maxLeft>944</maxLeft>
        <pixelsMoveTop>0</pixelsMoveTop>
        <pixelsMoveLeft>-2</pixelsMoveLeft>
      </moveAnimation>
      <events>
        <event>
          <eventType>MoveAnimationMaxLeftReached</eventType>
          <eventActions>
            <eventAction>StopMove</eventAction>
            <eventAction>ChangeFrameCollection</eventAction>
          </eventActions>
          <changeFrameCollectionIndexTo>1</changeFrameCollectionIndexTo>
        </event>
        <event>
          <eventType>FrameAnimationLoopEnds</eventType>
          <eventActions>
            <eventAction>ResumeMove</eventAction>
            <eventAction>ChangeFrameCollection</eventAction>
            <eventAction>FlipImage</eventAction>
          </eventActions>
          <whenFrameCollectionIndexIs>1</whenFrameCollectionIndexIs>
          <changeFrameCollectionIndexTo>0</changeFrameCollectionIndexTo>
        </event>
        <event>
          <eventType>MoveAnimationMaxRightReached</eventType>
          <eventActions>
            <eventAction>StopMove</eventAction>
            <eventAction>ChangeFrameCollection</eventAction>
          </eventActions>
          <changeFrameCollectionIndexTo>1</changeFrameCollectionIndexTo>
        </event>
      </events>
      <left>800</left>
      <top>342</top>
    </image>
    <image>
      <frames>
        <reUseTagFramesFromPreviousImage>true</reUseTagFramesFromPreviousImage>
        <framesAnimationSpeed>3</framesAnimationSpeed>
        <!--<defaultFrameCollection>5</defaultFrameCollection>-->
      </frames>
      <moveAnimation>
        <iniLeft>744</iniLeft>
        <maxLeft>1034</maxLeft>
        <pixelsMoveTop>0</pixelsMoveTop>
        <pixelsMoveLeft>2</pixelsMoveLeft>
      </moveAnimation>
      <events>
        <event>
          <eventType>MoveAnimationMaxLeftReached</eventType>
          <eventActions>
            <eventAction>StopMove</eventAction>
            <eventAction>ChangeFrameCollection</eventAction>
          </eventActions>
          <changeFrameCollectionIndexTo>1</changeFrameCollectionIndexTo>
        </event>
        <event>
          <eventType>FrameAnimationLoopEnds</eventType>
          <eventActions>
            <eventAction>ResumeMove</eventAction>
            <eventAction>ChangeFrameCollection</eventAction>
            <eventAction>FlipImage</eventAction>
          </eventActions>
          <whenFrameCollectionIndexIs>1</whenFrameCollectionIndexIs>
          <changeFrameCollectionIndexTo>0</changeFrameCollectionIndexTo>
        </event>
        <event>
          <eventType>MoveAnimationMaxRightReached</eventType>
          <eventActions>
            <eventAction>StopMove</eventAction>
            <eventAction>ChangeFrameCollection</eventAction>
          </eventActions>
          <changeFrameCollectionIndexTo>1</changeFrameCollectionIndexTo>
        </event>
      </events>
      <flipImage>Horizontal</flipImage>
      <left>900</left>
      <top>388</top>
    </image>
    <image>
      <fileName from="mapzdarkfb">ene1r.png</fileName>
      <moveAnimation>
        <iniLeft>1144</iniLeft>
        <maxLeft>1262</maxLeft>
        <pixelsMoveLeft>-4</pixelsMoveLeft>
        <returnToTheBeginning>true</returnToTheBeginning>
        <moveAnimationStop>true</moveAnimationStop>
      </moveAnimation>
      <events>
        <event>
          <eventType>MoveAnimationMaxLeftReached</eventType>
          <eventActions>
            <eventAction>StopMove</eventAction>
            <eventAction>ChangeVisibleValue</eventAction>
          </eventActions>
          <newVisibleValue>false</newVisibleValue>
        </event>
        <event>
          <eventType>TriggerActionByPosition</eventType>
          <eventActions>
            <eventAction>ChangeFrameCollection</eventAction>
            <eventAction>ResumeAnimationAndMove</eventAction>
          </eventActions>
          <ids>ene2</ids>
          <changeFrameCollectionIndexTo>0</changeFrameCollectionIndexTo>
          <whenCurrentPositionIs>1186;524</whenCurrentPositionIs>
        </event>
      </events>
      <left>1262</left>
      <top>524</top>
      <speed>1</speed>
      <visible>false</visible>
      <id>arrow2</id>
    </image>
    <image>
      <frames>
        <frameCollection>
          <frame>
            <fileName>dchicken2.png</fileName>
          </frame>
          <frame>
            <fileName>dchicken1.png</fileName>
          </frame>
        </frameCollection>
        <frameCollection>
          <frame>
            <fileName>dchicken1.png</fileName>
          </frame>
        </frameCollection>
      </frames>
      <moveAnimation>
        <iniLeft>326</iniLeft>
        <iniTop>150</iniTop>
        <maxLeft>366</maxLeft>
        <maxTop>182</maxTop>
        <pixelsMoveTop>2</pixelsMoveTop>
        <pixelsMoveLeft>2</pixelsMoveLeft>
      </moveAnimation>
      <imageTimer>
        <timerDelay>1000</timerDelay>
      </imageTimer>
      <events>
        <event>
          <eventType>MoveAnimationMaxLeftReached</eventType>
          <eventActions>
            <eventAction>FlipImage</eventAction>
          </eventActions>
        </event>
        <event>
          <eventType>MoveAnimationMaxRightReached</eventType>
          <eventActions>
            <eventAction>FlipImage</eventAction>
          </eventActions>
        </event>
        <event>
          <eventType>Timer</eventType>
          <eventActions>
            <eventAction>ChangeTimerDelay</eventAction>
            <eventAction>StopAnimationAndMove</eventAction>
            <eventAction>ChangeCustomCondition</eventAction>
            <eventAction>ChangeFrameCollection</eventAction>
          </eventActions>
          <whenCustomConditionIs>running</whenCustomConditionIs>
          <newTimerDelay>2000</newTimerDelay>
          <newCustomCondition>stoppped</newCustomCondition>
          <changeFrameCollectionIndexTo>1</changeFrameCollectionIndexTo>
        </event>
        <event>
          <eventType>Timer</eventType>
          <eventActions>
            <eventAction>ChangeTimerDelay</eventAction>
            <eventAction>ResumeAnimationAndMove</eventAction>
            <eventAction>ChangeCustomCondition</eventAction>
            <eventAction>ChangeFrameCollection</eventAction>
          </eventActions>
          <whenCustomConditionIs>stoppped</whenCustomConditionIs>
          <newTimerDelay>1000</newTimerDelay>
          <newCustomCondition>running</newCustomCondition>
          <changeFrameCollectionIndexTo>0</changeFrameCollectionIndexTo>
        </event>
        <defaultCustomCondition>running</defaultCustomCondition>
      </events>
      <left>350</left>
      <top>160</top>
      <speed>2</speed>
    </image>
    <image>
      <frames>
        <frame>
          <fileName>dghost1.png</fileName>
        </frame>
        <frame>
          <fileName>dghost2.png</fileName>
        </frame>
        <frame>
          <fileName>dghost3.png</fileName>
        </frame>
        <frame>
          <fileName>dghost4.png</fileName>
        </frame>
        <frame>
          <fileName>dghost5.png</fileName>
        </frame>
        <frame>
          <fileName>dghost6.png</fileName>
        </frame>
        <returnBackwardToFirstFrame>true</returnBackwardToFirstFrame>
      </frames>
      <pathAnimation>
        <pathAnimationCoordinates>
          <circleRadioWidth>50</circleRadioWidth>
          <circleRadioHeight>25</circleRadioHeight>
          <circleCenterPositionLeft>384</circleCenterPositionLeft>
          <circleCenterPositionTop>242</circleCenterPositionTop>
        </pathAnimationCoordinates>
        <pathAnimationSpeed>1</pathAnimationSpeed>
        <pixelsMove>-2</pixelsMove>
        <startPosition>80</startPosition>
        <returnBackwardToTheBeginning>false</returnBackwardToTheBeginning>
      </pathAnimation>
      <events>
        <event>
          <eventType>CirclePathMaxLeftReached</eventType>
          <eventActions>
            <eventAction>FlipImage</eventAction>
          </eventActions>
        </event>
        <event>
          <eventType>CirclePathMaxRightReached</eventType>
          <eventActions>
            <eventAction>FlipImage</eventAction>
          </eventActions>
        </event>
      </events>
      <flipImage>Horizontal</flipImage>
      <speed>2</speed>
    </image>

    <image>
      <fileName>tree.png</fileName>
      <left>77</left>
      <top>154</top>
    </image>
  </images>
</doc>
