<?xml version="1.0"?>
<doc>
  <basic type="animations">
    <screenCanvasResolution>
      <width>320</width>
      <height>480</height>
    </screenCanvasResolution>
    <canvasResolution>
      <maxWidth>320</maxWidth>
      <maxHeight>480</maxHeight>
    </canvasResolution>
    <bgColor>#ff000000</bgColor>
  </basic>
  <images>
    <image>
      <!--<frames>
        <convertGifAniToFrames>loading.gif</convertGifAniToFrames>
      </frames>-->
      <frames>
        <convertImageSequenceInFrames>
          <filePreName>l</filePreName>
          <startNumber>1</startNumber>
          <endNumber>8</endNumber>
          <!--<formatNumber>##</formatNumber>-->
          <fileNameExtension>png</fileNameExtension>
        </convertImageSequenceInFrames>
      </frames>
      <left>93</left>
      <top>229</top>
    </image>    
  </images>
</doc>
