<?xml version="1.0"?>
<doc>
  <basic type="animations">
    <screenCanvasResolution>
      <width>2560</width>
      <height>512</height>
    </screenCanvasResolution>
    <canvasResolution>
      <maxWidth>2560</maxWidth>
      <maxHeight>512</maxHeight>
    </canvasResolution>
    <bgColor>#00000000</bgColor>
  </basic>
  <images>
    <image>
      <frames>
        <frameCollection>
          <frame>
            <fileName>map2.png</fileName>
            <applyAlterationsToThisFrame>
              <alterationsToDo>ApplyNewPaletteColor</alterationsToDo>
              <basicPaletteColor>
                255,72,64,64-
                255,64,56,56-
                255,208,160,168-
                255,168,120,128-
                255,16,16,16-
                255,24,24,24-
                255,72,16,16
              </basicPaletteColor>
              <newPaletteColor>
                255,0,140,255-
                255,0,255,255-
                255,140,181,247-
                255,181,255,255-
                255,0,49,148-
                255,49,99,198-
                255,107,156,255
              </newPaletteColor>
            </applyAlterationsToThisFrame>
          </frame>
          <frame>
            <fileName>map3.png</fileName>
          </frame>
          <frame>
            <fileName>map2.png</fileName>
            <delay>1</delay>
            <applyAlterationsToThisFrame>
              <alterationsToDo>ApplyNewPaletteColor</alterationsToDo>
              <basicPaletteColor>
                255,72,64,64-
                255,64,56,56-
                255,208,160,168-
                255,168,120,128-
                255,16,16,16-
                255,24,24,24-
                255,72,16,16
              </basicPaletteColor>
              <newPaletteColor>
                255,0,140,255-
                255,0,255,255-
                255,140,181,247-
                255,181,255,255-
                255,0,49,148-
                255,49,99,198-
                255,107,156,255
              </newPaletteColor>
            </applyAlterationsToThisFrame>
          </frame>
          <frame>
            <fileName>map3.png</fileName>
            <delay>3</delay>
          </frame>
          <repeatThisLoopForTimes>1</repeatThisLoopForTimes>
        </frameCollection>
        <frameCollection>
          <frame>
            <fileName>map2.png</fileName>
            <delay>3</delay>
          </frame>
          <frame>
            <fileName>map3.png</fileName>
          </frame>
          <frame>
            <fileName></fileName>
          </frame>
          <repeatThisLoopForTimes>7</repeatThisLoopForTimes>
        </frameCollection>
        <defaultFrameCollection>1</defaultFrameCollection>
      </frames>
      <events>
        <event>
          <eventType>FrameAnimationRepeatLoopEnds</eventType>
          <eventActions>
            <eventAction>ChangeFrameCollection</eventAction>
          </eventActions>
          <whenFrameCollectionIndexIs>0</whenFrameCollectionIndexIs>
          <changeFrameCollectionIndexTo>1</changeFrameCollectionIndexTo>
        </event>
        <event>
          <eventType>FrameAnimationRepeatLoopEnds</eventType>
          <eventActions>
            <eventAction>ChangeFrameCollection</eventAction>
          </eventActions>
          <whenFrameCollectionIndexIs>1</whenFrameCollectionIndexIs>
          <changeFrameCollectionIndexTo>0</changeFrameCollectionIndexTo>
        </event>
      </events>
      <left>0</left>
      <top>0</top>
      <speed>3</speed>
      <id>clouds</id>
    </image>
    <image>
      <frames>
        <frameCollection>
          <frame>
            <fileName>map1a.png</fileName>
            <applyAlterationsToThisFrame>
              <alterationsToDo>ApplyNewPaletteColor</alterationsToDo>
              <basicPaletteColor>
                255,72,64,64-
                255,64,56,56-
                255,208,160,168-
                255,168,120,128-
                255,16,16,16-
                255,24,24,24-
                255,72,16,16
              </basicPaletteColor>
              <newPaletteColor>
                255,0,140,255-
                255,0,255,255-
                255,140,181,247-
                255,181,255,255-
                255,0,49,148-
                255,49,99,198-
                255,107,156,255
              </newPaletteColor>
            </applyAlterationsToThisFrame>
          </frame>
          <frame>
            <fileName>map2a.png</fileName>
          </frame>
          <frame>
            <fileName>map1a.png</fileName>
            <delay>1</delay>
            <applyAlterationsToThisFrame>
              <alterationsToDo>ApplyNewPaletteColor</alterationsToDo>
              <basicPaletteColor>
                255,72,64,64-
                255,64,56,56-
                255,208,160,168-
                255,168,120,128-
                255,16,16,16-
                255,24,24,24-
                255,72,16,16
              </basicPaletteColor>
              <newPaletteColor>
                255,0,140,255-
                255,0,255,255-
                255,140,181,247-
                255,181,255,255-
                255,0,49,148-
                255,49,99,198-
                255,107,156,255
              </newPaletteColor>
            </applyAlterationsToThisFrame>
          </frame>
          <frame>
            <fileName>map2a.png</fileName>
            <delay>3</delay>
          </frame>
          <repeatThisLoopForTimes>1</repeatThisLoopForTimes>
        </frameCollection>
        <frameCollection>
          <frame>
            <fileName>map1a.png</fileName>
            <delay>3</delay>
          </frame>
          <frame>
            <fileName>map2a.png</fileName>
          </frame>
          <frame>
            <fileName></fileName>
          </frame>
          <repeatThisLoopForTimes>7</repeatThisLoopForTimes>
        </frameCollection>
        <defaultFrameCollection>1</defaultFrameCollection>
      </frames>
      <events>
        <event>
          <eventType>FrameAnimationRepeatLoopEnds</eventType>
          <eventActions>
            <eventAction>ChangeFrameCollection</eventAction>
          </eventActions>
          <whenFrameCollectionIndexIs>0</whenFrameCollectionIndexIs>
          <changeFrameCollectionIndexTo>1</changeFrameCollectionIndexTo>
        </event>
        <event>
          <eventType>FrameAnimationRepeatLoopEnds</eventType>
          <eventActions>
            <eventAction>ChangeFrameCollection</eventAction>
          </eventActions>
          <whenFrameCollectionIndexIs>1</whenFrameCollectionIndexIs>
          <changeFrameCollectionIndexTo>0</changeFrameCollectionIndexTo>
        </event>
      </events>
      <left>2048</left>
      <top>0</top>
      <speed>3</speed>
      <id>clouds</id>
    </image>
    <image>
      <frames>
        <frameCollection>
          <frame>
            <fileName>map2b.png</fileName>
            <applyAlterationsToThisFrame>
              <alterationsToDo>ApplyNewPaletteColor</alterationsToDo>
              <basicPaletteColor>
                255,72,64,64-
                255,64,56,56-
                255,208,160,168-
                255,168,120,128-
                255,16,16,16-
                255,24,24,24-
                255,72,16,16
              </basicPaletteColor>
              <newPaletteColor>
                255,0,140,255-
                255,0,255,255-
                255,140,181,247-
                255,181,255,255-
                255,0,49,148-
                255,49,99,198-
                255,107,156,255
              </newPaletteColor>
            </applyAlterationsToThisFrame>
          </frame>
          <frame>
            <fileName>map3b.png</fileName>
          </frame>
          <frame>
            <fileName>map2b.png</fileName>
            <delay>1</delay>
            <applyAlterationsToThisFrame>
              <alterationsToDo>ApplyNewPaletteColor</alterationsToDo>
              <basicPaletteColor>
                255,72,64,64-
                255,64,56,56-
                255,208,160,168-
                255,168,120,128-
                255,16,16,16-
                255,24,24,24-
                255,72,16,16
              </basicPaletteColor>
              <newPaletteColor>
                255,0,140,255-
                255,0,255,255-
                255,140,181,247-
                255,181,255,255-
                255,0,49,148-
                255,49,99,198-
                255,107,156,255
              </newPaletteColor>
            </applyAlterationsToThisFrame>
          </frame>
          <frame>
            <fileName>map3b.png</fileName>
            <delay>3</delay>
          </frame>
          <repeatThisLoopForTimes>1</repeatThisLoopForTimes>
        </frameCollection>
        <frameCollection>
          <frame>
            <fileName>map2b.png</fileName>
            <delay>3</delay>
          </frame>
          <frame>
            <fileName>map3b.png</fileName>
          </frame>
          <frame>
            <fileName></fileName>
          </frame>
          <repeatThisLoopForTimes>7</repeatThisLoopForTimes>
        </frameCollection>
        <defaultFrameCollection>1</defaultFrameCollection>
      </frames>
      <events>
        <event>
          <eventType>FrameAnimationRepeatLoopEnds</eventType>
          <eventActions>
            <eventAction>ChangeFrameCollection</eventAction>
          </eventActions>
          <whenFrameCollectionIndexIs>0</whenFrameCollectionIndexIs>
          <changeFrameCollectionIndexTo>1</changeFrameCollectionIndexTo>
        </event>
        <event>
          <eventType>FrameAnimationRepeatLoopEnds</eventType>
          <eventActions>
            <eventAction>ChangeFrameCollection</eventAction>
          </eventActions>
          <whenFrameCollectionIndexIs>1</whenFrameCollectionIndexIs>
          <changeFrameCollectionIndexTo>0</changeFrameCollectionIndexTo>
        </event>
      </events>
      <left>928</left>
      <top>0</top>
      <speed>3</speed>
      <id>clouds</id>
    </image>
  </images>
</doc>
