<?xml version="1.0"?>
<doc>
  <basic type="animations">
    <screenCanvasResolution>
      <width>502</width>
      <height>1024</height>
    </screenCanvasResolution>
    <canvasResolution>
      <maxWidth>502</maxWidth>
      <maxHeight>1024</maxHeight>
    </canvasResolution>
    <bgColor>#00000000</bgColor>
  </basic>
  <images>
    <!--<image>
      <fileName>map.png</fileName>
    </image>-->
    <image>
      <frames>
        <frame>
          <fileName>mapb.png</fileName>
        </frame>
        <frame>
          <fileName>mapc.png</fileName>
        </frame>
        <frame>
          <fileName></fileName>
        </frame>
        <currentFrame>2</currentFrame>
      </frames>
      <left>2</left>
      <top>694</top>
      <speed>5</speed>
    </image>
    <image>
      <frames>
        <frame>
          <fileName from="mapzCastle">flower1.png</fileName>
        </frame>
        <frame>
          <fileName from="mapzCastle">flower2.png</fileName>
        </frame>
        <frame>
          <fileName from="mapzCastle">flower3.png</fileName>
        </frame>
      </frames>
      <coordinates>
        103;111,103;127,111;135,87;143,103;143,95;152,111;152,87;159,103;159,95;167,71;207,
        135;367,295;367,391;351,399;359,375;383,383;391,407;383,415;391,
        343;575,359;575,351;583,327;591,
        263;623,247;639,263;639,255;647,271;647,247;655,263;655,255;663,272;663
      </coordinates>
      <speed>5</speed>
    </image>
    <image>
      <frames>
        <frame>
          <fileName from="mapzLake">anothercrab1.png</fileName>
        </frame>
        <frame>
          <fileName from="mapzLake">anothercrab2.png</fileName>
        </frame>
      </frames>
      <moveAnimation>
        <iniTop>610</iniTop>
        <iniLeft>120</iniLeft>
        <maxTop>654</maxTop>
        <maxLeft>194</maxLeft>
        <pixelsMoveTop>2</pixelsMoveTop>
        <pixelsMoveLeft>2</pixelsMoveLeft>
      </moveAnimation>
      <imageTimer>
        <timerDelay>1000</timerDelay>
      </imageTimer>
      <events>
        <event>
          <eventType>MoveAnimationMaxLeftReached</eventType>
          <eventActions>
            <eventAction>FlipImage</eventAction>
          </eventActions>
        </event>
        <event>
          <eventType>MoveAnimationMaxRightReached</eventType>
          <eventActions>
            <eventAction>FlipImage</eventAction>
          </eventActions>
        </event>
        <event>
          <eventType>Timer</eventType>
          <eventActions>
            <eventAction>ChangeTimerDelay</eventAction>
            <eventAction>StopAnimationAndMove</eventAction>
            <eventAction>ChangeCustomCondition</eventAction>
          </eventActions>
          <whenCustomConditionIs>running</whenCustomConditionIs>
          <newTimerDelay>2000</newTimerDelay>
          <newCustomCondition>stoppped</newCustomCondition>
        </event>
        <event>
          <eventType>Timer</eventType>
          <eventActions>
            <eventAction>ChangeTimerDelay</eventAction>
            <eventAction>ResumeAnimationAndMove</eventAction>
            <eventAction>ChangeCustomCondition</eventAction>
          </eventActions>
          <whenCustomConditionIs>stoppped</whenCustomConditionIs>
          <newTimerDelay>1000</newTimerDelay>
          <newCustomCondition>running</newCustomCondition>
        </event>
        <defaultCustomCondition>running</defaultCustomCondition>
      </events>
      <left>164</left>
      <top>636</top>
      <speed>1</speed>
    </image>
    <image>
      <frames>
        <reUseTagFramesFromPreviousImage>true</reUseTagFramesFromPreviousImage>
      </frames>
      <moveAnimation>
        <iniTop>640</iniTop>
        <iniLeft>214</iniLeft>
        <maxTop>686</maxTop>
        <maxLeft>268</maxLeft>
        <pixelsMoveTop>2</pixelsMoveTop>
        <pixelsMoveLeft>2</pixelsMoveLeft>
      </moveAnimation>
      <imageTimer>
        <timerDelay>1500</timerDelay>
      </imageTimer>
      <events>
        <event>
          <eventType>MoveAnimationMaxLeftReached</eventType>
          <eventActions>
            <eventAction>FlipImage</eventAction>
          </eventActions>
        </event>
        <event>
          <eventType>MoveAnimationMaxRightReached</eventType>
          <eventActions>
            <eventAction>FlipImage</eventAction>
          </eventActions>
        </event>
        <event>
          <eventType>Timer</eventType>
          <eventActions>
            <eventAction>ChangeTimerDelay</eventAction>
            <eventAction>StopAnimationAndMove</eventAction>
            <eventAction>ChangeCustomCondition</eventAction>
          </eventActions>
          <whenCustomConditionIs>running</whenCustomConditionIs>
          <newTimerDelay>2000</newTimerDelay>
          <newCustomCondition>stoppped</newCustomCondition>
        </event>
        <event>
          <eventType>Timer</eventType>
          <eventActions>
            <eventAction>ChangeTimerDelay</eventAction>
            <eventAction>ResumeAnimationAndMove</eventAction>
            <eventAction>ChangeCustomCondition</eventAction>
          </eventActions>
          <whenCustomConditionIs>stoppped</whenCustomConditionIs>
          <newTimerDelay>1000</newTimerDelay>
          <newCustomCondition>running</newCustomCondition>
        </event>
        <defaultCustomCondition>running</defaultCustomCondition>
      </events>
      <left>252</left>
      <top>672</top>
      <speed>1</speed>
    </image>
    <image>
      <frames>
        <reUseTagFramesFromPreviousImage>true</reUseTagFramesFromPreviousImage>
      </frames>
      <moveAnimation>
        <iniTop>736</iniTop>
        <iniLeft>296</iniLeft>
        <maxTop>816</maxTop>
        <maxLeft>358</maxLeft>
        <pixelsMoveTop>2</pixelsMoveTop>
        <pixelsMoveLeft>2</pixelsMoveLeft>
      </moveAnimation>
      <imageTimer>
        <timerDelay>2000</timerDelay>
      </imageTimer>
      <events>
        <event>
          <eventType>MoveAnimationMaxLeftReached</eventType>
          <eventActions>
            <eventAction>FlipImage</eventAction>
          </eventActions>
        </event>
        <event>
          <eventType>MoveAnimationMaxRightReached</eventType>
          <eventActions>
            <eventAction>FlipImage</eventAction>
          </eventActions>
        </event>
        <event>
          <eventType>Timer</eventType>
          <eventActions>
            <eventAction>ChangeTimerDelay</eventAction>
            <eventAction>StopAnimationAndMove</eventAction>
            <eventAction>ChangeCustomCondition</eventAction>
          </eventActions>
          <whenCustomConditionIs>running</whenCustomConditionIs>
          <newTimerDelay>2000</newTimerDelay>
          <newCustomCondition>stoppped</newCustomCondition>
        </event>
        <event>
          <eventType>Timer</eventType>
          <eventActions>
            <eventAction>ChangeTimerDelay</eventAction>
            <eventAction>ResumeAnimationAndMove</eventAction>
            <eventAction>ChangeCustomCondition</eventAction>
          </eventActions>
          <whenCustomConditionIs>stoppped</whenCustomConditionIs>
          <newTimerDelay>1000</newTimerDelay>
          <newCustomCondition>running</newCustomCondition>
        </event>
        <defaultCustomCondition>running</defaultCustomCondition>
      </events>
      <left>334</left>
      <top>786</top>
      <speed>1</speed>
    </image>
    <image>
      <frames>
        <frame>
          <fileName from="mapzLake">sora1.png</fileName>
        </frame>
        <frame>
          <fileName from="mapzLake">sora2.png</fileName>
        </frame>
        <frame>
          <fileName from="mapzLake">sora3.png</fileName>
        </frame>
        <frame>
          <fileName from="mapzLake">sora2.png</fileName>
        </frame>
        <frame>
          <fileName from="mapzLake">sora3.png</fileName>
        </frame>
        <frame>
          <fileName from="mapzLake">sora2.png</fileName>
        </frame>
        <frame>
          <fileName from="mapzLake">sora3.png</fileName>
        </frame>
        <frame>
          <fileName from="mapzLake">sora4.png</fileName>
        </frame>
        <frame>
          <fileName from="mapzLake">sora5.png</fileName>
        </frame>
        <frame>
          <fileName from="mapzLake">sora6.png</fileName>
          <delay>20</delay>
        </frame>
        <frame>
          <fileName from="mapzLake">sora7.png</fileName>
          <delay>6</delay>
        </frame>
        <frame>
          <fileName from="mapzLake">sora8.png</fileName>
        </frame>
        <frame>
          <fileName from="mapzLake">sora7.png</fileName>
        </frame>
        <frame>
          <fileName from="mapzLake">sora6.png</fileName>
          <delay>14</delay>
        </frame>
        <frame>
          <fileName from="mapzLake">sora9.png</fileName>
          <delay>3</delay>
        </frame>
        <frame>
          <fileName from="mapzLake">sora10.png</fileName>
        </frame>
        <frame>
          <fileName from="mapzLake">sora11.png</fileName>
        </frame>
        <frame>
          <fileName from="mapzLake">sora12.png</fileName>
        </frame>
        <frame>
          <fileName from="mapzLake">sora0.png</fileName>
        </frame>
      </frames>
      <events>
        <event>
          <eventType>TriggerActionByCurrentFrame</eventType>
          <eventActions>
            <eventAction>EditAnimationByID</eventAction>
          </eventActions>
          <whenCurrentFrameIndexIs>12</whenCurrentFrameIndexIs>
          <editAnimationByIDOptions>
            <option>
              <imageID>Ball3</imageID>
              <editActions>
                <editAction>ResumeMove</editAction>
                <editAction>ChangeVisibleValue</editAction>
              </editActions>
              <newVisibleValue>true</newVisibleValue>
            </option>
          </editAnimationByIDOptions>
        </event>
        <event>
          <eventType>TriggerActionByCurrentFrame</eventType>
          <eventActions>
            <eventAction>StopAnimation</eventAction>
          </eventActions>
          <whenCurrentFrameIndexIs>18</whenCurrentFrameIndexIs>
        </event>
      </events>
      <left>271</left>
      <top>893</top>
      <speed>3</speed>
      <id>Zora3</id>
    </image>
    <image>
      <frames>
        <frame>
          <fileName from="mapzLake">ballsora1.png</fileName>
        </frame>
        <frame>
          <fileName from="mapzLake">ballsora2.png</fileName>
        </frame>
        <frame>
          <fileName from="mapzLake">ballsora3.png</fileName>
        </frame>
      </frames>
      <moveAnimation>
        <iniTop>0</iniTop>
        <maxTop>1024</maxTop>
        <iniLeft>0</iniLeft>
        <maxLeft>502</maxLeft>
        <pixelsMoveTop>-4</pixelsMoveTop>
        <pixelsMoveLeft>4</pixelsMoveLeft>
        <moveAnimationStop>true</moveAnimationStop>
        <returnToTheBeginning>true</returnToTheBeginning>
      </moveAnimation>
      <applyAlterations>
        <alterationsToDo>FlipHorizontal</alterationsToDo>
      </applyAlterations>
      <events>
        <event>
          <eventType>MoveAnimationMaxRightReached</eventType>
          <eventActions>
            <eventAction>EditAnimationByID</eventAction>
            <eventAction>ChangeVisibleValue</eventAction>
            <eventAction>StopMove</eventAction>
          </eventActions>
          <newVisibleValue>false</newVisibleValue>
          <editAnimationByIDOptions>
            <option>
              <imageID>Zora3</imageID>
              <editActions>
                <editAction>ResumeAnimation</editAction>
              </editActions>
            </option>
          </editAnimationByIDOptions>
        </event>
      </events>
      <visible>false</visible>
      <left>284</left>
      <top>892</top>
      <speed>1</speed>
      <id>Ball3</id>
      <flipImage>Vertical</flipImage>
    </image>
    <image>
      <frames>
        <frameCollection>
          <frame>
            <fileName from="mapzLake">crow1.png</fileName>
          </frame>
          <frame>
            <fileName from="mapzLake">crow2.png</fileName>
          </frame>
          <frame>
            <fileName from="mapzLake">crow3.png</fileName>
          </frame>
          <frame>
            <fileName from="mapzLake">crow4.png</fileName>
          </frame>
          <frame>
            <fileName from="mapzLake">crow5.png</fileName>
          </frame>
          <frame>
            <fileName from="mapzLake">crow6.png</fileName>
          </frame>
        </frameCollection>
        <frameCollection>
          <frame>
            <fileName from="mapzLake">crow7.png</fileName>
          </frame>
          <frame>
            <fileName from="mapzLake">crow6.png</fileName>
          </frame>
        </frameCollection>
        <framesAnimationStop>true</framesAnimationStop>
      </frames>
      <moveAnimation>
        <iniTop>0</iniTop>
        <maxTop>1024</maxTop>
        <iniLeft>0</iniLeft>
        <maxLeft>502</maxLeft>
        <pixelsMoveTop>-2</pixelsMoveTop>
        <pixelsMoveLeft>2</pixelsMoveLeft>
        <returnToTheBeginning>true</returnToTheBeginning>
        <moveAnimationStop>true</moveAnimationStop>
      </moveAnimation>
      <imageTimer>
        <timerDelay>6000</timerDelay>
      </imageTimer>
      <events>
        <event>
          <eventType>FrameAnimationLoopEnds</eventType>
          <eventActions>
            <eventAction>ChangeFrameCollection</eventAction>
            <eventAction>ResumeMove</eventAction>
            <eventAction>ChangeSpeedAnimation</eventAction>
          </eventActions>
          <changeFrameCollectionIndexTo>1</changeFrameCollectionIndexTo>
          <newSpeedAnimation>1</newSpeedAnimation>
          <whenFrameCollectionIndexIs>0</whenFrameCollectionIndexIs>
        </event>
        <event>
          <eventType>MoveAnimationMaxRightReached</eventType>
          <eventActions>
            <eventAction>ChangeFrameCollection</eventAction>
            <eventAction>StopAnimationAndMove</eventAction>
            <eventAction>ChangeSpeedAnimation</eventAction>
          </eventActions>
          <changeFrameCollectionIndexTo>0</changeFrameCollectionIndexTo>
          <newSpeedAnimation>2</newSpeedAnimation>
        </event>
        <event>
          <eventType>Timer</eventType>
          <eventActions>
            <eventAction>ResumeAnimation</eventAction>
          </eventActions>
        </event>
      </events>
      <speed>2</speed>
      <left>182</left>
      <top>826</top>
      <id>crow1</id>
      <flipImage>Horizontal</flipImage>
    </image>
    <image>
      <frames>
        <frameCollection>
          <frame>
            <fileName from="mapzForest">soldierbwalk1.png</fileName>
          </frame>
          <frame>
            <fileName from="mapzForest">soldierbwalk2.png</fileName>
          </frame>
          <frame>
            <fileName from="mapzForest">soldierbwalk3.png</fileName>
          </frame>
          <frame>
            <fileName from="mapzForest">soldierbwalk4.png</fileName>
          </frame>
        </frameCollection>
        <frameCollection>
          <frame>
            <fileName from="mapzForest">soldierbturn1l.png</fileName>
          </frame>
          <frame>
            <fileName from="mapzForest">soldierbturn2l.png</fileName>
          </frame>
          <frame>
            <fileName from="mapzForest">soldierbturn3l.png</fileName>
          </frame>
          <frame>
            <fileName from="mapzForest">soldierbturn2l.png</fileName>
          </frame>
          <repeatThisLoopForTimes>2</repeatThisLoopForTimes>
        </frameCollection>
      </frames>
      <moveAnimation>
        <iniLeft>152</iniLeft>
        <maxLeft>348</maxLeft>
        <pixelsMoveLeft>2</pixelsMoveLeft>
      </moveAnimation>
      <events>
        <event>
          <eventType>MoveAnimationMaxLeftReached</eventType>
          <eventActions>
            <eventAction>StopMove</eventAction>
            <eventAction>ChangeFrameCollection</eventAction>
            <eventAction>ChangeSpeedAnimation</eventAction>
          </eventActions>
          <newSpeedAnimation>24</newSpeedAnimation>
          <whenFrameCollectionIndexIs>0</whenFrameCollectionIndexIs>
          <changeFrameCollectionIndexTo>1</changeFrameCollectionIndexTo>
        </event>
        <event>
          <eventType>FrameAnimationRepeatLoopEnds</eventType>
          <eventActions>
            <eventAction>ResumeMove</eventAction>
            <eventAction>ChangeFrameCollection</eventAction>
            <eventAction>ChangeSpeedAnimation</eventAction>
            <eventAction>FlipImage</eventAction>
          </eventActions>
          <newSpeedAnimation>4</newSpeedAnimation>
          <whenFrameCollectionIndexIs>1</whenFrameCollectionIndexIs>
          <changeFrameCollectionIndexTo>0</changeFrameCollectionIndexTo>
        </event>
        <event>
          <eventType>MoveAnimationMaxRightReached</eventType>
          <eventActions>
            <eventAction>StopMove</eventAction>
            <eventAction>ChangeFrameCollection</eventAction>
            <eventAction>ChangeSpeedAnimation</eventAction>
          </eventActions>
          <newSpeedAnimation>24</newSpeedAnimation>
          <whenFrameCollectionIndexIs>0</whenFrameCollectionIndexIs>
          <changeFrameCollectionIndexTo>1</changeFrameCollectionIndexTo>
        </event>
      </events>
      <left>200</left>
      <top>122</top>
      <speed>4</speed>
    </image>
  </images>
</doc>
