<?xml version="1.0"?>
<doc>
  <basic type="animations">
    <screenCanvasResolution>
      <width>1024</width>
      <height>1024</height>
    </screenCanvasResolution>
    <canvasResolution>
      <maxWidth>1024</maxWidth>
      <maxHeight>1024</maxHeight>
    </canvasResolution>
    <bgColor>#00000000</bgColor>
  </basic>
  <images>
    <!--<image>
      <fileName>map.png</fileName>
    </image>-->
    <image>
      <frames>
        <frame>
          <fileName>map7leftlake2a.png</fileName>
        </frame>
        <frame>
          <fileName>map7leftlake3a.png</fileName>
        </frame>
        <frame>
          <fileName></fileName>
        </frame>
        <currentFrame>2</currentFrame>
      </frames>
      <left>0</left>
      <top>0</top>
      <speed>5</speed>
      <id>lake1</id>
    </image>
    <image>
      <frames>
        <frame>
          <fileName>map7leftlake2b.png</fileName>
        </frame>
        <frame>
          <fileName>map7leftlake3b.png</fileName>
        </frame>
        <frame>
          <fileName></fileName>
        </frame>
        <currentFrame>2</currentFrame>
      </frames>
      <left>0</left>
      <top>65</top>
      <speed>5</speed>
    </image>
    <image>
      <frames>
        <frame>
          <fileName>map7leftlake2c.png</fileName>
        </frame>
        <frame>
          <fileName>map7leftlake3c.png</fileName>
        </frame>
        <frame>
          <fileName></fileName>
        </frame>
        <currentFrame>2</currentFrame>
      </frames>
      <left>0</left>
      <top>730</top>
      <speed>5</speed>
    </image>
    <image>
      <frames>
        <frame>
          <fileName>map7rightlake2a.png</fileName>
        </frame>
        <frame>
          <fileName>map7rightlake3a.png</fileName>
        </frame>
        <frame>
          <fileName></fileName>
        </frame>
        <currentFrame>2</currentFrame>
      </frames>
      <left>852</left>
      <top>0</top>
      <speed>5</speed>
    </image>
    <image>
      <frames>
        <frame>
          <fileName>map7rightlake2b.png</fileName>
        </frame>
        <frame>
          <fileName>map7rightlake3b.png</fileName>
        </frame>
        <frame>
          <fileName></fileName>
        </frame>
        <currentFrame>2</currentFrame>
      </frames>
      <left>955</left>
      <top>45</top>
      <speed>5</speed>
    </image>
    <image>
      <frames>
        <frame>
          <fileName>map7rightlake2c.png</fileName>
        </frame>
        <frame>
          <fileName>map7rightlake3c.png</fileName>
        </frame>
        <frame>
          <fileName></fileName>
        </frame>
        <currentFrame>2</currentFrame>
      </frames>
      <left>903</left>
      <top>739</top>
      <speed>5</speed>
    </image>
    <image>
      <frames>
        <frame>
          <fileName>map1a.png</fileName>
        </frame>
        <frame>
          <fileName>map1b.png</fileName>
        </frame>
        <frame>
          <fileName></fileName>
        </frame>
        <currentFrame>2</currentFrame>
      </frames>
      <left>898</left>
      <top>769</top>
      <speed>5</speed>
    </image>
    <image>
      <frames>
        <frame>
          <fileName>map2a.png</fileName>
        </frame>
        <frame>
          <fileName>map2b.png</fileName>
        </frame>
        <frame>
          <fileName></fileName>
        </frame>
        <currentFrame>2</currentFrame>
      </frames>
      <left>576</left>
      <top>789</top>
      <speed>5</speed>
    </image>
    <image>
      <frames>
        <frame>
          <fileName>map3a.png</fileName>
        </frame>
        <frame>
          <fileName>map3b.png</fileName>
        </frame>
        <frame>
          <fileName></fileName>
        </frame>
        <currentFrame>2</currentFrame>
      </frames>
      <left>0</left>
      <top>789</top>
      <speed>5</speed>
    </image>
    <image>
      <frames>
        <frame>
          <fileName>flower1.png</fileName>
        </frame>
        <frame>
          <fileName>flower2.png</fileName>
        </frame>
        <frame>
          <fileName>flower3.png</fileName>
        </frame>
      </frames>
      <coordinates>
        65;287,81;287,73;295,81;335,145;431,113;463,145;591,113;655,145;655,97;671,113;671,
        145;671,105;679,121;679,153;679,97;687,113;687,129;687,145;687,105;695,121;695,
        137;695,153;695,97;703,113;703,129;703,145;703,105;711,121;711,137;711,113;719,
        121;727,177;719,305;272,305;288,313;296,289;304,305;304,297;312,313;312,353;384,
        369;384,361;392,369;431,305;528,913;656,737;959,753;959,745;967,753;1007,913;975,
        929;959,945;959,937;967
      </coordinates>
      <speed>5</speed>
      <id>flower</id>
    </image>
    <image>
      <frames>
        <frame>
          <fileName>doorseal1.png</fileName>
        </frame>
        <frame>
          <fileName>doorseal2.png</fileName>
        </frame>
        <frame>
          <fileName></fileName>
        </frame>
      </frames>
      <left>475</left>
      <top>98</top>
      <speed>1</speed>
    </image>
    <image>
      <frames>
        <frame>
          <fileName>hcea1.png</fileName>
        </frame>
        <frame>
          <fileName>hcea2.png</fileName>
        </frame>
        <frame>
          <fileName>hcea3.png</fileName>
        </frame>
        <frame>
          <fileName>hcea4.png</fileName>
        </frame>
        <frame>
          <fileName>hcea5.png</fileName>
        </frame>
        <frame>
          <fileName>hcea6.png</fileName>
        </frame>
        <frame>
          <fileName>hcea7.png</fileName>
        </frame>
        <frame>
          <fileName>hcea8.png</fileName>
        </frame>
        <frame>
          <fileName>hcea9.png</fileName>
        </frame>
        <frame>
          <fileName>hcea10.png</fileName>
        </frame>
        <frame>
          <fileName>hcea11.png</fileName>
        </frame>
        <frame>
          <fileName>hcea12.png</fileName>
        </frame>
        <frame>
          <fileName>hcea13.png</fileName>
        </frame>
        <frame>
          <fileName>hcea14.png</fileName>
        </frame>
        <frame>
          <fileName>hcea15.png</fileName>
        </frame>
        <frame>
          <fileName>hcea16.png</fileName>
        </frame>
        <frame>
          <fileName>hcea17.png</fileName>
        </frame>
        <frame>
          <fileName>hcea18.png</fileName>
        </frame>
        <frame>
          <fileName>hcea19.png</fileName>
        </frame>
        <frame>
          <fileName>hcea20.png</fileName>
        </frame>
        <frame>
          <fileName>hcea21a25a33.png</fileName>
        </frame>
        <frame>
          <fileName>hcea22a30.png</fileName>
        </frame>
        <frame>
          <fileName>hcea23a29a31a37.png</fileName>
        </frame>
        <frame>
          <fileName>hcea24a32.png</fileName>
        </frame>
        <frame>
          <fileName>hcea21a25a33.png</fileName>
        </frame>
        <frame>
          <fileName>hcea26a34.png</fileName>
        </frame>
        <frame>
          <fileName>hcea27a35.png</fileName>
        </frame>
        <frame>
          <fileName>hcea28a36.png</fileName>
        </frame>
        <frame>
          <fileName>hcea23a29a31a37.png</fileName>
        </frame>
        <frame>
          <fileName>hcea22a30.png</fileName>
        </frame>
        <frame>
          <fileName>hcea23a29a31a37.png</fileName>
        </frame>
        <frame>
          <fileName>hcea24a32.png</fileName>
        </frame>
        <frame>
          <fileName>hcea21a25a33.png</fileName>
        </frame>
        <frame>
          <fileName>hcea26a34.png</fileName>
        </frame>
        <frame>
          <fileName>hcea27a35.png</fileName>
        </frame>
        <frame>
          <fileName>hcea28a36.png</fileName>
        </frame>
        <frame>
          <fileName>hcea23a29a31a37.png</fileName>
        </frame>
        <frame>
          <fileName>hcea22a30.png</fileName>
        </frame>
        <frame>
          <fileName>hcea23a29a31a37.png</fileName>
        </frame>
        <frame>
          <fileName>hcea24a32.png</fileName>
        </frame>
        <frame>
          <fileName>hcea21a25a33.png</fileName>
        </frame>
        <frame>
          <fileName>hcea26a34.png</fileName>
        </frame>
        <frame>
          <fileName>hcea27a35.png</fileName>
        </frame>
        <frame>
          <fileName>hcea28a36.png</fileName>
        </frame>
        <frame>
          <fileName>hcea23a29a31a37.png</fileName>
        </frame>
        <frame>
          <fileName>hcea38.png</fileName>
        </frame>
        <frame>
          <fileName>hcea39.png</fileName>
        </frame>
        <frame>
          <fileName>hcea40.png</fileName>
        </frame>
        <frame>
          <fileName>hcea41.png</fileName>
        </frame>
        <frame>
          <fileName>hcea42.png</fileName>
        </frame>
        <frame>
          <fileName>hcea43.png</fileName>
        </frame>
        <frame>
          <fileName>hcea44.png</fileName>
        </frame>
      </frames>
      <left>784</left>
      <top>354</top>
      <speed>1</speed>
    </image>
    <image>
      <frames>
        <reUseTagFramesFromPreviousImage>true</reUseTagFramesFromPreviousImage>
        <currentFrame>34</currentFrame>
      </frames>
      <left>138</left>
      <top>354</top>
      <speed>1</speed>
      <flipImage>Horizontal</flipImage>
    </image>
    <image>
      <frames>
        <reUseTagFramesFromPreviousImage>true</reUseTagFramesFromPreviousImage>
        <currentFrame>10</currentFrame>
      </frames>
      <left>138</left>
      <top>546</top>
      <speed>1</speed>
      <flipImage>Horizontal</flipImage>
    </image>
    <image>
      <frames>
        <frameCollection>
          <frame>
            <fileName>soldierbwalkdown1.png</fileName>
          </frame>
          <frame>
            <fileName>soldierbwalkdown2.png</fileName>
          </frame>
          <frame>
            <fileName>soldierbwalkdown3.png</fileName>
          </frame>
          <frame>
            <fileName>soldierbwalkdown4.png</fileName>
          </frame>
        </frameCollection>
        <frameCollection>
          <frame>
            <fileName>soldierbturndown1.png</fileName>
          </frame>
          <frame>
            <fileName>soldierbturndown2.png</fileName>
          </frame>
          <frame>
            <fileName>soldierbturndown1.png</fileName>
          </frame>
          <frame>
            <fileName>soldierbturndown3.png</fileName>
          </frame>
          <repeatThisLoopForTimes>2</repeatThisLoopForTimes>
        </frameCollection>
        <frameCollection>
          <frame>
            <fileName>soldierbturnup1.png</fileName>
          </frame>
          <frame>
            <fileName>soldierbturnup2.png</fileName>
          </frame>
          <frame>
            <fileName>soldierbturnup1.png</fileName>
          </frame>
          <frame>
            <fileName>soldierbturnup3.png</fileName>
          </frame>
          <repeatThisLoopForTimes>2</repeatThisLoopForTimes>
        </frameCollection>
        <frameCollection>
          <frame>
            <fileName>soldierbwalkup1.png</fileName>
          </frame>
          <frame>
            <fileName>soldierbwalkup2.png</fileName>
          </frame>
          <frame>
            <fileName>soldierbwalkup3.png</fileName>
          </frame>
          <frame>
            <fileName>soldierbwalkup4.png</fileName>
          </frame>
        </frameCollection>
      </frames>
      <moveAnimation>
        <iniTop>298</iniTop>
        <maxTop>498</maxTop>
        <pixelsMoveTop>2</pixelsMoveTop>
      </moveAnimation>
      <events>
        <event>
          <eventType>MoveAnimationMaxTopReached</eventType>
          <eventActions>
            <eventAction>StopMove</eventAction>
            <eventAction>ChangeFrameCollection</eventAction>
            <eventAction>ChangeSpeedAnimation</eventAction>
          </eventActions>
          <newSpeedAnimation>24</newSpeedAnimation>
          <whenFrameCollectionIndexIs>3</whenFrameCollectionIndexIs>
          <changeFrameCollectionIndexTo>2</changeFrameCollectionIndexTo>
        </event>
        <event>
          <eventType>FrameAnimationRepeatLoopEnds</eventType>
          <eventActions>
            <eventAction>ResumeMove</eventAction>
            <eventAction>ChangeFrameCollection</eventAction>
            <eventAction>ChangeSpeedAnimation</eventAction>
          </eventActions>
          <newSpeedAnimation>4</newSpeedAnimation>
          <whenFrameCollectionIndexIs>2</whenFrameCollectionIndexIs>
          <changeFrameCollectionIndexTo>0</changeFrameCollectionIndexTo>
        </event>
        <event>
          <eventType>FrameAnimationRepeatLoopEnds</eventType>
          <eventActions>
            <eventAction>ResumeMove</eventAction>
            <eventAction>ChangeFrameCollection</eventAction>
            <eventAction>ChangeSpeedAnimation</eventAction>
          </eventActions>
          <newSpeedAnimation>4</newSpeedAnimation>
          <whenFrameCollectionIndexIs>1</whenFrameCollectionIndexIs>
          <changeFrameCollectionIndexTo>3</changeFrameCollectionIndexTo>
        </event>
        <event>
          <eventType>MoveAnimationMaxBottomReached</eventType>
          <eventActions>
            <eventAction>StopMove</eventAction>
            <eventAction>ChangeFrameCollection</eventAction>
            <eventAction>ChangeSpeedAnimation</eventAction>
          </eventActions>
          <newSpeedAnimation>24</newSpeedAnimation>
          <whenFrameCollectionIndexIs>0</whenFrameCollectionIndexIs>
          <changeFrameCollectionIndexTo>1</changeFrameCollectionIndexTo>
        </event>
      </events>
      <left>460</left>
      <top>298</top>
      <speed>4</speed>
    </image>
    <image>
      <frames>
        <reUseTagFramesFromPreviousImage>true</reUseTagFramesFromPreviousImage>
        <defaultFrameCollection>3</defaultFrameCollection>
      </frames>
      <moveAnimation>
        <iniTop>298</iniTop>
        <maxTop>498</maxTop>
        <pixelsMoveTop>-2</pixelsMoveTop>
      </moveAnimation>
      <events>
        <event>
          <eventType>MoveAnimationMaxTopReached</eventType>
          <eventActions>
            <eventAction>StopMove</eventAction>
            <eventAction>ChangeFrameCollection</eventAction>
            <eventAction>ChangeSpeedAnimation</eventAction>
          </eventActions>
          <newSpeedAnimation>24</newSpeedAnimation>
          <whenFrameCollectionIndexIs>3</whenFrameCollectionIndexIs>
          <changeFrameCollectionIndexTo>2</changeFrameCollectionIndexTo>
        </event>
        <event>
          <eventType>FrameAnimationRepeatLoopEnds</eventType>
          <eventActions>
            <eventAction>ResumeMove</eventAction>
            <eventAction>ChangeFrameCollection</eventAction>
            <eventAction>ChangeSpeedAnimation</eventAction>
          </eventActions>
          <newSpeedAnimation>4</newSpeedAnimation>
          <whenFrameCollectionIndexIs>2</whenFrameCollectionIndexIs>
          <changeFrameCollectionIndexTo>0</changeFrameCollectionIndexTo>
        </event>
        <event>
          <eventType>FrameAnimationRepeatLoopEnds</eventType>
          <eventActions>
            <eventAction>ResumeMove</eventAction>
            <eventAction>ChangeFrameCollection</eventAction>
            <eventAction>ChangeSpeedAnimation</eventAction>
          </eventActions>
          <newSpeedAnimation>4</newSpeedAnimation>
          <whenFrameCollectionIndexIs>1</whenFrameCollectionIndexIs>
          <changeFrameCollectionIndexTo>3</changeFrameCollectionIndexTo>
        </event>
        <event>
          <eventType>MoveAnimationMaxBottomReached</eventType>
          <eventActions>
            <eventAction>StopMove</eventAction>
            <eventAction>ChangeFrameCollection</eventAction>
            <eventAction>ChangeSpeedAnimation</eventAction>
          </eventActions>
          <newSpeedAnimation>24</newSpeedAnimation>
          <whenFrameCollectionIndexIs>0</whenFrameCollectionIndexIs>
          <changeFrameCollectionIndexTo>1</changeFrameCollectionIndexTo>
        </event>
      </events>
      <left>518</left>
      <top>496</top>
      <speed>4</speed>
      <id>reUse2</id>
    </image>
    <image>
      <frames>
        <frameCollection>
          <frame>
            <fileName>soldiergwalk1.png</fileName>
          </frame>
          <frame>
            <fileName>soldiergwalk2.png</fileName>
          </frame>
          <frame>
            <fileName>soldiergwalk3.png</fileName>
          </frame>
          <frame>
            <fileName>soldiergwalk4.png</fileName>
          </frame>
        </frameCollection>
        <frameCollection>
          <frame>
            <fileName>soldiergturn1l.png</fileName>
          </frame>
          <frame>
            <fileName>soldiergturn2l.png</fileName>
          </frame>
          <frame>
            <fileName>soldiergturn1l.png</fileName>
          </frame>
          <frame>
            <fileName>soldiergturn3l.png</fileName>
          </frame>
          <repeatThisLoopForTimes>2</repeatThisLoopForTimes>
        </frameCollection>
      </frames>
      <moveAnimation>
        <iniLeft>102</iniLeft>
        <maxLeft>264</maxLeft>
        <pixelsMoveLeft>2</pixelsMoveLeft>
      </moveAnimation>
      <events>
        <event>
          <eventType>MoveAnimationMaxLeftReached</eventType>
          <eventActions>
            <eventAction>StopMove</eventAction>
            <eventAction>ChangeFrameCollection</eventAction>
            <eventAction>ChangeSpeedAnimation</eventAction>
          </eventActions>
          <newSpeedAnimation>24</newSpeedAnimation>
          <whenFrameCollectionIndexIs>0</whenFrameCollectionIndexIs>
          <changeFrameCollectionIndexTo>1</changeFrameCollectionIndexTo>
        </event>
        <event>
          <eventType>FrameAnimationRepeatLoopEnds</eventType>
          <eventActions>
            <eventAction>ResumeMove</eventAction>
            <eventAction>ChangeFrameCollection</eventAction>
            <eventAction>ChangeSpeedAnimation</eventAction>
            <eventAction>FlipImage</eventAction>
          </eventActions>
          <newSpeedAnimation>4</newSpeedAnimation>
          <whenFrameCollectionIndexIs>1</whenFrameCollectionIndexIs>
          <changeFrameCollectionIndexTo>0</changeFrameCollectionIndexTo>
        </event>
        <event>
          <eventType>MoveAnimationMaxRightReached</eventType>
          <eventActions>
            <eventAction>StopMove</eventAction>
            <eventAction>ChangeFrameCollection</eventAction>
            <eventAction>ChangeSpeedAnimation</eventAction>
          </eventActions>
          <newSpeedAnimation>24</newSpeedAnimation>
          <whenFrameCollectionIndexIs>0</whenFrameCollectionIndexIs>
          <changeFrameCollectionIndexTo>1</changeFrameCollectionIndexTo>
        </event>
      </events>
      <left>102</left>
      <top>668</top>
      <speed>4</speed>
    </image>
    <image>
      <frames>
        <frameCollection>
          <frame>
            <fileName></fileName>
          </frame>
        </frameCollection>
        <frameCollection>
          <frame>
            <fileName>soldierhide1.png</fileName>
          </frame>
          <frame>
            <fileName>soldierhide2.png</fileName>
          </frame>
          <repeatThisLoopForTimes>3</repeatThisLoopForTimes>
        </frameCollection>
        <frameCollection>
          <frame>
            <fileName>soldierhide3.png</fileName>
          </frame>
          <frame>
            <fileName>soldierhide4.png</fileName>
          </frame>
          <frame>
            <fileName>soldierhide5.png</fileName>
          </frame>
          <frame>
            <fileName>soldierhide6.png</fileName>
          </frame>
          <frame>
            <fileName>soldierhide7.png</fileName>
          </frame>
          <frame>
            <fileName>soldierhide8.png</fileName>
          </frame>
          <frame>
            <fileName>soldierhide9.png</fileName>
          </frame>
          <frame>
            <fileName>soldierhide10.png</fileName>
          </frame>
          <frame>
            <fileName>soldierhide11.png</fileName>
          </frame>
          <frame>
            <fileName>soldierhide11b.png</fileName>
            <delay>25</delay>
          </frame>
          <frame>
            <fileName>soldierhide13.png</fileName>
            <delay>1</delay>
          </frame>
          <frame>
            <fileName>soldierhide14.png</fileName>
          </frame>
          <frame>
            <fileName>soldierhide15.png</fileName>
          </frame>
        </frameCollection>
        <defaultFrameCollection>2</defaultFrameCollection>
      </frames>
      <events>
        <event>
          <eventType>TriggerActionByCurrentFrame</eventType>
          <eventActions>
            <eventAction>EditAnimationByID</eventAction>
          </eventActions>
          <editAnimationByIDOptions>
            <option>
              <imageID>arrow1</imageID>
              <editActions>
                <editAction>ResumeMove</editAction>
                <editAction>ChangeVisibleValue</editAction>
              </editActions>
              <newVisibleValue>true</newVisibleValue>
            </option>
          </editAnimationByIDOptions>
          <whenFrameCollectionIndexIs>2</whenFrameCollectionIndexIs>
          <whenCurrentFrameIndexIs>9</whenCurrentFrameIndexIs>
        </event>
        <event>
          <eventType>FrameAnimationLoopEnds</eventType>
          <eventActions>
            <eventAction>ChangeFrameCollection</eventAction>
            <eventAction>ChangeCustomCondition</eventAction>
          </eventActions>
          <whenFrameCollectionIndexIs>2</whenFrameCollectionIndexIs>
          <changeFrameCollectionIndexTo>1</changeFrameCollectionIndexTo>
          <newCustomCondition>stop</newCustomCondition>
        </event>
        <event>
          <eventType>FrameAnimationRepeatLoopEnds</eventType>
          <eventActions>
            <eventAction>ChangeFrameCollection</eventAction>
          </eventActions>
          <whenCustomConditionIs>stop</whenCustomConditionIs>
          <whenFrameCollectionIndexIs>1</whenFrameCollectionIndexIs>
          <changeFrameCollectionIndexTo>0</changeFrameCollectionIndexTo>
        </event>
        <event>
          <eventType>FrameAnimationLoopEnds</eventType>
          <eventActions>
            <eventAction>StopAnimation</eventAction>
          </eventActions>
          <whenCustomConditionIs>stop</whenCustomConditionIs>
          <whenFrameCollectionIndexIs>0</whenFrameCollectionIndexIs>
        </event>
        <event>
          <eventType>FrameAnimationLoopEnds</eventType>
          <eventActions>
            <eventAction>ChangeFrameCollection</eventAction>
          </eventActions>
          <whenCustomConditionIs>shot</whenCustomConditionIs>
          <whenFrameCollectionIndexIs>0</whenFrameCollectionIndexIs>
          <changeFrameCollectionIndexTo>1</changeFrameCollectionIndexTo>
        </event>
        <event>
          <eventType>FrameAnimationRepeatLoopEnds</eventType>
          <eventActions>
            <eventAction>ChangeFrameCollection</eventAction>
          </eventActions>
          <whenCustomConditionIs>shot</whenCustomConditionIs>
          <whenFrameCollectionIndexIs>1</whenFrameCollectionIndexIs>
          <changeFrameCollectionIndexTo>2</changeFrameCollectionIndexTo>
        </event>
      </events>
      <left>118</left>
      <top>278</top>
      <speed>1</speed>
      <flipImage>Horizontal</flipImage>
      <id>knight4</id>
    </image>
    <image>
      <fileName>soldierhide12.png</fileName>
      <moveAnimation>
        <iniLeft>-100</iniLeft>
        <maxLeft>118</maxLeft>
        <pixelsMoveLeft>-4</pixelsMoveLeft>
        <returnToTheBeginning>true</returnToTheBeginning>
        <moveAnimationStop>true</moveAnimationStop>
      </moveAnimation>
      <events>
        <event>
          <eventType>MoveAnimationMaxLeftReached</eventType>
          <eventActions>
            <eventAction>EditAnimationByID</eventAction>
            <eventAction>StopMove</eventAction>
            <eventAction>ChangeVisibleValue</eventAction>
          </eventActions>
          <editAnimationByIDOptions>
            <option>
              <imageID>knight4</imageID>
              <editActions>
                <editAction>ResumeAnimation</editAction>
                <editAction>ChangeCustomCondition</editAction>
              </editActions>
              <newCustomCondition>shot</newCustomCondition>
            </option>
          </editAnimationByIDOptions>
          <newVisibleValue>false</newVisibleValue>
        </event>
      </events>
      <left>118</left>
      <top>278</top>
      <speed>1</speed>
      <flipImage>Horizontal</flipImage>
      <visible>false</visible>
      <id>arrow1</id>
    </image>
    <image>
      <frames>
        <frameCollection>
          <frame>
            <fileName></fileName>
          </frame>
        </frameCollection>
        <frameCollection>
          <frame>
            <fileName>soldierhide1.png</fileName>
          </frame>
          <frame>
            <fileName>soldierhide2.png</fileName>
          </frame>
          <repeatThisLoopForTimes>3</repeatThisLoopForTimes>
        </frameCollection>
        <frameCollection>
          <frame>
            <fileName>soldierhide3.png</fileName>
          </frame>
          <frame>
            <fileName>soldierhide4.png</fileName>
          </frame>
          <frame>
            <fileName>soldierhide5.png</fileName>
          </frame>
          <frame>
            <fileName>soldierhide6.png</fileName>
          </frame>
          <frame>
            <fileName>soldierhide7.png</fileName>
          </frame>
          <frame>
            <fileName>soldierhide8.png</fileName>
          </frame>
          <frame>
            <fileName>soldierhide16.png</fileName>
          </frame>
          <frame>
            <fileName>soldierhide17.png</fileName>
          </frame>
          <frame>
            <fileName>soldierhide18.png</fileName>
          </frame>
          <frame>
            <fileName>soldierhide19.png</fileName>
            <delay>25</delay>
          </frame>
          <frame>
            <fileName>soldierhide13.png</fileName>
            <delay>1</delay>
          </frame>
          <frame>
            <fileName>soldierhide14.png</fileName>
          </frame>
          <frame>
            <fileName>soldierhide15.png</fileName>
          </frame>
        </frameCollection>
        <defaultFrameCollection>2</defaultFrameCollection>
        <currentFrame>7</currentFrame>
      </frames>
      <events>
        <event>
          <eventType>TriggerActionByCurrentFrame</eventType>
          <eventActions>
            <eventAction>EditAnimationByID</eventAction>
          </eventActions>
          <editAnimationByIDOptions>
            <option>
              <imageID>arrow2</imageID>
              <editActions>
                <editAction>ResumeMove</editAction>
                <editAction>ChangeVisibleValue</editAction>
              </editActions>
              <newVisibleValue>true</newVisibleValue>
            </option>
          </editAnimationByIDOptions>
          <whenFrameCollectionIndexIs>2</whenFrameCollectionIndexIs>
          <whenCurrentFrameIndexIs>9</whenCurrentFrameIndexIs>
        </event>
        <event>
          <eventType>FrameAnimationLoopEnds</eventType>
          <eventActions>
            <eventAction>ChangeFrameCollection</eventAction>
            <eventAction>ChangeCustomCondition</eventAction>
          </eventActions>
          <whenFrameCollectionIndexIs>2</whenFrameCollectionIndexIs>
          <changeFrameCollectionIndexTo>1</changeFrameCollectionIndexTo>
          <newCustomCondition>stop</newCustomCondition>
        </event>
        <event>
          <eventType>FrameAnimationRepeatLoopEnds</eventType>
          <eventActions>
            <eventAction>ChangeFrameCollection</eventAction>
          </eventActions>
          <whenCustomConditionIs>stop</whenCustomConditionIs>
          <whenFrameCollectionIndexIs>1</whenFrameCollectionIndexIs>
          <changeFrameCollectionIndexTo>0</changeFrameCollectionIndexTo>
        </event>
        <event>
          <eventType>FrameAnimationLoopEnds</eventType>
          <eventActions>
            <eventAction>StopAnimation</eventAction>
          </eventActions>
          <whenCustomConditionIs>stop</whenCustomConditionIs>
          <whenFrameCollectionIndexIs>0</whenFrameCollectionIndexIs>
        </event>
        <event>
          <eventType>FrameAnimationLoopEnds</eventType>
          <eventActions>
            <eventAction>ChangeFrameCollection</eventAction>
          </eventActions>
          <whenCustomConditionIs>shot</whenCustomConditionIs>
          <whenFrameCollectionIndexIs>0</whenFrameCollectionIndexIs>
          <changeFrameCollectionIndexTo>1</changeFrameCollectionIndexTo>
        </event>
        <event>
          <eventType>FrameAnimationRepeatLoopEnds</eventType>
          <eventActions>
            <eventAction>ChangeFrameCollection</eventAction>
          </eventActions>
          <whenCustomConditionIs>shot</whenCustomConditionIs>
          <whenFrameCollectionIndexIs>1</whenFrameCollectionIndexIs>
          <changeFrameCollectionIndexTo>2</changeFrameCollectionIndexTo>
        </event>
      </events>
      <left>142</left>
      <top>254</top>
      <speed>1</speed>
      <id>knight5</id>
    </image>
    <image>
      <fileName>soldierhide20.png</fileName>
      <moveAnimation>
        <iniTop>253</iniTop>
        <maxTop>521</maxTop>
        <pixelsMoveTop>4</pixelsMoveTop>
        <returnToTheBeginning>true</returnToTheBeginning>
        <moveAnimationStop>true</moveAnimationStop>
      </moveAnimation>
      <events>
        <event>
          <eventType>MoveAnimationMaxBottomReached</eventType>
          <eventActions>
            <eventAction>EditAnimationByID</eventAction>
            <eventAction>StopMove</eventAction>
            <eventAction>ChangeVisibleValue</eventAction>
          </eventActions>
          <editAnimationByIDOptions>
            <option>
              <imageID>knight5</imageID>
              <editActions>
                <editAction>ResumeAnimation</editAction>
                <editAction>ChangeCustomCondition</editAction>
              </editActions>
              <newCustomCondition>shot</newCustomCondition>
            </option>
          </editAnimationByIDOptions>
          <newVisibleValue>false</newVisibleValue>
        </event>
      </events>
      <left>142</left>
      <top>253</top>
      <speed>1</speed>
      <visible>false</visible>
      <id>arrow2</id>
    </image>
    <image>
      <frames>
        <frameCollection>
          <frame>
            <fileName>soldierhyrule12.png</fileName>
          </frame>
          <frame>
            <fileName>soldierhyrule13.png</fileName>
          </frame>
        </frameCollection>
        <frameCollection>
          <frame>
            <fileName>soldierhyrule7.png</fileName>
          </frame>
          <frame>
            <fileName>soldierhyrule8.png</fileName>
          </frame>
          <frame>
            <fileName>soldierhyrule7.png</fileName>
          </frame>
          <frame>
            <fileName>soldierhyrule6.png</fileName>
          </frame>
          <repeatThisLoopForTimes>2</repeatThisLoopForTimes>
        </frameCollection>
        <frameCollection>
          <frame>
            <fileName>soldierhyrule10.png</fileName>
          </frame>
          <frame>
            <fileName>soldierhyrule9.png</fileName>
          </frame>
          <frame>
            <fileName>soldierhyrule10.png</fileName>
          </frame>
          <frame>
            <fileName>soldierhyrule11.png</fileName>
          </frame>
          <repeatThisLoopForTimes>2</repeatThisLoopForTimes>
        </frameCollection>
        <frameCollection>
          <frame>
            <fileName>soldierhyrule14.png</fileName>
          </frame>
          <frame>
            <fileName>soldierhyrule15.png</fileName>
          </frame>
        </frameCollection>
      </frames>
      <moveAnimation>
        <iniTop>656</iniTop>
        <maxTop>888</maxTop>
        <pixelsMoveTop>2</pixelsMoveTop>
      </moveAnimation>
      <events>
        <event>
          <eventType>MoveAnimationMaxTopReached</eventType>
          <eventActions>
            <eventAction>StopMove</eventAction>
            <eventAction>ChangeFrameCollection</eventAction>
            <eventAction>ChangeSpeedAnimation</eventAction>
          </eventActions>
          <newSpeedAnimation>24</newSpeedAnimation>
          <whenFrameCollectionIndexIs>3</whenFrameCollectionIndexIs>
          <changeFrameCollectionIndexTo>2</changeFrameCollectionIndexTo>
        </event>
        <event>
          <eventType>FrameAnimationRepeatLoopEnds</eventType>
          <eventActions>
            <eventAction>ResumeMove</eventAction>
            <eventAction>ChangeFrameCollection</eventAction>
            <eventAction>ChangeSpeedAnimation</eventAction>
          </eventActions>
          <newSpeedAnimation>4</newSpeedAnimation>
          <whenFrameCollectionIndexIs>2</whenFrameCollectionIndexIs>
          <changeFrameCollectionIndexTo>0</changeFrameCollectionIndexTo>
        </event>
        <event>
          <eventType>FrameAnimationRepeatLoopEnds</eventType>
          <eventActions>
            <eventAction>ResumeMove</eventAction>
            <eventAction>ChangeFrameCollection</eventAction>
            <eventAction>ChangeSpeedAnimation</eventAction>
          </eventActions>
          <newSpeedAnimation>4</newSpeedAnimation>
          <whenFrameCollectionIndexIs>1</whenFrameCollectionIndexIs>
          <changeFrameCollectionIndexTo>3</changeFrameCollectionIndexTo>
        </event>
        <event>
          <eventType>MoveAnimationMaxBottomReached</eventType>
          <eventActions>
            <eventAction>StopMove</eventAction>
            <eventAction>ChangeFrameCollection</eventAction>
            <eventAction>ChangeSpeedAnimation</eventAction>
          </eventActions>
          <newSpeedAnimation>24</newSpeedAnimation>
          <whenFrameCollectionIndexIs>0</whenFrameCollectionIndexIs>
          <changeFrameCollectionIndexTo>1</changeFrameCollectionIndexTo>
        </event>
      </events>
      <left>495</left>
      <top>656</top>
      <speed>4</speed>
    </image>
    <image>
      <frames>
        <frameCollection>
          <frame>
            <fileName>soldierhyrule4.png</fileName>
          </frame>
          <frame>
            <fileName>soldierhyrule5.png</fileName>
          </frame>
        </frameCollection>
        <frameCollection>
          <frame>
            <fileName>soldierhyrule2.png</fileName>
          </frame>
          <frame>
            <fileName>soldierhyrule1.png</fileName>
          </frame>
          <frame>
            <fileName>soldierhyrule2.png</fileName>
          </frame>
          <frame>
            <fileName>soldierhyrule3.png</fileName>
          </frame>
          <repeatThisLoopForTimes>2</repeatThisLoopForTimes>
        </frameCollection>
      </frames>
      <moveAnimation>
        <iniLeft>576</iniLeft>
        <maxLeft>783</maxLeft>
        <pixelsMoveLeft>2</pixelsMoveLeft>
      </moveAnimation>
      <events>
        <event>
          <eventType>MoveAnimationMaxLeftReached</eventType>
          <eventActions>
            <eventAction>StopMove</eventAction>
            <eventAction>ChangeFrameCollection</eventAction>
            <eventAction>ChangeSpeedAnimation</eventAction>
          </eventActions>
          <newSpeedAnimation>24</newSpeedAnimation>
          <whenFrameCollectionIndexIs>0</whenFrameCollectionIndexIs>
          <changeFrameCollectionIndexTo>1</changeFrameCollectionIndexTo>
        </event>
        <event>
          <eventType>FrameAnimationRepeatLoopEnds</eventType>
          <eventActions>
            <eventAction>ResumeMove</eventAction>
            <eventAction>ChangeFrameCollection</eventAction>
            <eventAction>ChangeSpeedAnimation</eventAction>
            <eventAction>FlipImage</eventAction>
          </eventActions>
          <newSpeedAnimation>4</newSpeedAnimation>
          <whenFrameCollectionIndexIs>1</whenFrameCollectionIndexIs>
          <changeFrameCollectionIndexTo>0</changeFrameCollectionIndexTo>
        </event>
        <event>
          <eventType>MoveAnimationMaxRightReached</eventType>
          <eventActions>
            <eventAction>StopMove</eventAction>
            <eventAction>ChangeFrameCollection</eventAction>
            <eventAction>ChangeSpeedAnimation</eventAction>
          </eventActions>
          <newSpeedAnimation>24</newSpeedAnimation>
          <whenFrameCollectionIndexIs>0</whenFrameCollectionIndexIs>
          <changeFrameCollectionIndexTo>1</changeFrameCollectionIndexTo>
        </event>
      </events>
      <left>576</left>
      <top>704</top>
      <speed>4</speed>
    </image>
  </images>
</doc>
