<?xml version="1.0"?>
<doc>
  <basic type="animations">
    <screenCanvasResolution>
      <width>1024</width>
      <height>1024</height>
    </screenCanvasResolution>
    <canvasResolution>
      <maxWidth>1024</maxWidth>
      <maxHeight>1024</maxHeight>
    </canvasResolution>
    <bgColor>#00000000</bgColor>
  </basic>
  <images>
    <image>
      <frames>
        <frameCollection>
          <frame>
            <fileName>enea4.png</fileName>
            <delay>1</delay>
          </frame>
          <frame>
            <fileName>enea5.png</fileName>
          </frame>
          <frame>
            <fileName>enea6.png</fileName>
          </frame>
          <frame>
            <fileName>enea7.png</fileName>
          </frame>
        </frameCollection>
        <frameCollection>
          <frame>
            <fileName>enea4.png</fileName>
            <delay>3</delay>
          </frame>
          <frame>
            <fileName>enea2.png</fileName>
          </frame>
          <frame>
            <fileName>enea3.png</fileName>
          </frame>
          <repeatThisLoopForTimes>4</repeatThisLoopForTimes>
        </frameCollection>
        <framesAnimationSpeed>4</framesAnimationSpeed>
        <returnBackwardToFirstFrame>true</returnBackwardToFirstFrame>
      </frames>
      <moveAnimation>
        <iniLeft>642</iniLeft>
        <iniTop>110</iniTop>
        <maxLeft>762</maxLeft>
        <maxTop>122</maxTop>
        <pixelsMoveTop>1</pixelsMoveTop>
        <pixelsMoveLeft>4</pixelsMoveLeft>
      </moveAnimation>
      <events>
        <event>
          <eventType>FrameAnimationReturnBackwardToFirstFrameEnds</eventType>
          <eventType>MoveAnimationMaxTopReached</eventType>
          <eventType>MoveAnimationMaxBottomReached</eventType>
          <eventType>MoveAnimationMaxLeftReached</eventType>
          <eventType>MoveAnimationMaxRightReached</eventType>
          <eventActions>
            <eventAction>StopMove</eventAction>
            <eventAction>ChangeFrameCollection</eventAction>
          </eventActions>
          <whenFrameCollectionIndexIs>0</whenFrameCollectionIndexIs>
          <changeFrameCollectionIndexTo>1</changeFrameCollectionIndexTo>
        </event>
        <event>
          <eventType>FrameAnimationRepeatLoopEnds</eventType>
          <eventActions>
            <eventAction>ResumeMove</eventAction>
            <eventAction>ChangeFrameCollection</eventAction>
          </eventActions>
          <whenFrameCollectionIndexIs>1</whenFrameCollectionIndexIs>
          <changeFrameCollectionIndexTo>0</changeFrameCollectionIndexTo>
        </event>
      </events>
      <left>700</left>
      <top>112</top>
    </image>
    <image>
      <frames>
        <reUseTagFramesFromPreviousImage>true</reUseTagFramesFromPreviousImage>
        <framesAnimationSpeed>4</framesAnimationSpeed>
        <returnBackwardToFirstFrame>true</returnBackwardToFirstFrame>
        <defaultFrameCollection>1</defaultFrameCollection>
      </frames>
      <moveAnimation>
        <iniLeft>836</iniLeft>
        <iniTop>112</iniTop>
        <maxLeft>880</maxLeft>
        <maxTop>168</maxTop>
        <pixelsMoveTop>1</pixelsMoveTop>
        <pixelsMoveLeft>4</pixelsMoveLeft>
        <moveAnimationStop>true</moveAnimationStop>
      </moveAnimation>
      <events>
        <event>
          <eventType>FrameAnimationReturnBackwardToFirstFrameEnds</eventType>
          <eventType>MoveAnimationMaxTopReached</eventType>
          <eventType>MoveAnimationMaxBottomReached</eventType>
          <eventType>MoveAnimationMaxLeftReached</eventType>
          <eventType>MoveAnimationMaxRightReached</eventType>
          <eventActions>
            <eventAction>StopMove</eventAction>
            <eventAction>ChangeFrameCollection</eventAction>
          </eventActions>
          <whenFrameCollectionIndexIs>0</whenFrameCollectionIndexIs>
          <changeFrameCollectionIndexTo>1</changeFrameCollectionIndexTo>
        </event>
        <event>
          <eventType>FrameAnimationRepeatLoopEnds</eventType>
          <eventActions>
            <eventAction>ResumeMove</eventAction>
            <eventAction>ChangeFrameCollection</eventAction>
          </eventActions>
          <whenFrameCollectionIndexIs>1</whenFrameCollectionIndexIs>
          <changeFrameCollectionIndexTo>0</changeFrameCollectionIndexTo>
        </event>
      </events>
      <left>850</left>
      <top>140</top>
    </image>
    <image>
      <frames>
        <reUseTagFramesFromPreviousImage>true</reUseTagFramesFromPreviousImage>
        <framesAnimationSpeed>4</framesAnimationSpeed>
        <returnBackwardToFirstFrame>true</returnBackwardToFirstFrame>
        <defaultFrameCollection>1</defaultFrameCollection>
      </frames>
      <moveAnimation>
        <iniLeft>250</iniLeft>
        <iniTop>260</iniTop>
        <maxLeft>304</maxLeft>
        <maxTop>280</maxTop>
        <pixelsMoveTop>-1</pixelsMoveTop>
        <pixelsMoveLeft>-4</pixelsMoveLeft>
        <moveAnimationStop>true</moveAnimationStop>
      </moveAnimation>
      <events>
        <event>
          <eventType>FrameAnimationReturnBackwardToFirstFrameEnds</eventType>
          <eventType>MoveAnimationMaxTopReached</eventType>
          <eventType>MoveAnimationMaxBottomReached</eventType>
          <eventType>MoveAnimationMaxLeftReached</eventType>
          <eventType>MoveAnimationMaxRightReached</eventType>
          <eventActions>
            <eventAction>StopMove</eventAction>
            <eventAction>ChangeFrameCollection</eventAction>
          </eventActions>
          <whenFrameCollectionIndexIs>0</whenFrameCollectionIndexIs>
          <changeFrameCollectionIndexTo>1</changeFrameCollectionIndexTo>
        </event>
        <event>
          <eventType>FrameAnimationRepeatLoopEnds</eventType>
          <eventActions>
            <eventAction>ResumeMove</eventAction>
            <eventAction>ChangeFrameCollection</eventAction>
          </eventActions>
          <whenFrameCollectionIndexIs>1</whenFrameCollectionIndexIs>
          <changeFrameCollectionIndexTo>0</changeFrameCollectionIndexTo>
        </event>
      </events>
      <left>252</left>
      <top>270</top>
    </image>
    <image>
      <frames>
        <reUseTagFramesFromPreviousImage>true</reUseTagFramesFromPreviousImage>
        <framesAnimationSpeed>4</framesAnimationSpeed>
        <returnBackwardToFirstFrame>true</returnBackwardToFirstFrame>
        <!--<defaultFrameCollection>1</defaultFrameCollection>-->
      </frames>
      <moveAnimation>
        <iniLeft>98</iniLeft>
        <iniTop>464</iniTop>
        <maxLeft>210</maxLeft>
        <maxTop>492</maxTop>
        <pixelsMoveTop>1</pixelsMoveTop>
        <pixelsMoveLeft>-4</pixelsMoveLeft>
        <moveAnimationStop>true</moveAnimationStop>
      </moveAnimation>
      <events>
        <event>
          <eventType>FrameAnimationReturnBackwardToFirstFrameEnds</eventType>
          <eventType>MoveAnimationMaxTopReached</eventType>
          <eventType>MoveAnimationMaxBottomReached</eventType>
          <eventType>MoveAnimationMaxLeftReached</eventType>
          <eventType>MoveAnimationMaxRightReached</eventType>
          <eventActions>
            <eventAction>StopMove</eventAction>
            <eventAction>ChangeFrameCollection</eventAction>
          </eventActions>
          <whenFrameCollectionIndexIs>0</whenFrameCollectionIndexIs>
          <changeFrameCollectionIndexTo>1</changeFrameCollectionIndexTo>
        </event>
        <event>
          <eventType>FrameAnimationRepeatLoopEnds</eventType>
          <eventActions>
            <eventAction>ResumeMove</eventAction>
            <eventAction>ChangeFrameCollection</eventAction>
          </eventActions>
          <whenFrameCollectionIndexIs>1</whenFrameCollectionIndexIs>
          <changeFrameCollectionIndexTo>0</changeFrameCollectionIndexTo>
        </event>
      </events>
      <left>150</left>
      <top>480</top>
    </image>
    <image>
      <frames>
        <reUseTagFramesFromPreviousImage>true</reUseTagFramesFromPreviousImage>
        <framesAnimationSpeed>4</framesAnimationSpeed>
        <returnBackwardToFirstFrame>true</returnBackwardToFirstFrame>
        <defaultFrameCollection>1</defaultFrameCollection>
      </frames>
      <moveAnimation>
        <iniLeft>160</iniLeft>
        <iniTop>448</iniTop>
        <maxLeft>208</maxLeft>
        <maxTop>514</maxTop>
        <pixelsMoveTop>-1</pixelsMoveTop>
        <pixelsMoveLeft>-4</pixelsMoveLeft>
        <moveAnimationStop>true</moveAnimationStop>
      </moveAnimation>
      <events>
        <event>
          <eventType>FrameAnimationReturnBackwardToFirstFrameEnds</eventType>
          <eventType>MoveAnimationMaxTopReached</eventType>
          <eventType>MoveAnimationMaxBottomReached</eventType>
          <eventType>MoveAnimationMaxLeftReached</eventType>
          <eventType>MoveAnimationMaxRightReached</eventType>
          <eventActions>
            <eventAction>StopMove</eventAction>
            <eventAction>ChangeFrameCollection</eventAction>
          </eventActions>
          <whenFrameCollectionIndexIs>0</whenFrameCollectionIndexIs>
          <changeFrameCollectionIndexTo>1</changeFrameCollectionIndexTo>
        </event>
        <event>
          <eventType>FrameAnimationRepeatLoopEnds</eventType>
          <eventActions>
            <eventAction>ResumeMove</eventAction>
            <eventAction>ChangeFrameCollection</eventAction>
          </eventActions>
          <whenFrameCollectionIndexIs>1</whenFrameCollectionIndexIs>
          <changeFrameCollectionIndexTo>0</changeFrameCollectionIndexTo>
        </event>
      </events>
      <left>190</left>
      <top>450</top>
    </image>
    <image>
      <frames>
        <reUseTagFramesFromPreviousImage>true</reUseTagFramesFromPreviousImage>
        <framesAnimationSpeed>4</framesAnimationSpeed>
        <returnBackwardToFirstFrame>true</returnBackwardToFirstFrame>
        <!--<defaultFrameCollection>1</defaultFrameCollection>-->
      </frames>
      <moveAnimation>
        <iniLeft>450</iniLeft>
        <iniTop>398</iniTop>
        <maxLeft>512</maxLeft>
        <maxTop>422</maxTop>
        <pixelsMoveTop>1</pixelsMoveTop>
        <pixelsMoveLeft>-4</pixelsMoveLeft>
        <moveAnimationStop>true</moveAnimationStop>
      </moveAnimation>
      <events>
        <event>
          <eventType>FrameAnimationReturnBackwardToFirstFrameEnds</eventType>
          <eventType>MoveAnimationMaxTopReached</eventType>
          <eventType>MoveAnimationMaxBottomReached</eventType>
          <eventType>MoveAnimationMaxLeftReached</eventType>
          <eventType>MoveAnimationMaxRightReached</eventType>
          <eventActions>
            <eventAction>StopMove</eventAction>
            <eventAction>ChangeFrameCollection</eventAction>
          </eventActions>
          <whenFrameCollectionIndexIs>0</whenFrameCollectionIndexIs>
          <changeFrameCollectionIndexTo>1</changeFrameCollectionIndexTo>
        </event>
        <event>
          <eventType>FrameAnimationRepeatLoopEnds</eventType>
          <eventActions>
            <eventAction>ResumeMove</eventAction>
            <eventAction>ChangeFrameCollection</eventAction>
          </eventActions>
          <whenFrameCollectionIndexIs>1</whenFrameCollectionIndexIs>
          <changeFrameCollectionIndexTo>0</changeFrameCollectionIndexTo>
        </event>
      </events>
      <left>480</left>
      <top>410</top>
    </image>
    <image>
      <frames>
        <reUseTagFramesFromPreviousImage>true</reUseTagFramesFromPreviousImage>
        <framesAnimationSpeed>4</framesAnimationSpeed>
        <returnBackwardToFirstFrame>true</returnBackwardToFirstFrame>
        <defaultFrameCollection>1</defaultFrameCollection>
      </frames>
      <moveAnimation>
        <iniLeft>662</iniLeft>
        <iniTop>314</iniTop>
        <maxLeft>684</maxLeft>
        <maxTop>476</maxTop>
        <pixelsMoveTop>4</pixelsMoveTop>
        <pixelsMoveLeft>1</pixelsMoveLeft>
        <moveAnimationStop>true</moveAnimationStop>
      </moveAnimation>
      <events>
        <event>
          <eventType>FrameAnimationReturnBackwardToFirstFrameEnds</eventType>
          <eventType>MoveAnimationMaxTopReached</eventType>
          <eventType>MoveAnimationMaxBottomReached</eventType>
          <eventType>MoveAnimationMaxLeftReached</eventType>
          <eventType>MoveAnimationMaxRightReached</eventType>
          <eventActions>
            <eventAction>StopMove</eventAction>
            <eventAction>ChangeFrameCollection</eventAction>
          </eventActions>
          <whenFrameCollectionIndexIs>0</whenFrameCollectionIndexIs>
          <changeFrameCollectionIndexTo>1</changeFrameCollectionIndexTo>
        </event>
        <event>
          <eventType>FrameAnimationRepeatLoopEnds</eventType>
          <eventActions>
            <eventAction>ResumeMove</eventAction>
            <eventAction>ChangeFrameCollection</eventAction>
          </eventActions>
          <whenFrameCollectionIndexIs>1</whenFrameCollectionIndexIs>
          <changeFrameCollectionIndexTo>0</changeFrameCollectionIndexTo>
        </event>
      </events>
      <left>670</left>
      <top>320</top>
    </image>
    <image>
      <frames>
        <reUseTagFramesFromPreviousImage>true</reUseTagFramesFromPreviousImage>
        <framesAnimationSpeed>4</framesAnimationSpeed>
        <returnBackwardToFirstFrame>true</returnBackwardToFirstFrame>
        <!--<defaultFrameCollection>1</defaultFrameCollection>-->
      </frames>
      <moveAnimation>
        <iniLeft>706</iniLeft>
        <iniTop>480</iniTop>
        <maxLeft>736</maxLeft>
        <maxTop>522</maxTop>
        <pixelsMoveTop>4</pixelsMoveTop>
        <pixelsMoveLeft>1</pixelsMoveLeft>
        <!--<moveAnimationStop>true</moveAnimationStop>-->
      </moveAnimation>
      <events>
        <event>
          <eventType>FrameAnimationReturnBackwardToFirstFrameEnds</eventType>
          <eventType>MoveAnimationMaxTopReached</eventType>
          <eventType>MoveAnimationMaxBottomReached</eventType>
          <eventType>MoveAnimationMaxLeftReached</eventType>
          <eventType>MoveAnimationMaxRightReached</eventType>
          <eventActions>
            <eventAction>StopMove</eventAction>
            <eventAction>ChangeFrameCollection</eventAction>
          </eventActions>
          <whenFrameCollectionIndexIs>0</whenFrameCollectionIndexIs>
          <changeFrameCollectionIndexTo>1</changeFrameCollectionIndexTo>
        </event>
        <event>
          <eventType>FrameAnimationRepeatLoopEnds</eventType>
          <eventActions>
            <eventAction>ResumeMove</eventAction>
            <eventAction>ChangeFrameCollection</eventAction>
          </eventActions>
          <whenFrameCollectionIndexIs>1</whenFrameCollectionIndexIs>
          <changeFrameCollectionIndexTo>0</changeFrameCollectionIndexTo>
        </event>
      </events>
      <left>720</left>
      <top>500</top>
    </image>
    <image>
      <frames>
        <reUseTagFramesFromPreviousImage>true</reUseTagFramesFromPreviousImage>
        <framesAnimationSpeed>4</framesAnimationSpeed>
        <returnBackwardToFirstFrame>true</returnBackwardToFirstFrame>
        <defaultFrameCollection>1</defaultFrameCollection>
      </frames>
      <moveAnimation>
        <iniLeft>768</iniLeft>
        <iniTop>574</iniTop>
        <maxLeft>800</maxLeft>
        <maxTop>636</maxTop>
        <pixelsMoveTop>4</pixelsMoveTop>
        <pixelsMoveLeft>1</pixelsMoveLeft>
        <moveAnimationStop>true</moveAnimationStop>
      </moveAnimation>
      <events>
        <event>
          <eventType>FrameAnimationReturnBackwardToFirstFrameEnds</eventType>
          <eventType>MoveAnimationMaxTopReached</eventType>
          <eventType>MoveAnimationMaxBottomReached</eventType>
          <eventType>MoveAnimationMaxLeftReached</eventType>
          <eventType>MoveAnimationMaxRightReached</eventType>
          <eventActions>
            <eventAction>StopMove</eventAction>
            <eventAction>ChangeFrameCollection</eventAction>
          </eventActions>
          <whenFrameCollectionIndexIs>0</whenFrameCollectionIndexIs>
          <changeFrameCollectionIndexTo>1</changeFrameCollectionIndexTo>
        </event>
        <event>
          <eventType>FrameAnimationRepeatLoopEnds</eventType>
          <eventActions>
            <eventAction>ResumeMove</eventAction>
            <eventAction>ChangeFrameCollection</eventAction>
          </eventActions>
          <whenFrameCollectionIndexIs>1</whenFrameCollectionIndexIs>
          <changeFrameCollectionIndexTo>0</changeFrameCollectionIndexTo>
        </event>
      </events>
      <left>780</left>
      <top>600</top>
    </image>
    <image>
      <frames>
        <reUseTagFramesFromPreviousImage>true</reUseTagFramesFromPreviousImage>
        <framesAnimationSpeed>4</framesAnimationSpeed>
        <returnBackwardToFirstFrame>true</returnBackwardToFirstFrame>
        <defaultFrameCollection>1</defaultFrameCollection>
      </frames>
      <moveAnimation>
        <iniLeft>312</iniLeft>
        <iniTop>648</iniTop>
        <maxLeft>330</maxLeft>
        <maxTop>872</maxTop>
        <pixelsMoveTop>4</pixelsMoveTop>
        <pixelsMoveLeft>1</pixelsMoveLeft>
        <moveAnimationStop>true</moveAnimationStop>
      </moveAnimation>
      <events>
        <event>
          <eventType>FrameAnimationReturnBackwardToFirstFrameEnds</eventType>
          <eventType>MoveAnimationMaxTopReached</eventType>
          <eventType>MoveAnimationMaxBottomReached</eventType>
          <eventType>MoveAnimationMaxLeftReached</eventType>
          <eventType>MoveAnimationMaxRightReached</eventType>
          <eventActions>
            <eventAction>StopMove</eventAction>
            <eventAction>ChangeFrameCollection</eventAction>
          </eventActions>
          <whenFrameCollectionIndexIs>0</whenFrameCollectionIndexIs>
          <changeFrameCollectionIndexTo>1</changeFrameCollectionIndexTo>
        </event>
        <event>
          <eventType>FrameAnimationRepeatLoopEnds</eventType>
          <eventActions>
            <eventAction>ResumeMove</eventAction>
            <eventAction>ChangeFrameCollection</eventAction>
          </eventActions>
          <whenFrameCollectionIndexIs>1</whenFrameCollectionIndexIs>
          <changeFrameCollectionIndexTo>0</changeFrameCollectionIndexTo>
        </event>
      </events>
      <left>320</left>
      <top>850</top>
    </image>
    <image>
      <frames>
        <reUseTagFramesFromPreviousImage>true</reUseTagFramesFromPreviousImage>
        <framesAnimationSpeed>4</framesAnimationSpeed>
        <returnBackwardToFirstFrame>true</returnBackwardToFirstFrame>
        <!--<defaultFrameCollection>1</defaultFrameCollection>-->
      </frames>
      <moveAnimation>
        <iniLeft>372</iniLeft>
        <iniTop>906</iniTop>
        <maxLeft>434</maxLeft>
        <maxTop>922</maxTop>
        <pixelsMoveTop>1</pixelsMoveTop>
        <pixelsMoveLeft>4</pixelsMoveLeft>
        <!--<moveAnimationStop>true</moveAnimationStop>-->
      </moveAnimation>
      <events>
        <event>
          <eventType>FrameAnimationReturnBackwardToFirstFrameEnds</eventType>
          <eventType>MoveAnimationMaxTopReached</eventType>
          <eventType>MoveAnimationMaxBottomReached</eventType>
          <eventType>MoveAnimationMaxLeftReached</eventType>
          <eventType>MoveAnimationMaxRightReached</eventType>
          <eventActions>
            <eventAction>StopMove</eventAction>
            <eventAction>ChangeFrameCollection</eventAction>
          </eventActions>
          <whenFrameCollectionIndexIs>0</whenFrameCollectionIndexIs>
          <changeFrameCollectionIndexTo>1</changeFrameCollectionIndexTo>
        </event>
        <event>
          <eventType>FrameAnimationRepeatLoopEnds</eventType>
          <eventActions>
            <eventAction>ResumeMove</eventAction>
            <eventAction>ChangeFrameCollection</eventAction>
          </eventActions>
          <whenFrameCollectionIndexIs>1</whenFrameCollectionIndexIs>
          <changeFrameCollectionIndexTo>0</changeFrameCollectionIndexTo>
        </event>
      </events>
      <left>400</left>
      <top>914</top>
    </image>
    <image>
      <frames>
        <reUseTagFramesFromPreviousImage>true</reUseTagFramesFromPreviousImage>
        <framesAnimationSpeed>4</framesAnimationSpeed>
        <returnBackwardToFirstFrame>true</returnBackwardToFirstFrame>
        <!--<defaultFrameCollection>1</defaultFrameCollection>-->
      </frames>
      <moveAnimation>
        <iniLeft>322</iniLeft>
        <maxLeft>430</maxLeft>
        <pixelsMoveTop>0</pixelsMoveTop>
        <pixelsMoveLeft>4</pixelsMoveLeft>
        <!--<moveAnimationStop>true</moveAnimationStop>-->
      </moveAnimation>
      <events>
        <event>
          <eventType>FrameAnimationReturnBackwardToFirstFrameEnds</eventType>
          <eventType>MoveAnimationMaxLeftReached</eventType>
          <eventType>MoveAnimationMaxRightReached</eventType>
          <eventActions>
            <eventAction>StopMove</eventAction>
            <eventAction>ChangeFrameCollection</eventAction>
          </eventActions>
          <whenFrameCollectionIndexIs>0</whenFrameCollectionIndexIs>
          <changeFrameCollectionIndexTo>1</changeFrameCollectionIndexTo>
        </event>
        <event>
          <eventType>FrameAnimationRepeatLoopEnds</eventType>
          <eventActions>
            <eventAction>ResumeMove</eventAction>
            <eventAction>ChangeFrameCollection</eventAction>
          </eventActions>
          <whenFrameCollectionIndexIs>1</whenFrameCollectionIndexIs>
          <changeFrameCollectionIndexTo>0</changeFrameCollectionIndexTo>
        </event>
      </events>
      <left>340</left>
      <top>89</top>
    </image>
    <image>
      <frames>
        <reUseTagFramesFromPreviousImage>true</reUseTagFramesFromPreviousImage>
        <framesAnimationSpeed>-4</framesAnimationSpeed>
        <returnBackwardToFirstFrame>true</returnBackwardToFirstFrame>
        <!--<defaultFrameCollection>1</defaultFrameCollection>-->
      </frames>
      <moveAnimation>
        <iniLeft>130</iniLeft>
        <maxLeft>224</maxLeft>
        <pixelsMoveTop>0</pixelsMoveTop>
        <pixelsMoveLeft>4</pixelsMoveLeft>
        <!--<moveAnimationStop>true</moveAnimationStop>-->
      </moveAnimation>
      <events>
        <event>
          <eventType>FrameAnimationReturnBackwardToFirstFrameEnds</eventType>
          <eventType>MoveAnimationMaxLeftReached</eventType>
          <eventType>MoveAnimationMaxRightReached</eventType>
          <eventActions>
            <eventAction>StopMove</eventAction>
            <eventAction>ChangeFrameCollection</eventAction>
          </eventActions>
          <whenFrameCollectionIndexIs>0</whenFrameCollectionIndexIs>
          <changeFrameCollectionIndexTo>1</changeFrameCollectionIndexTo>
        </event>
        <event>
          <eventType>FrameAnimationRepeatLoopEnds</eventType>
          <eventActions>
            <eventAction>ResumeMove</eventAction>
            <eventAction>ChangeFrameCollection</eventAction>
          </eventActions>
          <whenFrameCollectionIndexIs>1</whenFrameCollectionIndexIs>
          <changeFrameCollectionIndexTo>0</changeFrameCollectionIndexTo>
        </event>
      </events>
      <left>200</left>
      <top>873</top>
    </image>
    <image>
      <frames>
        <reUseTagFramesFromPreviousImage>true</reUseTagFramesFromPreviousImage>
        <framesAnimationSpeed>4</framesAnimationSpeed>
        <returnBackwardToFirstFrame>true</returnBackwardToFirstFrame>
        <!--<defaultFrameCollection>1</defaultFrameCollection>-->
      </frames>
      <moveAnimation>
        <iniLeft>344</iniLeft>
        <iniTop>562</iniTop>
        <maxLeft>426</maxLeft>
        <maxTop>644</maxTop>
        <pixelsMoveTop>-2</pixelsMoveTop>
        <pixelsMoveLeft>2</pixelsMoveLeft>
        <!--<moveAnimationStop>true</moveAnimationStop>-->
      </moveAnimation>
      <events>
        <event>
          <eventType>FrameAnimationReturnBackwardToFirstFrameEnds</eventType>
          <eventType>MoveAnimationMaxTopReached</eventType>
          <eventType>MoveAnimationMaxBottomReached</eventType>
          <eventType>MoveAnimationMaxLeftReached</eventType>
          <eventType>MoveAnimationMaxRightReached</eventType>
          <eventActions>
            <eventAction>StopMove</eventAction>
            <eventAction>ChangeFrameCollection</eventAction>
          </eventActions>
          <whenFrameCollectionIndexIs>0</whenFrameCollectionIndexIs>
          <changeFrameCollectionIndexTo>1</changeFrameCollectionIndexTo>
        </event>
        <event>
          <eventType>FrameAnimationRepeatLoopEnds</eventType>
          <eventActions>
            <eventAction>ResumeMove</eventAction>
            <eventAction>ChangeFrameCollection</eventAction>
          </eventActions>
          <whenFrameCollectionIndexIs>1</whenFrameCollectionIndexIs>
          <changeFrameCollectionIndexTo>0</changeFrameCollectionIndexTo>
        </event>
      </events>
      <left>344</left>
      <top>644</top>
    </image>

    <image>
      <frames>
        <reUseTagFramesFromPreviousImage>true</reUseTagFramesFromPreviousImage>
        <framesAnimationSpeed>4</framesAnimationSpeed>
        <returnBackwardToFirstFrame>true</returnBackwardToFirstFrame>
        <!--<defaultFrameCollection>1</defaultFrameCollection>-->
      </frames>
      <moveAnimation>
        <iniLeft>732</iniLeft>
        <iniTop>788</iniTop>
        <maxLeft>802</maxLeft>
        <maxTop>858</maxTop>
        <pixelsMoveTop>2</pixelsMoveTop>
        <pixelsMoveLeft>-2</pixelsMoveLeft>
        <!--<moveAnimationStop>true</moveAnimationStop>-->
      </moveAnimation>
      <events>
        <event>
          <eventType>FrameAnimationReturnBackwardToFirstFrameEnds</eventType>
          <eventType>MoveAnimationMaxTopReached</eventType>
          <eventType>MoveAnimationMaxBottomReached</eventType>
          <eventType>MoveAnimationMaxLeftReached</eventType>
          <eventType>MoveAnimationMaxRightReached</eventType>
          <eventActions>
            <eventAction>StopMove</eventAction>
            <eventAction>ChangeFrameCollection</eventAction>
          </eventActions>
          <whenFrameCollectionIndexIs>0</whenFrameCollectionIndexIs>
          <changeFrameCollectionIndexTo>1</changeFrameCollectionIndexTo>
        </event>
        <event>
          <eventType>FrameAnimationRepeatLoopEnds</eventType>
          <eventActions>
            <eventAction>ResumeMove</eventAction>
            <eventAction>ChangeFrameCollection</eventAction>
          </eventActions>
          <whenFrameCollectionIndexIs>1</whenFrameCollectionIndexIs>
          <changeFrameCollectionIndexTo>0</changeFrameCollectionIndexTo>
        </event>
      </events>
      <left>800</left>
      <top>788</top>
    </image>
    <image>
	  <frames>
        <frameCollection>
          <frame>
            <fileName>eneb2.png</fileName>
            <delay>10</delay>
          </frame>
          <frame>
            <fileName>eneb1.png</fileName>
          </frame>
          <frame>
            <fileName>eneb2.png</fileName>
          </frame>
        </frameCollection>
        <frameCollection>
          <frame>
            <fileName>eneb1.png</fileName>
            <delay>1</delay>
          </frame>
          <frame>
            <fileName>eneb3.png</fileName>
          </frame>
          <frame>
            <fileName>eneb4.png</fileName>
          </frame>
        </frameCollection>
        <frameCollection>
          <frame>
            <fileName>eneb6.png</fileName>
            <delay>10</delay>
          </frame>
          <frame>
            <fileName>eneb5.png</fileName>
          </frame>
          <frame>
            <fileName>eneb6.png</fileName>
          </frame>
        </frameCollection>
        <frameCollection>
          <frame>
            <fileName>eneb5.png</fileName>
            <delay>1</delay>
          </frame>
          <frame>
            <fileName>eneb7.png</fileName>
          </frame>
          <frame>
            <fileName>eneb8.png</fileName>
          </frame>
        </frameCollection>
        <framesAnimationSpeed>1</framesAnimationSpeed>
        <defaultFrameCollection>1</defaultFrameCollection>
        <returnBackwardToFirstFrame>true</returnBackwardToFirstFrame>
      </frames>
      <moveAnimation>
        <iniLeft>672</iniLeft>
        <iniTop>122</iniTop>
        <maxLeft>812</maxLeft>
        <maxTop>262</maxTop>
        <pixelsMoveTop>2</pixelsMoveTop>
        <pixelsMoveLeft>-2</pixelsMoveLeft>
      </moveAnimation>
      <imageTimer>
        <timerDelay>1500</timerDelay>
      </imageTimer>
	  <events>
        <event>
          <eventType>MoveAnimationMaxTopReached</eventType>
          <eventActions>
            <eventAction>ChangeFrameCollection</eventAction>
          </eventActions>
          <changeFrameCollectionIndexTo>1</changeFrameCollectionIndexTo>
        </event>
        <event>
          <eventType>MoveAnimationMaxBottomReached</eventType>
          <eventActions>
            <eventAction>ChangeFrameCollection</eventAction>
          </eventActions>
          <changeFrameCollectionIndexTo>3</changeFrameCollectionIndexTo>
        </event>
        <event>
          <eventType>Timer</eventType>
          <eventActions>
            <eventAction>StopMove</eventAction>
            <eventAction>ChangeFrameCollection</eventAction>
          </eventActions>
          <changeFrameCollectionIndexTo>2</changeFrameCollectionIndexTo>
          <whenFrameCollectionIndexIs>3</whenFrameCollectionIndexIs>
        </event>
        <event>
          <eventType>Timer</eventType>
          <eventActions>
            <eventAction>ResumeMove</eventAction>
            <eventAction>ChangeFrameCollection</eventAction>
          </eventActions>
          <changeFrameCollectionIndexTo>3</changeFrameCollectionIndexTo>
          <whenFrameCollectionIndexIs>2</whenFrameCollectionIndexIs>
        </event>
        <event>
          <eventType>Timer</eventType>
          <eventActions>
            <eventAction>StopMove</eventAction>
            <eventAction>ChangeFrameCollection</eventAction>
          </eventActions>
          <changeFrameCollectionIndexTo>0</changeFrameCollectionIndexTo>
          <whenFrameCollectionIndexIs>1</whenFrameCollectionIndexIs>
        </event>
        <event>
          <eventType>Timer</eventType>
          <eventActions>
            <eventAction>ResumeMove</eventAction>
            <eventAction>ChangeFrameCollection</eventAction>
          </eventActions>
          <changeFrameCollectionIndexTo>1</changeFrameCollectionIndexTo>
          <whenFrameCollectionIndexIs>0</whenFrameCollectionIndexIs>
        </event>      
      </events>
      <left>812</left>
      <top>122</top>
    </image>
    <image>
      <frames>
        <frameCollection>
          <frame>
            <fileName>enec3.png</fileName>
            <delay>1</delay>
          </frame>
          <frame>
            <fileName>enec4.png</fileName>
          </frame>
          <frame>
            <fileName>enec6.png</fileName>
          </frame>
          <frame>
            <fileName>enec7.png</fileName>
          </frame>
          <frame>
            <fileName>enec9.png</fileName>
          </frame>
          <frame>
            <fileName>enec10.png</fileName>
          </frame>
        </frameCollection>
        <frameCollection>
          <frame>
            <fileName>enec1.png</fileName>
            <delay>3</delay>
          </frame>
          <frame>
            <fileName>enec2.png</fileName>
          </frame>
          <frame>
            <fileName>enec1.png</fileName>
          </frame>
          <repeatThisLoopForTimes>1</repeatThisLoopForTimes>
        </frameCollection>
        <framesAnimationSpeed>1</framesAnimationSpeed>
        <returnBackwardToFirstFrame>true</returnBackwardToFirstFrame>
      </frames>
      <moveAnimation>
        <iniLeft>144</iniLeft>
        <iniTop>612</iniTop>
        <maxLeft>206</maxLeft>
        <maxTop>628</maxTop>
        <pixelsMoveTop>1</pixelsMoveTop>
        <pixelsMoveLeft>2</pixelsMoveLeft>
        <moveAnimationSpeed>4</moveAnimationSpeed>
      </moveAnimation>
      <events>
        <event>
          <eventType>FrameAnimationReturnBackwardToFirstFrameEnds</eventType>
          <eventActions>
            <eventAction>StopMove</eventAction>
            <eventAction>ChangeFrameCollection</eventAction>
          </eventActions>
          <whenFrameCollectionIndexIs>0</whenFrameCollectionIndexIs>
          <changeFrameCollectionIndexTo>1</changeFrameCollectionIndexTo>
        </event>
        <event>
          <eventType>FrameAnimationRepeatLoopEnds</eventType>
          <eventActions>
            <eventAction>ResumeMove</eventAction>
            <eventAction>ChangeFrameCollection</eventAction>
          </eventActions>
          <whenFrameCollectionIndexIs>1</whenFrameCollectionIndexIs>
          <changeFrameCollectionIndexTo>0</changeFrameCollectionIndexTo>
        </event>
      </events>
      <left>150</left>
      <top>620</top>
    </image>

    <image>
      <frames>
        <reUseTagFramesFromPreviousImage>true</reUseTagFramesFromPreviousImage>
        <framesAnimationSpeed>1</framesAnimationSpeed>
        <returnBackwardToFirstFrame>true</returnBackwardToFirstFrame>
        <defaultFrameCollection>1</defaultFrameCollection>
      </frames>
      <moveAnimation>
        <iniLeft>590</iniLeft>
        <iniTop>918</iniTop>
        <maxLeft>640</maxLeft>
        <maxTop>932</maxTop>
        <pixelsMoveTop>1</pixelsMoveTop>
        <pixelsMoveLeft>2</pixelsMoveLeft>
        <moveAnimationSpeed>4</moveAnimationSpeed>
        <moveAnimationStop>true</moveAnimationStop>
      </moveAnimation>
      <events>
        <event>
          <eventType>FrameAnimationReturnBackwardToFirstFrameEnds</eventType>
          <eventActions>
            <eventAction>StopMove</eventAction>
            <eventAction>ChangeFrameCollection</eventAction>
          </eventActions>
          <whenFrameCollectionIndexIs>0</whenFrameCollectionIndexIs>
          <changeFrameCollectionIndexTo>1</changeFrameCollectionIndexTo>
        </event>
        <event>
          <eventType>FrameAnimationRepeatLoopEnds</eventType>
          <eventActions>
            <eventAction>ResumeMove</eventAction>
            <eventAction>ChangeFrameCollection</eventAction>
          </eventActions>
          <whenFrameCollectionIndexIs>1</whenFrameCollectionIndexIs>
          <changeFrameCollectionIndexTo>0</changeFrameCollectionIndexTo>
        </event>
      </events>
      <left>600</left>
      <top>920</top>
    </image>

    <image>
      <frames>
        <reUseTagFramesFromPreviousImage>true</reUseTagFramesFromPreviousImage>
        <framesAnimationSpeed>1</framesAnimationSpeed>
        <returnBackwardToFirstFrame>true</returnBackwardToFirstFrame>
      </frames>
      <moveAnimation>
        <iniLeft>802</iniLeft>
        <iniTop>338</iniTop>
        <maxLeft>928</maxLeft>
        <maxTop>466</maxTop>
        <pixelsMoveTop>2</pixelsMoveTop>
        <pixelsMoveLeft>2</pixelsMoveLeft>
        <moveAnimationSpeed>4</moveAnimationSpeed>
      </moveAnimation>
      <events>
        <event>
          <eventType>FrameAnimationReturnBackwardToFirstFrameEnds</eventType>
          <eventActions>
            <eventAction>StopMove</eventAction>
            <eventAction>ChangeFrameCollection</eventAction>
          </eventActions>
          <whenFrameCollectionIndexIs>0</whenFrameCollectionIndexIs>
          <changeFrameCollectionIndexTo>1</changeFrameCollectionIndexTo>
        </event>
        <event>
          <eventType>FrameAnimationRepeatLoopEnds</eventType>
          <eventActions>
            <eventAction>ResumeMove</eventAction>
            <eventAction>ChangeFrameCollection</eventAction>
          </eventActions>
          <whenFrameCollectionIndexIs>1</whenFrameCollectionIndexIs>
          <changeFrameCollectionIndexTo>0</changeFrameCollectionIndexTo>
        </event>
      </events>
      <left>802</left>
      <top>466</top>
    </image>
    <image>
      <fileName>tunel.png</fileName>
      <left>657</left>
      <top>352</top>
    </image>
    <image>
      <fileName>tunelb.png</fileName>
      <left>304</left>
      <top>670</top>
    </image>
  </images>
</doc>
