<?xml version="1.0"?>
<doc>
  <basic type="animations">
    <screenCanvasResolution>
      <width>401</width>
      <height>930</height>
    </screenCanvasResolution>
    <canvasResolution>
      <maxWidth>401</maxWidth>
      <maxHeight>930</maxHeight>
    </canvasResolution>
    <bgColor>#00000000</bgColor>
  </basic>
  <images>
    <image>
      <frames>
        <frame>
          <fileName from="mapzCastle">flower3.png</fileName>
        </frame>
        <frame>
          <fileName from="mapzCastle">flower1.png</fileName>
        </frame>
        <frame>
          <fileName from="mapzCastle">flower2.png</fileName>
        </frame>
      </frames>
      <coordinates>
        206;534,222;534,214;542,
        174;246,182;254,190;246,
        206;22,214;30,222;22
      </coordinates>
      <speed>5</speed>
    </image>
    <image>
      <frames>
        <frame>
          <fileName>flower1a.png</fileName>
        </frame>
        <frame>
          <fileName>flower1b.png</fileName>
        </frame>
        <frame>
          <fileName></fileName>
        </frame>
      </frames>
      <left>46</left>
      <top>438</top>
      <speed>5</speed>
    </image>
    <image>
      <frames>
        <frame>
          <fileName>flower2a.png</fileName>
        </frame>
        <frame>
          <fileName>flower2b.png</fileName>
        </frame>
        <frame>
          <fileName></fileName>
        </frame>
      </frames>
      <coordinates>
        30;310,
        366;630
      </coordinates>
      <speed>5</speed>
    </image>
    <image>
      <frames>
        <frame>
          <fileName>flower4a.png</fileName>
        </frame>
        <frame>
          <fileName>flower4b.png</fileName>
        </frame>
        <frame>
          <fileName></fileName>
        </frame>
      </frames>
      <left>302</left>
      <top>726</top>
      <speed>5</speed>
    </image>
    <image>
      <frames>
        <frame>
          <fileName>twina.png</fileName>
        </frame>
        <frame>
          <fileName>twinb.png</fileName>
        </frame>
      </frames>
      <left>117</left>
      <top>191</top>
      <speed>20</speed>
    </image>
    <image>
      <frames>
        <frame>
          <fileName from="mapzLake">thing1.png</fileName>
        </frame>
        <frame>
          <fileName from="mapzLake">thing2.png</fileName>
        </frame>
        <frame>
          <fileName from="mapzLake">thing1.png</fileName>
          <applyAlterationsToThisFrame>
            <alterationsToDo>FlipHorizontal</alterationsToDo>
          </applyAlterationsToThisFrame>
        </frame>
        <frame>
          <fileName from="mapzLake">thing2.png</fileName>
        </frame>
      </frames>
      <pathAnimation>
        <pathAnimationCoordinates>
          <customCoordinates>112;259,111;260,111;261,110;261,110;262,109;262,108;263,107;263,107;265,106;265,105;265,105;266,104;266,104;267,104;268,103;268,103;269,102;269,102;270,101;271,101;272,100;272,100;273,100;274,99;274,99;275,98;275,98;276,98;277,97;278,97;279,97;280,96;281,96;282,95;283,95;284,95;286,95;287,96;288,96;289,97;289,97;290,99;290,100;290,102;290,103;291,104;291,105;291,106;291,107;291,108;291,109;291,110;291,112;291,112;290,112;289,112;288,112;287,112;286,113;285,113;284,113;283,113;282,114;281,115;281,116;280,117;280,118;280,119;280,119;279,120;278,121;278,121;277,122;277,122;276,122;275,122;274,121;273,120;272,120;271,120;270,120;269,120;268,120;267,121;267,121;266,122;266,122;265,123;265,124;265,125;265,126;265,126;264,127;264,128;263,129;263,129;262,130;262,131;261,132;261,133;261,133;260,133;259,133;257,133;256,133;255,133;254,132;253,131;253,131;252,130;252,129;252,128;251,127;251,127;250,126;250,125;250,124;250,123;250,122;250,121;250,120;250,119;250,118;250,117;250,116;250,115;251,115;252,114;252,114;253,114;254,113;255,113;256,112;257</customCoordinates>
        </pathAnimationCoordinates>
        <returnBackwardToTheBeginning>false</returnBackwardToTheBeginning>
      </pathAnimation>
      <speed>4</speed>
    </image>
    <image>
      <frames>
        <reUseTagFramesFromPreviousImage>true</reUseTagFramesFromPreviousImage>
        <currentFrame>2</currentFrame>
      </frames>
      <pathAnimation>
        <pathAnimationCoordinates>
          <customCoordinates>342;737,341;737,340;737,339;737,338;737,337;736,336;736,335;736,334;736,333;736,332;736,331;736,330;736,329;736,328;736,327;736,326;736,324;736,324;737,323;737,322;738,321;738,321;739,320;739,319;740,318;740,318;741,317;741,317;742,316;742,315;743,314;743,314;744,313;744,312;745,311;745,310;746,309;747,308;747,307;748,306;748,306;749,306;751,304;751,304;752,304;753,304;754,304;755,303;756,303;757,302;757,302;758,302;759,302;760,302;762,303;762,303;763,304;763,305;763,306;764,307;764,309;764,310;764,311;764,312;764,313;764,314;764,315;764,316;763,317;763,317;762,318;762,319;761,320;760,321;759,322;759,322;758,323;758,324;757,325;757,326;756,327;755,328;755,329;755,330;755,332;755,333;755,335;755,336;755,337;755,338;755,338;756,339;756,340;757,340;758,341;758,342;758,342;759,344;759,344;760,345;761,346;762,347;762,348;763,349;763,349;764,350;764,351;764,352;764,354;764,355;764,357;764,358;764,359;764,360;763,360;762,361;761,361;760,362;760,362;759,363;758,363;757,364;757,364;756,365;756,365;755,365;754,365;753,365;752,365;751,365;750,364;749,363;748,363;747,362;746,362;745,361;745,359;743,357;742,356;741,355;740,354;740,353;739,351;739,350;739,349;738,348;738,347;738,346;738,345;737,344;737,342;737,341;737,341;736</customCoordinates>
        </pathAnimationCoordinates>
        <pixelsMove>1</pixelsMove>
        <startPosition>20</startPosition>
        <returnBackwardToTheBeginning>false</returnBackwardToTheBeginning>
      </pathAnimation>
      <speed>4</speed>
    </image>
    <image>
      <frames>
        <reUseTagFramesFromPreviousImage>true</reUseTagFramesFromPreviousImage>
        <currentFrame>2</currentFrame>
      </frames>
      <pathAnimation>
        <pathAnimationCoordinates>
          <customCoordinates>247;603,246;603,245;603,245;604,244;604,243;605,242;606,241;606,241;607,240;607,239;608,238;609,237;609,237;610,236;610,236;611,235;611,233;612,232;613,231;613,229;614,229;615,228;615,228;616,227;616,226;617,225;617,225;618,224;619,223;619,222;620,222;621,222;622,221;622,221;623,220;624,220;625,220;626,221;627,222;627,223;628,223;629,224;629,225;630,226;630,227;630,228;631,229;631,230;631,231;631,232;631,233;631,234;631,235;630,236;629,236;628,237;628,238;627,239;627,240;627,242;627,243;627,245;627,246;627,247;627,248;627,249;627,250;628,251;629,252;629,252;630,253;630,253;631,254;631,255;631,256;631,257;631,258;631,259;631,259;630,260;630,261;630,262;629,262;628,263;627,263;626,263;625,263;624,263;623,263;621,263;620,263;619,263;618,262;618,261;617,261;615,260;615,260;614,260;613,260;612,259;611,258;611,256;610,256;609,256;608,256;607,255;607,255;606,254;605,253;604,251;603,250;603,249;603,248;603,247;603</customCoordinates>
        </pathAnimationCoordinates>
        <pixelsMove>-1</pixelsMove>
        <startPosition>100</startPosition>
        <returnBackwardToTheBeginning>false</returnBackwardToTheBeginning>
      </pathAnimation>
      <speed>4</speed>
    </image>
    <image>
      <frames>
        <reUseTagFramesFromPreviousImage>true</reUseTagFramesFromPreviousImage>
        <currentFrame>2</currentFrame>
      </frames>
      <pathAnimation>
        <pathAnimationCoordinates>
          <customCoordinates>127;636,126;636,125;636,124;636,123;636,122;636,121;636,119;636,117;636,117;637,117;638,116;638,116;639,115;639,115;640,114;641,113;641,113;642,113;643,112;643,111;643,110;643,109;643,108;643,107;643,106;643,104;643,103;643,102;643,101;644,100;644,100;646,100;647,98;647,98;648,97;648,97;649,96;649,95;649,94;649,94;650,93;650,92;650,92;651,92;652,91;652,91;653,90;653,90;654,90;655,88;655,88;656,88;657,86;657,86;658,85;660,84;662,84;663,84;664,84;665,84;666,84;667,84;669,85;669,85;671,86;671,87;671,87;672,88;672,89;672,91;673,92;673,94;673,95;673,96;673,97;673,98;673,99;673,102;672,102;671,103;671,104;670,104;669,106;669,106;668,107;667,108;667,109;666,110;666,111;665,112;665,113;665,114;665,115;665,117;665,118;665,119;665,119;666,120;666,120;667,121;667,121;668,122;668,122;669,123;670,124;671,125;671,127;671,128;671,130;671,131;671,132;671,133;671,134;671,134;670,135;669,135;668,135;667,136;666,137;665,138;665,139;665,139;664,140;664,140;663,141;662,142;662,142;661,143;661,143;660,143;659,144;658,145;658,146;657,147;657,147;656,148;656,148;655,148;654,148;653,149;653,149;652,149;651,150;650,151;649,151;648,151;647,151;646,151;645,150;645,150;644,149;644,149;643,148;642,147;641,146;641,146;640,145;640,145;639,144;638,143;637,142;637,142;636,141;635,140;635,139;635,138;634,137;634,136;634,135;634,133;634,132;634,131;634,130;634,129;634,128;634,127;634,125;634</customCoordinates>
        </pathAnimationCoordinates>
        <pixelsMove>1</pixelsMove>
        <startPosition>50</startPosition>
        <returnBackwardToTheBeginning>false</returnBackwardToTheBeginning>
      </pathAnimation>
      <speed>4</speed>
    </image>
    <image>
      <frames>
        <frame>
          <fileName from="mapzLake">crow1.png</fileName>
        </frame>
        <frame>
          <fileName from="mapzLake">crow1.png</fileName>
          <applyAlterationsToThisFrame>
            <alterationsToDo>FlipHorizontal</alterationsToDo>
          </applyAlterationsToThisFrame>
        </frame>
      </frames>
      <left>221</left>
      <top>752</top>
      <speed>60</speed>
    </image>
    <image>
      <frames>
        <reUseTagFramesFromPreviousImage>true</reUseTagFramesFromPreviousImage>
        <currentFrame>1</currentFrame>
      </frames>
      <left>253</left>
      <top>736</top>
      <speed>45</speed>
    </image>
    <image>
      <fileName from="mapzKakarikob">tree1.png</fileName>
      <left>125</left>
      <top>150</top>
    </image>
    <image>
      <frames>
        <frameCollection>
          <frame>
            <fileName from="mapzLake">crow1.png</fileName>
          </frame>
          <frame>
            <fileName from="mapzLake">crow2.png</fileName>
          </frame>
          <frame>
            <fileName from="mapzLake">crow3.png</fileName>
          </frame>
          <frame>
            <fileName from="mapzLake">crow4.png</fileName>
          </frame>
          <frame>
            <fileName from="mapzLake">crow5.png</fileName>
          </frame>
          <frame>
            <fileName from="mapzLake">crow6.png</fileName>
          </frame>
        </frameCollection>
        <frameCollection>
          <frame>
            <fileName from="mapzLake">crow7.png</fileName>
          </frame>
          <frame>
            <fileName from="mapzLake">crow6.png</fileName>
          </frame>
        </frameCollection>
        <framesAnimationStop>true</framesAnimationStop>
      </frames>
      <moveAnimation>
        <iniTop>0</iniTop>
        <maxTop>930</maxTop>
        <iniLeft>0</iniLeft>
        <maxLeft>401</maxLeft>
        <pixelsMoveTop>-2</pixelsMoveTop>
        <pixelsMoveLeft>2</pixelsMoveLeft>
        <returnToTheBeginning>true</returnToTheBeginning>
        <moveAnimationStop>true</moveAnimationStop>
      </moveAnimation>
      <imageTimer>
        <timerDelay>6000</timerDelay>
      </imageTimer>
      <events>
        <event>
          <eventType>FrameAnimationLoopEnds</eventType>
          <eventActions>
            <eventAction>ChangeFrameCollection</eventAction>
            <eventAction>ResumeMove</eventAction>
            <eventAction>ChangeSpeedAnimation</eventAction>
          </eventActions>
          <changeFrameCollectionIndexTo>1</changeFrameCollectionIndexTo>
          <newSpeedAnimation>1</newSpeedAnimation>
          <whenFrameCollectionIndexIs>0</whenFrameCollectionIndexIs>
        </event>
        <event>
          <eventType>MoveAnimationMaxRightReached</eventType>
          <eventActions>
            <eventAction>ChangeFrameCollection</eventAction>
            <eventAction>StopAnimationAndMove</eventAction>
            <eventAction>ChangeSpeedAnimation</eventAction>
          </eventActions>
          <changeFrameCollectionIndexTo>0</changeFrameCollectionIndexTo>
          <newSpeedAnimation>2</newSpeedAnimation>
        </event>
        <event>
          <eventType>Timer</eventType>
          <eventActions>
            <eventAction>ResumeAnimation</eventAction>
          </eventActions>
        </event>
      </events>
      <speed>2</speed>
      <left>29</left>
      <top>528</top>
      <id>crow1</id>
      <flipImage>Horizontal</flipImage>
    </image>
  </images>
</doc>
