<?xml version="1.0"?>
<doc>
  <basic type="animations">
    <screenCanvasResolution>
      <width>576</width>
      <height>288</height>
    </screenCanvasResolution>
    <canvasResolution>
      <maxWidth>288</maxWidth>
      <maxHeight>144</maxHeight>
    </canvasResolution>
    <bgColor>#ff000000</bgColor>
  </basic>
  
  
  <javaScriptActions>
    <javaScriptAction>
      <id>Stop</id>
      <events>
        <event>
          <eventActions>
            <eventAction>StopAnimationAndMove</eventAction>
          </eventActions>
          <ids>ghost1,ghost2,ghost3,ghost4,ghost5,ghost6,ghost7,ghost8,ghost9,ghost10,ghost11,ghost12,ghost13,ghost14,ghost15,ghost16,ghost17,ghost18</ids>
        </event>
      </events>
    </javaScriptAction>
    <javaScriptAction>
      <id>Resume</id>
      <events>
        <event>
          <eventActions>
            <eventAction>ResumeAnimationAndMove</eventAction>
          </eventActions>
          <ids>ghost1,ghost2,ghost3,ghost4,ghost5,ghost6,ghost7,ghost8,ghost9,ghost10,ghost11,ghost12,ghost13,ghost14,ghost15,ghost16,ghost17,ghost18</ids>
        </event>
      </events>
    </javaScriptAction>
  </javaScriptActions>


  <!--<timers>
    <timer>
      <timerDelay>2000</timerDelay>
      <id>timer1</id>
      <events>

        <event>
          <eventActions>
            <eventAction>ChangeCustomCondition</eventAction>
            <eventAction>ChangeTimerDelay</eventAction>
          </eventActions>
          <editAnimationByIDOptions>
            <option>
              <id>ghost1,ghost2,ghost3,ghost4,ghost5,ghost6,ghost7,ghost8,ghost9,ghost10,ghost11,ghost12,ghost13,ghost14,ghost15,ghost16,ghost17,ghost18</id>
              <editActions>
                <editAction>StopAnimationAndMove</editAction>
              </editActions>
            </option>
          </editAnimationByIDOptions>

          <whenCustomConditionIs>run</whenCustomConditionIs>
          <newTimerDelay>2000</newTimerDelay>
          <newCustomCondition>stop</newCustomCondition>
        </event>

        <event>
          <eventActions>
            <eventAction>ChangeCustomCondition</eventAction>
            <eventAction>ChangeTimerDelay</eventAction>
          </eventActions>          
          <editAnimationByIDOptions>
            <option>
              <id>ghost1,ghost2,ghost3,ghost4,ghost5,ghost6,ghost7,ghost8,ghost9,ghost10,ghost11,ghost12,ghost13,ghost14,ghost15,ghost16,ghost17,ghost18</id>
              <editActions>
                <editAction>ResumeAnimationAndMove</editAction>
              </editActions>
            </option>
          </editAnimationByIDOptions>

          <whenCustomConditionIs>stop</whenCustomConditionIs>
          <newTimerDelay>5000</newTimerDelay>
          <newCustomCondition>run</newCustomCondition>
        </event>
        
        <defaultCustomCondition>stop</defaultCustomCondition>
      </events>
    </timer>
  </timers>-->
  
  
  
  <images>
    <image>
      <fileName>smwpback.png</fileName>
    </image>
    <image>
      <reUseImageFromPreviousImage>true</reUseImageFromPreviousImage>
      <left>160</left>
      <top>0</top>
      <flipImage>Horizontal</flipImage>
    </image>
    <image>
      <frames>
        <frameCollection>
          <frame>
            <fileName>big1.png</fileName>
          </frame>
        </frameCollection>
        <frameCollection>
          <frame>
            <fileName>big3.png</fileName>
          </frame>
          <frame>
            <fileName>big4.png</fileName>
          </frame>
        </frameCollection>
      </frames>
      <pathAnimation>
        <pathAnimationCoordinates>
          <customCoordinates>4;78,5;77,6;77,7;76,8;76,9;75,10;74,11;74,12;73,13;73,14;72,15;72,16;71,17;70,18;70,19;69,20;69,21;68,22;67,23;67,24;66,25;66,26;65,27;65,28;64,29;63,30;63,31;62,32;62,33;61,34;60,35;60,36;59,37;59,38;58,39;58,40;57,41;56,42;56,43;55,44;55,45;54,46;53,47;53,48;52,49;52,50;51,51;51,52;50,53;49,54;49,55;48,56;48,57;47,58;46,59;46,60;45,61;45,62;44,63;44,64;43,65;42,66;42,67;41,68;41,69;40,70;39,71;39,72;38,73;38,74;37,75;36,76;36,77;35,78;35,79;34,80;34,81;33,82;32,83;32,84;31,85;31,86;30,87;29,88;29,89;28,90;28,91;27,92;27,93;26,94;25,95;25,96;24,97;24,98;23,99;22,100;22,101;21,102;21,103;20,104;20,105;19,106;18,107;18,108;17,109;17,110;16,111;15,112;15,113;14,114;14,115;13,116;13,117;12,118;11,119;11,120;10,121;10,122;9,123;8,124;8,125;7,126;7,127;6,128;6,129;5,130;4,131;4,132;3,133;3,134;2,135;2,136;3,137;3,138;3,139;4,140;4,141;4,142;5,143;5,144;6,145;6,146;6,147;7,148;7,149;7,150;8,151;8,152;8,153;9,154;9,155;9,156;10,157;10,158;11,159;11,160;11,161;12,162;12,163;12,164;13,165;13,166;13,167;14,168;14,169;14,170;15,171;15,172;15,173;16,174;16,175;17,176;17,177;17,178;18,179;18,180;18,181;19,182;19,183;19,184;20,185;20,186;20,187;21,188;21,189;21,190;22,191;22,192;23,193;23,194;23,195;24,196;24,197;24,198;25,199;25,200;25,201;26,202;26,203;26,204;27,205;27,206;28,207;28,208;28,209;29,210;29,211;29,212;30,213;30,214;30,215;31,216;31,217;31,218;32,219;32,220;32,221;33,222;33,223;34,224;34,225;34,226;35,227;35,228;35,229;36,230;36</customCoordinates>
          <!--<iniLeft>134</iniLeft>
          <iniTop>2</iniTop>
          <maxLeft>230</maxLeft>
          <maxTop>36</maxTop>-->
        </pathAnimationCoordinates>
        <pixelsMove>1</pixelsMove>
        <pathAnimationSpeed>1</pathAnimationSpeed>
        <startPosition>10</startPosition>
      </pathAnimation>
      <events>
        <event>
          <eventType>PathAnimationStartPointReached</eventType>
          <eventActions>
            <eventAction>StopMove</eventAction>
            <eventAction>ChangeFrameCollection</eventAction>
            <eventAction>ChangeSpeedAnimation</eventAction>
          </eventActions>
          <newSpeedAnimation>2</newSpeedAnimation>
          <whenFrameCollectionIndexIs>0</whenFrameCollectionIndexIs>
          <changeFrameCollectionIndexTo>1</changeFrameCollectionIndexTo>
        </event>
        <event>
          <eventType>FrameAnimationLoopEnds</eventType>
          <eventActions>
            <eventAction>ResumeMove</eventAction>
            <eventAction>ChangeFrameCollection</eventAction>
            <eventAction>ChangeSpeedAnimation</eventAction>
            <eventAction>FlipImage</eventAction>
          </eventActions>
          <newSpeedAnimation>24</newSpeedAnimation>
          <whenFrameCollectionIndexIs>1</whenFrameCollectionIndexIs>
          <changeFrameCollectionIndexTo>0</changeFrameCollectionIndexTo>
        </event>
        <event>
          <eventType>PathAnimationEndPointReached</eventType>
          <eventActions>
            <eventAction>StopMove</eventAction>
            <eventAction>ChangeFrameCollection</eventAction>
            <eventAction>ChangeSpeedAnimation</eventAction>
          </eventActions>
          <newSpeedAnimation>2</newSpeedAnimation>
          <whenFrameCollectionIndexIs>0</whenFrameCollectionIndexIs>
          <changeFrameCollectionIndexTo>1</changeFrameCollectionIndexTo>
        </event>
      </events>
      <speed>24</speed>
      <!--<flipImage>Horizontal</flipImage>-->
    </image>

    <image>
      <frames>
        <frame>
          <fileName>ghost1.png</fileName>
        </frame>
        <frame>
          <fileName>ghost1b.png</fileName>
        </frame>
        <framesAnimationStop>true</framesAnimationStop>
      </frames>
      <id>ghost1</id>
      <pathAnimation>
        <pathAnimationCoordinates>
          <circleRadioWidth>54</circleRadioWidth>
          <circleRadioHeight>36</circleRadioHeight>
          <circleCenterPositionLeft>54</circleCenterPositionLeft>
          <circleCenterPositionTop>55</circleCenterPositionTop>
        </pathAnimationCoordinates>
        <pathAnimationSpeed>1</pathAnimationSpeed>
        <startPosition>140</startPosition>
        <pixelsMove>-2</pixelsMove>
        <returnBackwardToTheBeginning>false</returnBackwardToTheBeginning>
        <pathAnimationStop>true</pathAnimationStop>
      </pathAnimation>
      <imagePropertiesAnimation>
        <propetiesToAnimate>
          <property>
            <propertyName>Alpha</propertyName>
            <minimumAlphaValue>32</minimumAlphaValue>
            <maximumAlphaValue>255</maximumAlphaValue>
            <updateAlphaValue>20</updateAlphaValue>
            <currentAlphaValue>0</currentAlphaValue>
            <animationAlphaAction>Increase</animationAlphaAction>
          </property>
        </propetiesToAnimate>
        <imagePropertiesAnimationSpeed>2</imagePropertiesAnimationSpeed>
      </imagePropertiesAnimation>
      <events>
        <event>
          <eventType>CirclePathMaxLeftReached</eventType>
          <eventActions>
            <eventAction>FlipImage</eventAction>
          </eventActions>
        </event>
        <event>
          <eventType>CirclePathMaxRightReached</eventType>
          <eventActions>
            <eventAction>FlipImage</eventAction>
          </eventActions>
        </event>
        <event>
          <eventType>MinimumAlphaValueReached</eventType>
          <eventActions>
            <eventAction>ChangeAnimationAlphaAction</eventAction>
          </eventActions>
          <animationAlphaAction>Increase</animationAlphaAction>
        </event>
        <event>
          <eventType>MaximumAlphaValueReached</eventType>
          <eventActions>
            <eventAction>ChangeAnimationAlphaAction</eventAction>
          </eventActions>
          <animationAlphaAction>Decrease</animationAlphaAction>
        </event>
      </events>
      <flipImage>Horizontal</flipImage>
      <speed>2</speed>
    </image>
    <image>
      <frames>
        <reUseTagFramesFromPreviousImage>true</reUseTagFramesFromPreviousImage>
        <framesAnimationStop>true</framesAnimationStop>
      </frames>
      <id>ghost2</id>
      <pathAnimation>
        <pathAnimationCoordinates>
          <circleRadioWidth>54</circleRadioWidth>
          <circleRadioHeight>36</circleRadioHeight>
          <circleCenterPositionLeft>160</circleCenterPositionLeft>
          <circleCenterPositionTop>32</circleCenterPositionTop>
        </pathAnimationCoordinates>
        <pathAnimationSpeed>1</pathAnimationSpeed>
        <startPosition>300</startPosition>
        <pixelsMove>2</pixelsMove>
        <returnBackwardToTheBeginning>false</returnBackwardToTheBeginning>
        <pathAnimationStop>true</pathAnimationStop>
      </pathAnimation>
      <imagePropertiesAnimation>
        <propetiesToAnimate>
          <property>
            <propertyName>Alpha</propertyName>
            <minimumAlphaValue>32</minimumAlphaValue>
            <maximumAlphaValue>255</maximumAlphaValue>
            <updateAlphaValue>20</updateAlphaValue>
            <currentAlphaValue>255</currentAlphaValue>
            <animationAlphaAction>Decrease</animationAlphaAction>
          </property>
        </propetiesToAnimate>
        <imagePropertiesAnimationSpeed>2</imagePropertiesAnimationSpeed>
      </imagePropertiesAnimation>
      <events>
        <event>
          <eventType>CirclePathMaxLeftReached</eventType>
          <eventActions>
            <eventAction>FlipImage</eventAction>
          </eventActions>
        </event>
        <event>
          <eventType>CirclePathMaxRightReached</eventType>
          <eventActions>
            <eventAction>FlipImage</eventAction>
          </eventActions>
        </event>
        <event>
          <eventType>MinimumAlphaValueReached</eventType>
          <eventActions>
            <eventAction>ChangeAnimationAlphaAction</eventAction>
          </eventActions>
          <animationAlphaAction>Increase</animationAlphaAction>
        </event>
        <event>
          <eventType>MaximumAlphaValueReached</eventType>
          <eventActions>
            <eventAction>ChangeAnimationAlphaAction</eventAction>
          </eventActions>
          <animationAlphaAction>Decrease</animationAlphaAction>
        </event>
      </events>
      <flipImage>Horizontal</flipImage>
      <speed>2</speed>
    </image>
    <image>
      <frames>
        <reUseTagFramesFromPreviousImage>true</reUseTagFramesFromPreviousImage>
        <framesAnimationStop>true</framesAnimationStop>
      </frames>
      <id>ghost3</id>
      <pathAnimation>
        <pathAnimationCoordinates>
          <circleRadioWidth>54</circleRadioWidth>
          <circleRadioHeight>36</circleRadioHeight>
          <circleCenterPositionLeft>248</circleCenterPositionLeft>
          <circleCenterPositionTop>98</circleCenterPositionTop>
        </pathAnimationCoordinates>
        <pathAnimationSpeed>1</pathAnimationSpeed>
        <startPosition>50</startPosition>
        <pixelsMove>-2</pixelsMove>
        <returnBackwardToTheBeginning>false</returnBackwardToTheBeginning>
        <pathAnimationStop>true</pathAnimationStop>
      </pathAnimation>
      <imagePropertiesAnimation>
        <propetiesToAnimate>
          <property>
            <propertyName>Alpha</propertyName>
            <minimumAlphaValue>32</minimumAlphaValue>
            <maximumAlphaValue>255</maximumAlphaValue>
            <updateAlphaValue>20</updateAlphaValue>
            <currentAlphaValue>180</currentAlphaValue>
            <animationAlphaAction>Increase</animationAlphaAction>
          </property>
        </propetiesToAnimate>
        <imagePropertiesAnimationSpeed>2</imagePropertiesAnimationSpeed>
      </imagePropertiesAnimation>
      <events>
        <event>
          <eventType>CirclePathMaxLeftReached</eventType>
          <eventActions>
            <eventAction>FlipImage</eventAction>
          </eventActions>
        </event>
        <event>
          <eventType>CirclePathMaxRightReached</eventType>
          <eventActions>
            <eventAction>FlipImage</eventAction>
          </eventActions>
        </event>
        <event>
          <eventType>MinimumAlphaValueReached</eventType>
          <eventActions>
            <eventAction>ChangeAnimationAlphaAction</eventAction>
          </eventActions>
          <animationAlphaAction>Increase</animationAlphaAction>
        </event>
        <event>
          <eventType>MaximumAlphaValueReached</eventType>
          <eventActions>
            <eventAction>ChangeAnimationAlphaAction</eventAction>
          </eventActions>
          <animationAlphaAction>Decrease</animationAlphaAction>
        </event>
      </events>
      <flipImage>Horizontal</flipImage>
      <speed>2</speed>
    </image>
    <image>
      <frames>
        <reUseTagFramesFromPreviousImage>true</reUseTagFramesFromPreviousImage>
        <framesAnimationStop>true</framesAnimationStop>
      </frames>
      <id>ghost4</id>
      <pathAnimation>
        <pathAnimationCoordinates>
          <circleRadioWidth>54</circleRadioWidth>
          <circleRadioHeight>36</circleRadioHeight>
          <circleCenterPositionLeft>194</circleCenterPositionLeft>
          <circleCenterPositionTop>56</circleCenterPositionTop>
        </pathAnimationCoordinates>
        <pathAnimationSpeed>1</pathAnimationSpeed>
        <startPosition>190</startPosition>
        <pixelsMove>2</pixelsMove>
        <returnBackwardToTheBeginning>false</returnBackwardToTheBeginning>
        <pathAnimationStop>true</pathAnimationStop>
      </pathAnimation>
      <imagePropertiesAnimation>
        <propetiesToAnimate>
          <property>
            <propertyName>Alpha</propertyName>
            <minimumAlphaValue>32</minimumAlphaValue>
            <maximumAlphaValue>255</maximumAlphaValue>
            <updateAlphaValue>20</updateAlphaValue>
            <currentAlphaValue>220</currentAlphaValue>
            <animationAlphaAction>Increase</animationAlphaAction>
          </property>
        </propetiesToAnimate>
        <imagePropertiesAnimationSpeed>2</imagePropertiesAnimationSpeed>
      </imagePropertiesAnimation>
      <events>
        <event>
          <eventType>CirclePathMaxLeftReached</eventType>
          <eventActions>
            <eventAction>FlipImage</eventAction>
          </eventActions>
        </event>
        <event>
          <eventType>CirclePathMaxRightReached</eventType>
          <eventActions>
            <eventAction>FlipImage</eventAction>
          </eventActions>
        </event>
        <event>
          <eventType>MinimumAlphaValueReached</eventType>
          <eventActions>
            <eventAction>ChangeAnimationAlphaAction</eventAction>
          </eventActions>
          <animationAlphaAction>Increase</animationAlphaAction>
        </event>
        <event>
          <eventType>MaximumAlphaValueReached</eventType>
          <eventActions>
            <eventAction>ChangeAnimationAlphaAction</eventAction>
          </eventActions>
          <animationAlphaAction>Decrease</animationAlphaAction>
        </event>
      </events>
      <flipImage>Horizontal</flipImage>
      <speed>2</speed>
    </image>
    <image>
      <frames>
        <reUseTagFramesFromPreviousImage>true</reUseTagFramesFromPreviousImage>
        <framesAnimationStop>true</framesAnimationStop>
      </frames>
      <id>ghost5</id>
      <pathAnimation>
        <pathAnimationCoordinates>
          <circleRadioWidth>54</circleRadioWidth>
          <circleRadioHeight>36</circleRadioHeight>
          <circleCenterPositionLeft>182</circleCenterPositionLeft>
          <circleCenterPositionTop>86</circleCenterPositionTop>
        </pathAnimationCoordinates>
        <pathAnimationSpeed>1</pathAnimationSpeed>
        <startPosition>40</startPosition>
        <pixelsMove>-2</pixelsMove>
        <returnBackwardToTheBeginning>false</returnBackwardToTheBeginning>
        <pathAnimationStop>true</pathAnimationStop>
      </pathAnimation>
      <imagePropertiesAnimation>
        <propetiesToAnimate>
          <property>
            <propertyName>Alpha</propertyName>
            <minimumAlphaValue>32</minimumAlphaValue>
            <maximumAlphaValue>255</maximumAlphaValue>
            <updateAlphaValue>20</updateAlphaValue>
            <currentAlphaValue>120</currentAlphaValue>
            <animationAlphaAction>Increase</animationAlphaAction>
          </property>
        </propetiesToAnimate>
        <imagePropertiesAnimationSpeed>2</imagePropertiesAnimationSpeed>
      </imagePropertiesAnimation>
      <events>
        <event>
          <eventType>CirclePathMaxLeftReached</eventType>
          <eventActions>
            <eventAction>FlipImage</eventAction>
          </eventActions>
        </event>
        <event>
          <eventType>CirclePathMaxRightReached</eventType>
          <eventActions>
            <eventAction>FlipImage</eventAction>
          </eventActions>
        </event>
        <event>
          <eventType>MinimumAlphaValueReached</eventType>
          <eventActions>
            <eventAction>ChangeAnimationAlphaAction</eventAction>
          </eventActions>
          <animationAlphaAction>Increase</animationAlphaAction>
        </event>
        <event>
          <eventType>MaximumAlphaValueReached</eventType>
          <eventActions>
            <eventAction>ChangeAnimationAlphaAction</eventAction>
          </eventActions>
          <animationAlphaAction>Decrease</animationAlphaAction>
        </event>
      </events>
      <flipImage>Horizontal</flipImage>
      <speed>2</speed>
    </image>
    <image>
      <frames>
        <reUseTagFramesFromPreviousImage>true</reUseTagFramesFromPreviousImage>
        <framesAnimationStop>true</framesAnimationStop>
      </frames>
      <id>ghost6</id>
      <pathAnimation>
        <pathAnimationCoordinates>
          <circleRadioWidth>54</circleRadioWidth>
          <circleRadioHeight>36</circleRadioHeight>
          <circleCenterPositionLeft>98</circleCenterPositionLeft>
          <circleCenterPositionTop>32</circleCenterPositionTop>
        </pathAnimationCoordinates>
        <pathAnimationSpeed>1</pathAnimationSpeed>
        <startPosition>200</startPosition>
        <pixelsMove>2</pixelsMove>
        <returnBackwardToTheBeginning>false</returnBackwardToTheBeginning>
        <pathAnimationStop>true</pathAnimationStop>
      </pathAnimation>
      <imagePropertiesAnimation>
        <propetiesToAnimate>
          <property>
            <propertyName>Alpha</propertyName>
            <minimumAlphaValue>32</minimumAlphaValue>
            <maximumAlphaValue>255</maximumAlphaValue>
            <updateAlphaValue>20</updateAlphaValue>
            <currentAlphaValue>180</currentAlphaValue>
            <animationAlphaAction>Increase</animationAlphaAction>
          </property>
        </propetiesToAnimate>
        <imagePropertiesAnimationSpeed>2</imagePropertiesAnimationSpeed>
      </imagePropertiesAnimation>
      <events>
        <event>
          <eventType>CirclePathMaxLeftReached</eventType>
          <eventActions>
            <eventAction>FlipImage</eventAction>
          </eventActions>
        </event>
        <event>
          <eventType>CirclePathMaxRightReached</eventType>
          <eventActions>
            <eventAction>FlipImage</eventAction>
          </eventActions>
        </event>
        <event>
          <eventType>MinimumAlphaValueReached</eventType>
          <eventActions>
            <eventAction>ChangeAnimationAlphaAction</eventAction>
          </eventActions>
          <animationAlphaAction>Increase</animationAlphaAction>
        </event>
        <event>
          <eventType>MaximumAlphaValueReached</eventType>
          <eventActions>
            <eventAction>ChangeAnimationAlphaAction</eventAction>
          </eventActions>
          <animationAlphaAction>Decrease</animationAlphaAction>
        </event>
      </events>
      <flipImage>Horizontal</flipImage>
      <speed>2</speed>
    </image>

    <image>
      <frames>
        <frame>
          <fileName>ghost2.png</fileName>
        </frame>
        <frame>
          <fileName>ghost2b.png</fileName>
        </frame>
        <framesAnimationStop>true</framesAnimationStop>
      </frames>
      <id>ghost7</id>
      <pathAnimation>
        <pathAnimationCoordinates>
          <circleRadioWidth>54</circleRadioWidth>
          <circleRadioHeight>36</circleRadioHeight>
          <circleCenterPositionLeft>68</circleCenterPositionLeft>
          <circleCenterPositionTop>84</circleCenterPositionTop>
        </pathAnimationCoordinates>
        <pathAnimationSpeed>1</pathAnimationSpeed>
        <startPosition>80</startPosition>
        <pixelsMove>2</pixelsMove>
        <returnBackwardToTheBeginning>false</returnBackwardToTheBeginning>
        <pathAnimationStop>true</pathAnimationStop>
      </pathAnimation>
      <imagePropertiesAnimation>
        <propetiesToAnimate>
          <property>
            <propertyName>Alpha</propertyName>
            <minimumAlphaValue>32</minimumAlphaValue>
            <maximumAlphaValue>255</maximumAlphaValue>
            <updateAlphaValue>20</updateAlphaValue>
            <currentAlphaValue>255</currentAlphaValue>
            <animationAlphaAction>Decrease</animationAlphaAction>
          </property>
        </propetiesToAnimate>
        <imagePropertiesAnimationSpeed>2</imagePropertiesAnimationSpeed>
      </imagePropertiesAnimation>
      <events>
        <event>
          <eventType>CirclePathMaxLeftReached</eventType>
          <eventActions>
            <eventAction>FlipImage</eventAction>
          </eventActions>
        </event>
        <event>
          <eventType>CirclePathMaxRightReached</eventType>
          <eventActions>
            <eventAction>FlipImage</eventAction>
          </eventActions>
        </event>
        <event>
          <eventType>MinimumAlphaValueReached</eventType>
          <eventActions>
            <eventAction>ChangeAnimationAlphaAction</eventAction>
          </eventActions>
          <animationAlphaAction>Increase</animationAlphaAction>
        </event>
        <event>
          <eventType>MaximumAlphaValueReached</eventType>
          <eventActions>
            <eventAction>ChangeAnimationAlphaAction</eventAction>
          </eventActions>
          <animationAlphaAction>Decrease</animationAlphaAction>
        </event>
      </events>
      <!--<flipImage>Horizontal</flipImage>-->
      <speed>2</speed>
    </image>
    <image>
      <frames>
        <reUseTagFramesFromPreviousImage>true</reUseTagFramesFromPreviousImage>
        <framesAnimationStop>true</framesAnimationStop>
      </frames>
      <id>ghost8</id>
      <pathAnimation>
        <pathAnimationCoordinates>
          <circleRadioWidth>54</circleRadioWidth>
          <circleRadioHeight>36</circleRadioHeight>
          <circleCenterPositionLeft>138</circleCenterPositionLeft>
          <circleCenterPositionTop>82</circleCenterPositionTop>
        </pathAnimationCoordinates>
        <pathAnimationSpeed>1</pathAnimationSpeed>
        <startPosition>200</startPosition>
        <pixelsMove>-2</pixelsMove>
        <returnBackwardToTheBeginning>false</returnBackwardToTheBeginning>
        <pathAnimationStop>true</pathAnimationStop>
      </pathAnimation>
      <imagePropertiesAnimation>
        <propetiesToAnimate>
          <property>
            <propertyName>Alpha</propertyName>
            <minimumAlphaValue>32</minimumAlphaValue>
            <maximumAlphaValue>255</maximumAlphaValue>
            <updateAlphaValue>20</updateAlphaValue>
            <currentAlphaValue>32</currentAlphaValue>
            <animationAlphaAction>Increase</animationAlphaAction>
          </property>
        </propetiesToAnimate>
        <imagePropertiesAnimationSpeed>2</imagePropertiesAnimationSpeed>
      </imagePropertiesAnimation>
      <events>
        <event>
          <eventType>CirclePathMaxLeftReached</eventType>
          <eventActions>
            <eventAction>FlipImage</eventAction>
          </eventActions>
        </event>
        <event>
          <eventType>CirclePathMaxRightReached</eventType>
          <eventActions>
            <eventAction>FlipImage</eventAction>
          </eventActions>
        </event>
        <event>
          <eventType>MinimumAlphaValueReached</eventType>
          <eventActions>
            <eventAction>ChangeAnimationAlphaAction</eventAction>
          </eventActions>
          <animationAlphaAction>Increase</animationAlphaAction>
        </event>
        <event>
          <eventType>MaximumAlphaValueReached</eventType>
          <eventActions>
            <eventAction>ChangeAnimationAlphaAction</eventAction>
          </eventActions>
          <animationAlphaAction>Decrease</animationAlphaAction>
        </event>
      </events>
      <!--<flipImage>Horizontal</flipImage>-->
      <speed>2</speed>
    </image>
    <image>
      <frames>
        <reUseTagFramesFromPreviousImage>true</reUseTagFramesFromPreviousImage>
        <framesAnimationStop>true</framesAnimationStop>
      </frames>
      <id>ghost9</id>
      <pathAnimation>
        <pathAnimationCoordinates>
          <circleRadioWidth>54</circleRadioWidth>
          <circleRadioHeight>36</circleRadioHeight>
          <circleCenterPositionLeft>192</circleCenterPositionLeft>
          <circleCenterPositionTop>66</circleCenterPositionTop>
        </pathAnimationCoordinates>
        <pathAnimationSpeed>1</pathAnimationSpeed>
        <startPosition>310</startPosition>
        <pixelsMove>-2</pixelsMove>
        <returnBackwardToTheBeginning>false</returnBackwardToTheBeginning>
        <pathAnimationStop>true</pathAnimationStop>
      </pathAnimation>
      <imagePropertiesAnimation>
        <propetiesToAnimate>
          <property>
            <propertyName>Alpha</propertyName>
            <minimumAlphaValue>32</minimumAlphaValue>
            <maximumAlphaValue>255</maximumAlphaValue>
            <updateAlphaValue>20</updateAlphaValue>
            <currentAlphaValue>64</currentAlphaValue>
            <animationAlphaAction>Decrease</animationAlphaAction>
          </property>
        </propetiesToAnimate>
        <imagePropertiesAnimationSpeed>2</imagePropertiesAnimationSpeed>
      </imagePropertiesAnimation>
      <events>
        <event>
          <eventType>CirclePathMaxLeftReached</eventType>
          <eventActions>
            <eventAction>FlipImage</eventAction>
          </eventActions>
        </event>
        <event>
          <eventType>CirclePathMaxRightReached</eventType>
          <eventActions>
            <eventAction>FlipImage</eventAction>
          </eventActions>
        </event>
        <event>
          <eventType>MinimumAlphaValueReached</eventType>
          <eventActions>
            <eventAction>ChangeAnimationAlphaAction</eventAction>
          </eventActions>
          <animationAlphaAction>Increase</animationAlphaAction>
        </event>
        <event>
          <eventType>MaximumAlphaValueReached</eventType>
          <eventActions>
            <eventAction>ChangeAnimationAlphaAction</eventAction>
          </eventActions>
          <animationAlphaAction>Decrease</animationAlphaAction>
        </event>
      </events>
      <!--<flipImage>Horizontal</flipImage>-->
      <speed>2</speed>
    </image>
    <image>
      <frames>
        <reUseTagFramesFromPreviousImage>true</reUseTagFramesFromPreviousImage>
        <framesAnimationStop>true</framesAnimationStop>
      </frames>
      <id>ghost10</id>
      <pathAnimation>
        <pathAnimationCoordinates>
          <circleRadioWidth>54</circleRadioWidth>
          <circleRadioHeight>36</circleRadioHeight>
          <circleCenterPositionLeft>190</circleCenterPositionLeft>
          <circleCenterPositionTop>110</circleCenterPositionTop>
        </pathAnimationCoordinates>
        <pathAnimationSpeed>1</pathAnimationSpeed>
        <startPosition>110</startPosition>
        <pixelsMove>2</pixelsMove>
        <returnBackwardToTheBeginning>false</returnBackwardToTheBeginning>
        <pathAnimationStop>true</pathAnimationStop>
      </pathAnimation>
      <imagePropertiesAnimation>
        <propetiesToAnimate>
          <property>
            <propertyName>Alpha</propertyName>
            <minimumAlphaValue>32</minimumAlphaValue>
            <maximumAlphaValue>255</maximumAlphaValue>
            <updateAlphaValue>20</updateAlphaValue>
            <currentAlphaValue>64</currentAlphaValue>
            <animationAlphaAction>Decrease</animationAlphaAction>
          </property>
        </propetiesToAnimate>
        <imagePropertiesAnimationSpeed>2</imagePropertiesAnimationSpeed>
      </imagePropertiesAnimation>
      <events>
        <event>
          <eventType>CirclePathMaxLeftReached</eventType>
          <eventActions>
            <eventAction>FlipImage</eventAction>
          </eventActions>
        </event>
        <event>
          <eventType>CirclePathMaxRightReached</eventType>
          <eventActions>
            <eventAction>FlipImage</eventAction>
          </eventActions>
        </event>
        <event>
          <eventType>MinimumAlphaValueReached</eventType>
          <eventActions>
            <eventAction>ChangeAnimationAlphaAction</eventAction>
          </eventActions>
          <animationAlphaAction>Increase</animationAlphaAction>
        </event>
        <event>
          <eventType>MaximumAlphaValueReached</eventType>
          <eventActions>
            <eventAction>ChangeAnimationAlphaAction</eventAction>
          </eventActions>
          <animationAlphaAction>Decrease</animationAlphaAction>
        </event>
      </events>
      <!--<flipImage>Horizontal</flipImage>-->
      <speed>2</speed>
    </image>
    <image>
      <frames>
        <reUseTagFramesFromPreviousImage>true</reUseTagFramesFromPreviousImage>
        <framesAnimationStop>true</framesAnimationStop>
      </frames>
      <id>ghost11</id>
      <pathAnimation>
        <pathAnimationCoordinates>
          <circleRadioWidth>54</circleRadioWidth>
          <circleRadioHeight>36</circleRadioHeight>
          <circleCenterPositionLeft>56</circleCenterPositionLeft>
          <circleCenterPositionTop>66</circleCenterPositionTop>
        </pathAnimationCoordinates>
        <pathAnimationSpeed>1</pathAnimationSpeed>
        <startPosition>320</startPosition>
        <pixelsMove>-2</pixelsMove>
        <returnBackwardToTheBeginning>false</returnBackwardToTheBeginning>
        <pathAnimationStop>true</pathAnimationStop>
      </pathAnimation>
      <imagePropertiesAnimation>
        <propetiesToAnimate>
          <property>
            <propertyName>Alpha</propertyName>
            <minimumAlphaValue>32</minimumAlphaValue>
            <maximumAlphaValue>255</maximumAlphaValue>
            <updateAlphaValue>20</updateAlphaValue>
            <currentAlphaValue>64</currentAlphaValue>
            <animationAlphaAction>Decrease</animationAlphaAction>
          </property>
        </propetiesToAnimate>
        <imagePropertiesAnimationSpeed>2</imagePropertiesAnimationSpeed>
      </imagePropertiesAnimation>
      <events>
        <event>
          <eventType>CirclePathMaxLeftReached</eventType>
          <eventActions>
            <eventAction>FlipImage</eventAction>
          </eventActions>
        </event>
        <event>
          <eventType>CirclePathMaxRightReached</eventType>
          <eventActions>
            <eventAction>FlipImage</eventAction>
          </eventActions>
        </event>
        <event>
          <eventType>MinimumAlphaValueReached</eventType>
          <eventActions>
            <eventAction>ChangeAnimationAlphaAction</eventAction>
          </eventActions>
          <animationAlphaAction>Increase</animationAlphaAction>
        </event>
        <event>
          <eventType>MaximumAlphaValueReached</eventType>
          <eventActions>
            <eventAction>ChangeAnimationAlphaAction</eventAction>
          </eventActions>
          <animationAlphaAction>Decrease</animationAlphaAction>
        </event>
      </events>
      <!--<flipImage>Horizontal</flipImage>-->
      <speed>2</speed>
    </image>
    <image>
      <frames>
        <reUseTagFramesFromPreviousImage>true</reUseTagFramesFromPreviousImage>
        <framesAnimationStop>true</framesAnimationStop>
      </frames>
      <id>ghost12</id>
      <pathAnimation>
        <pathAnimationCoordinates>
          <circleRadioWidth>54</circleRadioWidth>
          <circleRadioHeight>36</circleRadioHeight>
          <circleCenterPositionLeft>240</circleCenterPositionLeft>
          <circleCenterPositionTop>72</circleCenterPositionTop>
        </pathAnimationCoordinates>
        <pathAnimationSpeed>1</pathAnimationSpeed>
        <startPosition>10</startPosition>
        <pixelsMove>-2</pixelsMove>
        <returnBackwardToTheBeginning>false</returnBackwardToTheBeginning>
        <pathAnimationStop>true</pathAnimationStop>
      </pathAnimation>
      <imagePropertiesAnimation>
        <propetiesToAnimate>
          <property>
            <propertyName>Alpha</propertyName>
            <minimumAlphaValue>32</minimumAlphaValue>
            <maximumAlphaValue>255</maximumAlphaValue>
            <updateAlphaValue>20</updateAlphaValue>
            <currentAlphaValue>0</currentAlphaValue>
            <animationAlphaAction>Decrease</animationAlphaAction>
          </property>
        </propetiesToAnimate>
        <imagePropertiesAnimationSpeed>2</imagePropertiesAnimationSpeed>
      </imagePropertiesAnimation>
      <events>
        <event>
          <eventType>CirclePathMaxLeftReached</eventType>
          <eventActions>
            <eventAction>FlipImage</eventAction>
          </eventActions>
        </event>
        <event>
          <eventType>CirclePathMaxRightReached</eventType>
          <eventActions>
            <eventAction>FlipImage</eventAction>
          </eventActions>
        </event>
        <event>
          <eventType>MinimumAlphaValueReached</eventType>
          <eventActions>
            <eventAction>ChangeAnimationAlphaAction</eventAction>
          </eventActions>
          <animationAlphaAction>Increase</animationAlphaAction>
        </event>
        <event>
          <eventType>MaximumAlphaValueReached</eventType>
          <eventActions>
            <eventAction>ChangeAnimationAlphaAction</eventAction>
          </eventActions>
          <animationAlphaAction>Decrease</animationAlphaAction>
        </event>
      </events>
      <flipImage>Horizontal</flipImage>
      <speed>2</speed>
    </image>

    <image>
      <frames>
        <frame>
          <fileName>ghost3.png</fileName>
        </frame>
        <frame>
          <fileName>ghost3b.png</fileName>
        </frame>
        <framesAnimationStop>true</framesAnimationStop>
      </frames>
      <id>ghost13</id>
      <pathAnimation>
        <pathAnimationCoordinates>
          <circleRadioWidth>54</circleRadioWidth>
          <circleRadioHeight>36</circleRadioHeight>
          <circleCenterPositionLeft>70</circleCenterPositionLeft>
          <circleCenterPositionTop>-15</circleCenterPositionTop>
        </pathAnimationCoordinates>
        <pathAnimationSpeed>1</pathAnimationSpeed>
        <startPosition>120</startPosition>
        <pixelsMove>-2</pixelsMove>
        <returnBackwardToTheBeginning>false</returnBackwardToTheBeginning>
        <pathAnimationStop>true</pathAnimationStop>
      </pathAnimation>
      <imagePropertiesAnimation>
        <propetiesToAnimate>
          <property>
            <propertyName>Alpha</propertyName>
            <minimumAlphaValue>32</minimumAlphaValue>
            <maximumAlphaValue>255</maximumAlphaValue>
            <updateAlphaValue>20</updateAlphaValue>
            <currentAlphaValue>100</currentAlphaValue>
            <animationAlphaAction>Increase</animationAlphaAction>
          </property>
        </propetiesToAnimate>
        <imagePropertiesAnimationSpeed>2</imagePropertiesAnimationSpeed>
      </imagePropertiesAnimation>
      <events>
        <event>
          <eventType>CirclePathMaxLeftReached</eventType>
          <eventActions>
            <eventAction>FlipImage</eventAction>
          </eventActions>
        </event>
        <event>
          <eventType>CirclePathMaxRightReached</eventType>
          <eventActions>
            <eventAction>FlipImage</eventAction>
          </eventActions>
        </event>
        <event>
          <eventType>MinimumAlphaValueReached</eventType>
          <eventActions>
            <eventAction>ChangeAnimationAlphaAction</eventAction>
          </eventActions>
          <animationAlphaAction>Increase</animationAlphaAction>
        </event>
        <event>
          <eventType>MaximumAlphaValueReached</eventType>
          <eventActions>
            <eventAction>ChangeAnimationAlphaAction</eventAction>
          </eventActions>
          <animationAlphaAction>Decrease</animationAlphaAction>
        </event>
      </events>
      <flipImage>Horizontal</flipImage>
      <speed>2</speed>
    </image>
    <image>
      <frames>
        <reUseTagFramesFromPreviousImage>true</reUseTagFramesFromPreviousImage>
        <framesAnimationStop>true</framesAnimationStop>
      </frames>
      <id>ghost14</id>
      <pathAnimation>
        <pathAnimationCoordinates>
          <circleRadioWidth>54</circleRadioWidth>
          <circleRadioHeight>36</circleRadioHeight>
          <circleCenterPositionLeft>232</circleCenterPositionLeft>
          <circleCenterPositionTop>36</circleCenterPositionTop>
        </pathAnimationCoordinates>
        <pathAnimationSpeed>1</pathAnimationSpeed>
        <startPosition>310</startPosition>
        <pixelsMove>2</pixelsMove>
        <returnBackwardToTheBeginning>false</returnBackwardToTheBeginning>
        <pathAnimationStop>true</pathAnimationStop>
      </pathAnimation>
      <imagePropertiesAnimation>
        <propetiesToAnimate>
          <property>
            <propertyName>Alpha</propertyName>
            <minimumAlphaValue>32</minimumAlphaValue>
            <maximumAlphaValue>255</maximumAlphaValue>
            <updateAlphaValue>20</updateAlphaValue>
            <currentAlphaValue>32</currentAlphaValue>
            <animationAlphaAction>Increase</animationAlphaAction>
          </property>
        </propetiesToAnimate>
        <imagePropertiesAnimationSpeed>2</imagePropertiesAnimationSpeed>
      </imagePropertiesAnimation>
      <events>
        <event>
          <eventType>CirclePathMaxLeftReached</eventType>
          <eventActions>
            <eventAction>FlipImage</eventAction>
          </eventActions>
        </event>
        <event>
          <eventType>CirclePathMaxRightReached</eventType>
          <eventActions>
            <eventAction>FlipImage</eventAction>
          </eventActions>
        </event>
        <event>
          <eventType>MinimumAlphaValueReached</eventType>
          <eventActions>
            <eventAction>ChangeAnimationAlphaAction</eventAction>
          </eventActions>
          <animationAlphaAction>Increase</animationAlphaAction>
        </event>
        <event>
          <eventType>MaximumAlphaValueReached</eventType>
          <eventActions>
            <eventAction>ChangeAnimationAlphaAction</eventAction>
          </eventActions>
          <animationAlphaAction>Decrease</animationAlphaAction>
        </event>
      </events>
      <flipImage>Horizontal</flipImage>
      <speed>2</speed>
    </image>
    <image>
      <frames>
        <reUseTagFramesFromPreviousImage>true</reUseTagFramesFromPreviousImage>
        <framesAnimationStop>true</framesAnimationStop>
      </frames>
      <id>ghost15</id>
      <pathAnimation>
        <pathAnimationCoordinates>
          <circleRadioWidth>54</circleRadioWidth>
          <circleRadioHeight>36</circleRadioHeight>
          <circleCenterPositionLeft>176</circleCenterPositionLeft>
          <circleCenterPositionTop>148</circleCenterPositionTop>
        </pathAnimationCoordinates>
        <pathAnimationSpeed>1</pathAnimationSpeed>
        <startPosition>40</startPosition>
        <pixelsMove>2</pixelsMove>
        <returnBackwardToTheBeginning>false</returnBackwardToTheBeginning>
        <pathAnimationStop>true</pathAnimationStop>
      </pathAnimation>
      <imagePropertiesAnimation>
        <propetiesToAnimate>
          <property>
            <propertyName>Alpha</propertyName>
            <minimumAlphaValue>32</minimumAlphaValue>
            <maximumAlphaValue>255</maximumAlphaValue>
            <updateAlphaValue>20</updateAlphaValue>
            <currentAlphaValue>32</currentAlphaValue>
            <animationAlphaAction>Increase</animationAlphaAction>
          </property>
        </propetiesToAnimate>
        <imagePropertiesAnimationSpeed>2</imagePropertiesAnimationSpeed>
      </imagePropertiesAnimation>
      <events>
        <event>
          <eventType>CirclePathMaxLeftReached</eventType>
          <eventActions>
            <eventAction>FlipImage</eventAction>
          </eventActions>
        </event>
        <event>
          <eventType>CirclePathMaxRightReached</eventType>
          <eventActions>
            <eventAction>FlipImage</eventAction>
          </eventActions>
        </event>
        <event>
          <eventType>MinimumAlphaValueReached</eventType>
          <eventActions>
            <eventAction>ChangeAnimationAlphaAction</eventAction>
          </eventActions>
          <animationAlphaAction>Increase</animationAlphaAction>
        </event>
        <event>
          <eventType>MaximumAlphaValueReached</eventType>
          <eventActions>
            <eventAction>ChangeAnimationAlphaAction</eventAction>
          </eventActions>
          <animationAlphaAction>Decrease</animationAlphaAction>
        </event>
      </events>
      <!--<flipImage>Horizontal</flipImage>-->
      <speed>2</speed>
    </image>
    <image>
      <frames>
        <reUseTagFramesFromPreviousImage>true</reUseTagFramesFromPreviousImage>
        <framesAnimationStop>true</framesAnimationStop>
      </frames>
      <id>ghost16</id>
      <pathAnimation>
        <pathAnimationCoordinates>
          <circleRadioWidth>54</circleRadioWidth>
          <circleRadioHeight>36</circleRadioHeight>
          <circleCenterPositionLeft>104</circleCenterPositionLeft>
          <circleCenterPositionTop>60</circleCenterPositionTop>
        </pathAnimationCoordinates>
        <pathAnimationSpeed>1</pathAnimationSpeed>
        <startPosition>150</startPosition>
        <pixelsMove>-2</pixelsMove>
        <returnBackwardToTheBeginning>false</returnBackwardToTheBeginning>
        <pathAnimationStop>true</pathAnimationStop>
      </pathAnimation>
      <imagePropertiesAnimation>
        <propetiesToAnimate>
          <property>
            <propertyName>Alpha</propertyName>
            <minimumAlphaValue>32</minimumAlphaValue>
            <maximumAlphaValue>255</maximumAlphaValue>
            <updateAlphaValue>20</updateAlphaValue>
            <currentAlphaValue>100</currentAlphaValue>
            <animationAlphaAction>Decrease</animationAlphaAction>
          </property>
        </propetiesToAnimate>
        <imagePropertiesAnimationSpeed>2</imagePropertiesAnimationSpeed>
      </imagePropertiesAnimation>
      <events>
        <event>
          <eventType>CirclePathMaxLeftReached</eventType>
          <eventActions>
            <eventAction>FlipImage</eventAction>
          </eventActions>
        </event>
        <event>
          <eventType>CirclePathMaxRightReached</eventType>
          <eventActions>
            <eventAction>FlipImage</eventAction>
          </eventActions>
        </event>
        <event>
          <eventType>MinimumAlphaValueReached</eventType>
          <eventActions>
            <eventAction>ChangeAnimationAlphaAction</eventAction>
          </eventActions>
          <animationAlphaAction>Increase</animationAlphaAction>
        </event>
        <event>
          <eventType>MaximumAlphaValueReached</eventType>
          <eventActions>
            <eventAction>ChangeAnimationAlphaAction</eventAction>
          </eventActions>
          <animationAlphaAction>Decrease</animationAlphaAction>
        </event>
      </events>
      <flipImage>Horizontal</flipImage>
      <speed>2</speed>
    </image>
    <image>
      <frames>
        <reUseTagFramesFromPreviousImage>true</reUseTagFramesFromPreviousImage>
        <framesAnimationStop>true</framesAnimationStop>
      </frames>
      <id>ghost17</id>
      <pathAnimation>
        <pathAnimationCoordinates>
          <circleRadioWidth>54</circleRadioWidth>
          <circleRadioHeight>36</circleRadioHeight>
          <circleCenterPositionLeft>116</circleCenterPositionLeft>
          <circleCenterPositionTop>108</circleCenterPositionTop>
        </pathAnimationCoordinates>
        <pathAnimationSpeed>1</pathAnimationSpeed>
        <startPosition>50</startPosition>
        <pixelsMove>2</pixelsMove>
        <returnBackwardToTheBeginning>false</returnBackwardToTheBeginning>
        <pathAnimationStop>true</pathAnimationStop>
      </pathAnimation>
      <imagePropertiesAnimation>
        <propetiesToAnimate>
          <property>
            <propertyName>Alpha</propertyName>
            <minimumAlphaValue>32</minimumAlphaValue>
            <maximumAlphaValue>255</maximumAlphaValue>
            <updateAlphaValue>20</updateAlphaValue>
            <currentAlphaValue>0</currentAlphaValue>
            <animationAlphaAction>Decrease</animationAlphaAction>
          </property>
        </propetiesToAnimate>
        <imagePropertiesAnimationSpeed>2</imagePropertiesAnimationSpeed>
      </imagePropertiesAnimation>
      <events>
        <event>
          <eventType>CirclePathMaxLeftReached</eventType>
          <eventActions>
            <eventAction>FlipImage</eventAction>
          </eventActions>
        </event>
        <event>
          <eventType>CirclePathMaxRightReached</eventType>
          <eventActions>
            <eventAction>FlipImage</eventAction>
          </eventActions>
        </event>
        <event>
          <eventType>MinimumAlphaValueReached</eventType>
          <eventActions>
            <eventAction>ChangeAnimationAlphaAction</eventAction>
          </eventActions>
          <animationAlphaAction>Increase</animationAlphaAction>
        </event>
        <event>
          <eventType>MaximumAlphaValueReached</eventType>
          <eventActions>
            <eventAction>ChangeAnimationAlphaAction</eventAction>
          </eventActions>
          <animationAlphaAction>Decrease</animationAlphaAction>
        </event>
      </events>
      <!--<flipImage>Horizontal</flipImage>-->
      <speed>2</speed>
    </image>
    <image>
      <frames>
        <reUseTagFramesFromPreviousImage>true</reUseTagFramesFromPreviousImage>
        <framesAnimationStop>true</framesAnimationStop>
      </frames>
      <id>ghost18</id>
      <pathAnimation>
        <pathAnimationCoordinates>
          <circleRadioWidth>54</circleRadioWidth>
          <circleRadioHeight>36</circleRadioHeight>
          <circleCenterPositionLeft>82</circleCenterPositionLeft>
          <circleCenterPositionTop>124</circleCenterPositionTop>
        </pathAnimationCoordinates>
        <pathAnimationSpeed>1</pathAnimationSpeed>
        <startPosition>300</startPosition>
        <pixelsMove>2</pixelsMove>
        <returnBackwardToTheBeginning>false</returnBackwardToTheBeginning>
        <pathAnimationStop>true</pathAnimationStop>
      </pathAnimation>
      <imagePropertiesAnimation>
        <propetiesToAnimate>
          <property>
            <propertyName>Alpha</propertyName>
            <minimumAlphaValue>32</minimumAlphaValue>
            <maximumAlphaValue>255</maximumAlphaValue>
            <updateAlphaValue>20</updateAlphaValue>
            <currentAlphaValue>110</currentAlphaValue>
            <animationAlphaAction>Decrease</animationAlphaAction>
          </property>
        </propetiesToAnimate>
        <imagePropertiesAnimationSpeed>2</imagePropertiesAnimationSpeed>
      </imagePropertiesAnimation>
      <events>
        <event>
          <eventType>CirclePathMaxLeftReached</eventType>
          <eventActions>
            <eventAction>FlipImage</eventAction>
          </eventActions>
        </event>
        <event>
          <eventType>CirclePathMaxRightReached</eventType>
          <eventActions>
            <eventAction>FlipImage</eventAction>
          </eventActions>
        </event>
        <event>
          <eventType>MinimumAlphaValueReached</eventType>
          <eventActions>
            <eventAction>ChangeAnimationAlphaAction</eventAction>
          </eventActions>
          <animationAlphaAction>Increase</animationAlphaAction>
        </event>
        <event>
          <eventType>MaximumAlphaValueReached</eventType>
          <eventActions>
            <eventAction>ChangeAnimationAlphaAction</eventAction>
          </eventActions>
          <animationAlphaAction>Decrease</animationAlphaAction>
        </event>
      </events>
      <flipImage>Horizontal</flipImage>
      <speed>2</speed>
    </image>



</images>
</doc>
