<?xml version="1.0"?>
<doc>
  <basic type="animations">
    <screenCanvasResolution>
      <width>1419</width>
      <height>881</height>
    </screenCanvasResolution>
    <canvasResolution>
      <maxWidth>1419</maxWidth>
      <maxHeight>881</maxHeight>
    </canvasResolution>
    <bgColor>#00000000</bgColor>
  </basic>
  <images>
    <image>
      <frames>
        <frame>
          <fileName>flower1a.png</fileName>
        </frame>
        <frame>
          <fileName>flower1b.png</fileName>
        </frame>
        <frame>
          <fileName></fileName>
        </frame>
      </frames>
      <left>293</left>
      <top>22</top>
      <speed>5</speed>
    </image>
    <image>
      <frames>
        <frame>
          <fileName>map1a.png</fileName>
        </frame>
        <frame>
          <fileName>map1b.png</fileName>
        </frame>
        <frame>
          <fileName></fileName>
        </frame>
      </frames>
      <left>748</left>
      <top>80</top>
      <speed>5</speed>
    </image>
    <image>
      <frames>
        <frame>
          <fileName>map2a.png</fileName>
        </frame>
        <frame>
          <fileName>map2b.png</fileName>
        </frame>
        <frame>
          <fileName></fileName>
        </frame>
      </frames>
      <left>703</left>
      <top>546</top>
      <speed>5</speed>
    </image>
    <image>
      <frames>
        <frame>
          <fileName from="mapzdarkfb">f1a.png</fileName>
        </frame>
        <frame>
          <fileName from="mapzdarkfb">f1b.png</fileName>
        </frame>
        <frame>
          <fileName></fileName>
        </frame>
      </frames>
      <coordinates>421;278,517;278,261;534</coordinates>
      <speed>5</speed>
    </image>
    <image>
      <frames>
        <frame>
          <fileName from="mapzGraveyardDark">flower2.png</fileName>
        </frame>
        <frame>
          <fileName from="mapzGraveyardDark">flower3.png</fileName>
        </frame>
        <frame>
          <fileName from="mapzGraveyardDark">flower1.png</fileName>
        </frame>
      </frames>
      <coordinates>597;582,245;198,437;262,469;70,469;198,501;198,467;262,501;118,565;38,629;198,661;390,117;550,149;646,21;678,29;686,5;710,13;718,37;710,45;718,213;742,309;550,661;390,597;682,597;870,85;6,917;486,1029;86,1237;566,1173;726</coordinates>
      <speed>5</speed>
    </image>
    <image>
      <frames>
        <frameCollection>
          <frame>
            <fileName from="mapzdarkf">enea4.png</fileName>
            <delay>1</delay>
          </frame>
          <frame>
            <fileName from="mapzdarkf">enea5.png</fileName>
          </frame>
          <frame>
            <fileName from="mapzdarkf">enea6.png</fileName>
          </frame>
          <frame>
            <fileName from="mapzdarkf">enea7.png</fileName>
          </frame>
        </frameCollection>
        <frameCollection>
          <frame>
            <fileName from="mapzdarkf">enea4.png</fileName>
            <delay>3</delay>
          </frame>
          <frame>
            <fileName from="mapzdarkf">enea2.png</fileName>
          </frame>
          <frame>
            <fileName from="mapzdarkf">enea3.png</fileName>
          </frame>
          <repeatThisLoopForTimes>4</repeatThisLoopForTimes>
        </frameCollection>
        <framesAnimationSpeed>4</framesAnimationSpeed>
        <returnBackwardToFirstFrame>true</returnBackwardToFirstFrame>
      </frames>
      <moveAnimation>
        <iniLeft>118</iniLeft>
        <iniTop>254</iniTop>
        <maxLeft>164</maxLeft>
        <maxTop>306</maxTop>
        <pixelsMoveTop>2</pixelsMoveTop>
        <pixelsMoveLeft>2</pixelsMoveLeft>
      </moveAnimation>
      <events>
        <event>
          <eventType>FrameAnimationReturnBackwardToFirstFrameEnds</eventType>
          <eventType>MoveAnimationMaxTopReached</eventType>
          <eventType>MoveAnimationMaxBottomReached</eventType>
          <eventType>MoveAnimationMaxLeftReached</eventType>
          <eventType>MoveAnimationMaxRightReached</eventType>
          <eventActions>
            <eventAction>StopMove</eventAction>
            <eventAction>ChangeFrameCollection</eventAction>
          </eventActions>
          <whenFrameCollectionIndexIs>0</whenFrameCollectionIndexIs>
          <changeFrameCollectionIndexTo>1</changeFrameCollectionIndexTo>
        </event>
        <event>
          <eventType>FrameAnimationRepeatLoopEnds</eventType>
          <eventActions>
            <eventAction>ResumeMove</eventAction>
            <eventAction>ChangeFrameCollection</eventAction>
          </eventActions>
          <whenFrameCollectionIndexIs>1</whenFrameCollectionIndexIs>
          <changeFrameCollectionIndexTo>0</changeFrameCollectionIndexTo>
        </event>
      </events>
      <left>120</left>
      <top>256</top>
    </image>
    <image>
      <frames>
        <reUseTagFramesFromPreviousImage>true</reUseTagFramesFromPreviousImage>
        <framesAnimationSpeed>4</framesAnimationSpeed>
        <returnBackwardToFirstFrame>true</returnBackwardToFirstFrame>
      </frames>
      <moveAnimation>
        <iniLeft>196</iniLeft>
        <iniTop>700</iniTop>
        <maxLeft>246</maxLeft>
        <maxTop>770</maxTop>
        <pixelsMoveTop>2</pixelsMoveTop>
        <pixelsMoveLeft>2</pixelsMoveLeft>
      </moveAnimation>
      <events>
        <event>
          <eventType>FrameAnimationReturnBackwardToFirstFrameEnds</eventType>
          <eventType>MoveAnimationMaxTopReached</eventType>
          <eventType>MoveAnimationMaxBottomReached</eventType>
          <eventType>MoveAnimationMaxLeftReached</eventType>
          <eventType>MoveAnimationMaxRightReached</eventType>
          <eventActions>
            <eventAction>StopMove</eventAction>
            <eventAction>ChangeFrameCollection</eventAction>
          </eventActions>
          <whenFrameCollectionIndexIs>0</whenFrameCollectionIndexIs>
          <changeFrameCollectionIndexTo>1</changeFrameCollectionIndexTo>
        </event>
        <event>
          <eventType>FrameAnimationRepeatLoopEnds</eventType>
          <eventActions>
            <eventAction>ResumeMove</eventAction>
            <eventAction>ChangeFrameCollection</eventAction>
          </eventActions>
          <whenFrameCollectionIndexIs>1</whenFrameCollectionIndexIs>
          <changeFrameCollectionIndexTo>0</changeFrameCollectionIndexTo>
        </event>
      </events>
      <left>246</left>
      <top>770</top>
    </image>
    <image>
      <frames>
        <reUseTagFramesFromPreviousImage>true</reUseTagFramesFromPreviousImage>
        <framesAnimationSpeed>4</framesAnimationSpeed>
        <returnBackwardToFirstFrame>true</returnBackwardToFirstFrame>
      </frames>
      <moveAnimation>
        <iniLeft>260</iniLeft>
        <iniTop>530</iniTop>
        <maxLeft>324</maxLeft>
        <maxTop>560</maxTop>
        <pixelsMoveTop>-2</pixelsMoveTop>
        <pixelsMoveLeft>2</pixelsMoveLeft>
      </moveAnimation>
      <events>
        <event>
          <eventType>FrameAnimationReturnBackwardToFirstFrameEnds</eventType>
          <eventType>MoveAnimationMaxTopReached</eventType>
          <eventType>MoveAnimationMaxBottomReached</eventType>
          <eventType>MoveAnimationMaxLeftReached</eventType>
          <eventType>MoveAnimationMaxRightReached</eventType>
          <eventActions>
            <eventAction>StopMove</eventAction>
            <eventAction>ChangeFrameCollection</eventAction>
          </eventActions>
          <whenFrameCollectionIndexIs>0</whenFrameCollectionIndexIs>
          <changeFrameCollectionIndexTo>1</changeFrameCollectionIndexTo>
        </event>
        <event>
          <eventType>FrameAnimationRepeatLoopEnds</eventType>
          <eventActions>
            <eventAction>ResumeMove</eventAction>
            <eventAction>ChangeFrameCollection</eventAction>
          </eventActions>
          <whenFrameCollectionIndexIs>1</whenFrameCollectionIndexIs>
          <changeFrameCollectionIndexTo>0</changeFrameCollectionIndexTo>
        </event>
      </events>
      <left>324</left>
      <top>550</top>
    </image>
    <image>
      <frames>
        <reUseTagFramesFromPreviousImage>true</reUseTagFramesFromPreviousImage>
        <framesAnimationSpeed>4</framesAnimationSpeed>
        <returnBackwardToFirstFrame>true</returnBackwardToFirstFrame>
      </frames>
      <moveAnimation>
        <iniLeft>836</iniLeft>
        <iniTop>734</iniTop>
        <maxLeft>884</maxLeft>
        <maxTop>816</maxTop>
        <pixelsMoveTop>2</pixelsMoveTop>
        <pixelsMoveLeft>-2</pixelsMoveLeft>
      </moveAnimation>
      <events>
        <event>
          <eventType>FrameAnimationReturnBackwardToFirstFrameEnds</eventType>
          <eventType>MoveAnimationMaxTopReached</eventType>
          <eventType>MoveAnimationMaxBottomReached</eventType>
          <eventType>MoveAnimationMaxLeftReached</eventType>
          <eventType>MoveAnimationMaxRightReached</eventType>
          <eventActions>
            <eventAction>StopMove</eventAction>
            <eventAction>ChangeFrameCollection</eventAction>
          </eventActions>
          <whenFrameCollectionIndexIs>0</whenFrameCollectionIndexIs>
          <changeFrameCollectionIndexTo>1</changeFrameCollectionIndexTo>
        </event>
        <event>
          <eventType>FrameAnimationRepeatLoopEnds</eventType>
          <eventActions>
            <eventAction>ResumeMove</eventAction>
            <eventAction>ChangeFrameCollection</eventAction>
          </eventActions>
          <whenFrameCollectionIndexIs>1</whenFrameCollectionIndexIs>
          <changeFrameCollectionIndexTo>0</changeFrameCollectionIndexTo>
        </event>
      </events>
      <left>884</left>
      <top>736</top>
    </image>
    <image>
      <frames>
        <reUseTagFramesFromPreviousImage>true</reUseTagFramesFromPreviousImage>
        <framesAnimationSpeed>4</framesAnimationSpeed>
        <returnBackwardToFirstFrame>true</returnBackwardToFirstFrame>
      </frames>
      <moveAnimation>
        <iniLeft>1270</iniLeft>
        <iniTop>668</iniTop>
        <maxLeft>1402</maxLeft>
        <maxTop>838</maxTop>
        <pixelsMoveTop>2</pixelsMoveTop>
        <pixelsMoveLeft>-2</pixelsMoveLeft>
      </moveAnimation>
      <events>
        <event>
          <eventType>FrameAnimationReturnBackwardToFirstFrameEnds</eventType>
          <eventType>MoveAnimationMaxTopReached</eventType>
          <eventType>MoveAnimationMaxBottomReached</eventType>
          <eventType>MoveAnimationMaxLeftReached</eventType>
          <eventType>MoveAnimationMaxRightReached</eventType>
          <eventActions>
            <eventAction>StopMove</eventAction>
            <eventAction>ChangeFrameCollection</eventAction>
          </eventActions>
          <whenFrameCollectionIndexIs>0</whenFrameCollectionIndexIs>
          <changeFrameCollectionIndexTo>1</changeFrameCollectionIndexTo>
        </event>
        <event>
          <eventType>FrameAnimationRepeatLoopEnds</eventType>
          <eventActions>
            <eventAction>ResumeMove</eventAction>
            <eventAction>ChangeFrameCollection</eventAction>
          </eventActions>
          <whenFrameCollectionIndexIs>1</whenFrameCollectionIndexIs>
          <changeFrameCollectionIndexTo>0</changeFrameCollectionIndexTo>
        </event>
      </events>
      <left>1300</left>
      <top>700</top>
    </image>
    <image>
      <frames>
        <reUseTagFramesFromPreviousImage>true</reUseTagFramesFromPreviousImage>
        <framesAnimationSpeed>4</framesAnimationSpeed>
        <returnBackwardToFirstFrame>true</returnBackwardToFirstFrame>
      </frames>
      <moveAnimation>
        <iniLeft>1132</iniLeft>
        <iniTop>720</iniTop>
        <maxLeft>1402</maxLeft>
        <maxTop>838</maxTop>
        <pixelsMoveTop>2</pixelsMoveTop>
        <pixelsMoveLeft>2</pixelsMoveLeft>
      </moveAnimation>
      <events>
        <event>
          <eventType>FrameAnimationReturnBackwardToFirstFrameEnds</eventType>
          <eventType>MoveAnimationMaxTopReached</eventType>
          <eventType>MoveAnimationMaxBottomReached</eventType>
          <eventType>MoveAnimationMaxLeftReached</eventType>
          <eventType>MoveAnimationMaxRightReached</eventType>
          <eventActions>
            <eventAction>StopMove</eventAction>
            <eventAction>ChangeFrameCollection</eventAction>
          </eventActions>
          <whenFrameCollectionIndexIs>0</whenFrameCollectionIndexIs>
          <changeFrameCollectionIndexTo>1</changeFrameCollectionIndexTo>
        </event>
        <event>
          <eventType>FrameAnimationRepeatLoopEnds</eventType>
          <eventActions>
            <eventAction>ResumeMove</eventAction>
            <eventAction>ChangeFrameCollection</eventAction>
          </eventActions>
          <whenFrameCollectionIndexIs>1</whenFrameCollectionIndexIs>
          <changeFrameCollectionIndexTo>0</changeFrameCollectionIndexTo>
        </event>
      </events>
      <left>1200</left>
      <top>838</top>
    </image>
    <image>
      <frames>
        <frameCollection>
          <frame>
            <fileName from="mapzdarkfc">dsoldier12.png</fileName>
          </frame>
          <frame>
            <fileName from="mapzdarkfc">dsoldier10.png</fileName>
          </frame>
          <frame>
            <fileName from="mapzdarkfc">dsoldier13.png</fileName>
          </frame>
          <frame>
            <fileName from="mapzdarkfc">dsoldier11.png</fileName>
          </frame>
        </frameCollection>
        <frameCollection>
          <frame>
            <fileName from="mapzdarkfc">dsoldier12.png</fileName>
          </frame>
          <frame>
            <fileName from="mapzdarkfc">dsoldier14.png</fileName>
          </frame>
          <frame>
            <fileName from="mapzdarkfc">dsoldier12.png</fileName>
          </frame>
          <frame>
            <fileName from="mapzdarkfc">dsoldier15.png</fileName>
          </frame>
          <repeatThisLoopForTimes>2</repeatThisLoopForTimes>
        </frameCollection>
        <frameCollection>
          <frame>
            <fileName from="mapzdarkfc">dsoldier7.png</fileName>
          </frame>
          <frame>
            <fileName from="mapzdarkfc">dsoldier16.png</fileName>
          </frame>
          <frame>
            <fileName from="mapzdarkfc">dsoldier7.png</fileName>
          </frame>
          <frame>
            <fileName from="mapzdarkfc">dsoldier17.png</fileName>
          </frame>
          <repeatThisLoopForTimes>2</repeatThisLoopForTimes>
        </frameCollection>
        <frameCollection>
          <frame>
            <fileName from="mapzdarkfc">dsoldier6.png</fileName>
          </frame>
          <frame>
            <fileName from="mapzdarkfc">dsoldier7.png</fileName>
          </frame>
          <frame>
            <fileName from="mapzdarkfc">dsoldier8.png</fileName>
          </frame>
          <frame>
            <fileName from="mapzdarkfc">dsoldier9.png</fileName>
          </frame>
        </frameCollection>
        <frameCollection>
          <frame>
            <fileName from="mapzdarkfc">dsoldier1.png</fileName>
          </frame>
          <frame>
            <fileName from="mapzdarkfc">dsoldier4.png</fileName>
          </frame>
          <frame>
            <fileName from="mapzdarkfc">dsoldier1.png</fileName>
          </frame>
          <frame>
            <fileName from="mapzdarkfc">dsoldier5.png</fileName>
          </frame>
          <repeatThisLoopForTimes>2</repeatThisLoopForTimes>
        </frameCollection>
        <frameCollection>
          <frame>
            <fileName from="mapzdarkfc">dsoldier1.png</fileName>
          </frame>
          <frame>
            <fileName from="mapzdarkfc">dsoldier3.png</fileName>
          </frame>
          <frame>
            <fileName from="mapzdarkfc">dsoldier1.png</fileName>
          </frame>
          <frame>
            <fileName from="mapzdarkfc">dsoldier2.png</fileName>
          </frame>
        </frameCollection>
      </frames>
      <moveAnimation>
        <iniTop>178</iniTop>
        <maxTop>348</maxTop>
        <pixelsMoveLeft>0</pixelsMoveLeft>
        <pixelsMoveTop>2</pixelsMoveTop>
      </moveAnimation>
      <events>
        <event>
          <eventType>MoveAnimationMaxBottomReached</eventType>
          <eventActions>
            <eventAction>StopMove</eventAction>
            <eventAction>ChangeFrameCollection</eventAction>
            <eventAction>ChangeSpeedAnimation</eventAction>
          </eventActions>
          <newSpeedAnimation>24</newSpeedAnimation>
          <whenFrameCollectionIndexIs>0</whenFrameCollectionIndexIs>
          <changeFrameCollectionIndexTo>1</changeFrameCollectionIndexTo>
        </event>
        <event>
          <eventType>FrameAnimationRepeatLoopEnds</eventType>
          <eventActions>
            <eventAction>ResumeMove</eventAction>
            <eventAction>ChangeFrameCollection</eventAction>
            <eventAction>ChangeSpeedAnimation</eventAction>
            <eventAction>UpdateMoveAnimation</eventAction>
            <eventAction>FlipImage</eventAction>
          </eventActions>
          <newSpeedAnimation>4</newSpeedAnimation>
          <whenFrameCollectionIndexIs>1</whenFrameCollectionIndexIs>
          <changeFrameCollectionIndexTo>5</changeFrameCollectionIndexTo>
          <newMoveAnimation>
            <iniLeft>378</iniLeft>
            <maxLeft>492</maxLeft>
            <pixelsMoveLeft>-2</pixelsMoveLeft>
            <pixelsMoveTop>0</pixelsMoveTop>
          </newMoveAnimation>
        </event>
        <event>
          <eventType>MoveAnimationMaxLeftReached</eventType>
          <eventActions>
            <eventAction>StopMove</eventAction>
            <eventAction>ChangeFrameCollection</eventAction>
            <eventAction>ChangeSpeedAnimation</eventAction>
            <eventAction>ChangeCustomCondition</eventAction>
          </eventActions>
          <newCustomCondition>toRight</newCustomCondition>
          <newSpeedAnimation>24</newSpeedAnimation>
          <whenFrameCollectionIndexIs>5</whenFrameCollectionIndexIs>
          <changeFrameCollectionIndexTo>4</changeFrameCollectionIndexTo>
        </event>
        <event>
          <eventType>FrameAnimationRepeatLoopEnds</eventType>
          <eventActions>
            <eventAction>ResumeMove</eventAction>
            <eventAction>ChangeFrameCollection</eventAction>
            <eventAction>ChangeSpeedAnimation</eventAction>
            <eventAction>FlipImage</eventAction>
          </eventActions>
          <newSpeedAnimation>4</newSpeedAnimation>
          <whenFrameCollectionIndexIs>4</whenFrameCollectionIndexIs>
          <whenCustomConditionIs>toRight</whenCustomConditionIs>
          <changeFrameCollectionIndexTo>5</changeFrameCollectionIndexTo>
        </event>
        <event>
          <eventType>MoveAnimationMaxRightReached</eventType>
          <eventActions>
            <eventAction>StopMove</eventAction>
            <eventAction>ChangeFrameCollection</eventAction>
            <eventAction>ChangeSpeedAnimation</eventAction>
            <eventAction>ChangeCustomCondition</eventAction>
          </eventActions>
          <newCustomCondition>toUp</newCustomCondition>
          <newSpeedAnimation>24</newSpeedAnimation>
          <whenFrameCollectionIndexIs>5</whenFrameCollectionIndexIs>
          <changeFrameCollectionIndexTo>4</changeFrameCollectionIndexTo>
        </event>
        <event>
          <eventType>FrameAnimationRepeatLoopEnds</eventType>
          <eventActions>
            <eventAction>ResumeMove</eventAction>
            <eventAction>ChangeFrameCollection</eventAction>
            <eventAction>ChangeSpeedAnimation</eventAction>
            <eventAction>UpdateMoveAnimation</eventAction>
          </eventActions>
          <newSpeedAnimation>4</newSpeedAnimation>
          <whenFrameCollectionIndexIs>4</whenFrameCollectionIndexIs>
          <whenCustomConditionIs>toUp</whenCustomConditionIs>
          <changeFrameCollectionIndexTo>3</changeFrameCollectionIndexTo>
          <newMoveAnimation>
            <iniTop>178</iniTop>
            <maxTop>348</maxTop>
            <pixelsMoveLeft>0</pixelsMoveLeft>
            <pixelsMoveTop>2</pixelsMoveTop>
          </newMoveAnimation>
        </event>
        <event>
          <eventType>MoveAnimationMaxTopReached</eventType>
          <eventActions>
            <eventAction>StopMove</eventAction>
            <eventAction>ChangeFrameCollection</eventAction>
            <eventAction>ChangeSpeedAnimation</eventAction>
          </eventActions>
          <newSpeedAnimation>24</newSpeedAnimation>
          <whenFrameCollectionIndexIs>3</whenFrameCollectionIndexIs>
          <changeFrameCollectionIndexTo>2</changeFrameCollectionIndexTo>
        </event>
        <event>
          <eventType>FrameAnimationRepeatLoopEnds</eventType>
          <eventActions>
            <eventAction>ResumeMove</eventAction>
            <eventAction>ChangeFrameCollection</eventAction>
            <eventAction>ChangeSpeedAnimation</eventAction>
          </eventActions>
          <newSpeedAnimation>4</newSpeedAnimation>
          <whenFrameCollectionIndexIs>2</whenFrameCollectionIndexIs>
          <changeFrameCollectionIndexTo>0</changeFrameCollectionIndexTo>
        </event>
        <defaultCustomCondition>toRight</defaultCustomCondition>
      </events>
      <left>492</left>
      <top>200</top>
      <speed>4</speed>
    </image>
    <image>
      <frames>
        <reUseTagFramesFromPreviousImage>true</reUseTagFramesFromPreviousImage>
      </frames>
      <moveAnimation>
        <iniTop>2</iniTop>
        <maxTop>132</maxTop>
        <pixelsMoveLeft>0</pixelsMoveLeft>
        <pixelsMoveTop>2</pixelsMoveTop>
      </moveAnimation>
      <events>
        <event>
          <eventType>MoveAnimationMaxBottomReached</eventType>
          <eventActions>
            <eventAction>StopMove</eventAction>
            <eventAction>ChangeFrameCollection</eventAction>
            <eventAction>ChangeSpeedAnimation</eventAction>
          </eventActions>
          <newSpeedAnimation>24</newSpeedAnimation>
          <whenFrameCollectionIndexIs>0</whenFrameCollectionIndexIs>
          <changeFrameCollectionIndexTo>1</changeFrameCollectionIndexTo>
        </event>
        <event>
          <eventType>FrameAnimationRepeatLoopEnds</eventType>
          <eventActions>
            <eventAction>ResumeMove</eventAction>
            <eventAction>ChangeFrameCollection</eventAction>
            <eventAction>ChangeSpeedAnimation</eventAction>
            <eventAction>UpdateMoveAnimation</eventAction>
          </eventActions>
          <newSpeedAnimation>4</newSpeedAnimation>
          <whenFrameCollectionIndexIs>1</whenFrameCollectionIndexIs>
          <changeFrameCollectionIndexTo>5</changeFrameCollectionIndexTo>
          <newMoveAnimation>
            <iniLeft>74</iniLeft>
            <maxLeft>304</maxLeft>
            <pixelsMoveLeft>2</pixelsMoveLeft>
            <pixelsMoveTop>0</pixelsMoveTop>
          </newMoveAnimation>
        </event>
        <event>
          <eventType>MoveAnimationMaxRightReached</eventType>
          <eventActions>
            <eventAction>StopMove</eventAction>
            <eventAction>ChangeFrameCollection</eventAction>
            <eventAction>ChangeSpeedAnimation</eventAction>
            <eventAction>ChangeCustomCondition</eventAction>
          </eventActions>
          <newCustomCondition>toLeft</newCustomCondition>
          <newSpeedAnimation>24</newSpeedAnimation>
          <whenFrameCollectionIndexIs>5</whenFrameCollectionIndexIs>
          <changeFrameCollectionIndexTo>4</changeFrameCollectionIndexTo>
        </event>
        <event>
          <eventType>FrameAnimationRepeatLoopEnds</eventType>
          <eventActions>
            <eventAction>ResumeMove</eventAction>
            <eventAction>ChangeFrameCollection</eventAction>
            <eventAction>ChangeSpeedAnimation</eventAction>
            <eventAction>FlipImage</eventAction>
          </eventActions>
          <newSpeedAnimation>4</newSpeedAnimation>
          <whenFrameCollectionIndexIs>4</whenFrameCollectionIndexIs>
          <whenCustomConditionIs>toLeft</whenCustomConditionIs>
          <changeFrameCollectionIndexTo>5</changeFrameCollectionIndexTo>
        </event>
        <event>
          <eventType>MoveAnimationMaxLeftReached</eventType>
          <eventActions>
            <eventAction>StopMove</eventAction>
            <eventAction>ChangeFrameCollection</eventAction>
            <eventAction>ChangeSpeedAnimation</eventAction>
            <eventAction>ChangeCustomCondition</eventAction>
          </eventActions>
          <newCustomCondition>toUp</newCustomCondition>
          <newSpeedAnimation>24</newSpeedAnimation>
          <whenFrameCollectionIndexIs>5</whenFrameCollectionIndexIs>
          <changeFrameCollectionIndexTo>4</changeFrameCollectionIndexTo>
        </event>
        <event>
          <eventType>FrameAnimationRepeatLoopEnds</eventType>
          <eventActions>
            <eventAction>ResumeMove</eventAction>
            <eventAction>ChangeFrameCollection</eventAction>
            <eventAction>ChangeSpeedAnimation</eventAction>
            <eventAction>UpdateMoveAnimation</eventAction>
            <eventAction>FlipImage</eventAction>
          </eventActions>
          <newSpeedAnimation>4</newSpeedAnimation>
          <whenFrameCollectionIndexIs>4</whenFrameCollectionIndexIs>
          <whenCustomConditionIs>toUp</whenCustomConditionIs>
          <changeFrameCollectionIndexTo>3</changeFrameCollectionIndexTo>
          <newMoveAnimation>
            <iniTop>2</iniTop>
            <maxTop>132</maxTop>
            <pixelsMoveLeft>0</pixelsMoveLeft>
            <pixelsMoveTop>-2</pixelsMoveTop>
          </newMoveAnimation>
        </event>
        <event>
          <eventType>MoveAnimationMaxTopReached</eventType>
          <eventActions>
            <eventAction>StopMove</eventAction>
            <eventAction>ChangeFrameCollection</eventAction>
            <eventAction>ChangeSpeedAnimation</eventAction>
          </eventActions>
          <newSpeedAnimation>24</newSpeedAnimation>
          <whenFrameCollectionIndexIs>3</whenFrameCollectionIndexIs>
          <changeFrameCollectionIndexTo>2</changeFrameCollectionIndexTo>
        </event>
        <event>
          <eventType>FrameAnimationRepeatLoopEnds</eventType>
          <eventActions>
            <eventAction>ResumeMove</eventAction>
            <eventAction>ChangeFrameCollection</eventAction>
            <eventAction>ChangeSpeedAnimation</eventAction>
          </eventActions>
          <newSpeedAnimation>4</newSpeedAnimation>
          <whenFrameCollectionIndexIs>2</whenFrameCollectionIndexIs>
          <changeFrameCollectionIndexTo>0</changeFrameCollectionIndexTo>
        </event>
        <defaultCustomCondition>toLeft</defaultCustomCondition>
      </events>
      <left>74</left>
      <top>4</top>
      <speed>4</speed>
    </image>
    <image>
      <frames>
        <reUseTagFramesFromPreviousImage>true</reUseTagFramesFromPreviousImage>
        <defaultFrameCollection>5</defaultFrameCollection>
      </frames>
      <moveAnimation>
        <iniLeft>952</iniLeft>
        <maxLeft>1102</maxLeft>
        <pixelsMoveLeft>2</pixelsMoveLeft>
        <pixelsMoveTop>0</pixelsMoveTop>
      </moveAnimation>
      <events>
        <event>
          <eventType>MoveAnimationMaxRightReached</eventType>
          <eventActions>
            <eventAction>StopMove</eventAction>
            <eventAction>ChangeFrameCollection</eventAction>
            <eventAction>ChangeSpeedAnimation</eventAction>
          </eventActions>
          <newSpeedAnimation>24</newSpeedAnimation>
          <whenFrameCollectionIndexIs>5</whenFrameCollectionIndexIs>
          <changeFrameCollectionIndexTo>4</changeFrameCollectionIndexTo>
        </event>
        <event>
          <eventType>FrameAnimationRepeatLoopEnds</eventType>
          <eventActions>
            <eventAction>ResumeMove</eventAction>
            <eventAction>ChangeFrameCollection</eventAction>
            <eventAction>ChangeSpeedAnimation</eventAction>
            <eventAction>FlipImage</eventAction>
          </eventActions>
          <newSpeedAnimation>4</newSpeedAnimation>
          <whenFrameCollectionIndexIs>4</whenFrameCollectionIndexIs>
          <changeFrameCollectionIndexTo>5</changeFrameCollectionIndexTo>
        </event>
        <event>
          <eventType>MoveAnimationMaxLeftReached</eventType>
          <eventActions>
            <eventAction>StopMove</eventAction>
            <eventAction>ChangeFrameCollection</eventAction>
            <eventAction>ChangeSpeedAnimation</eventAction>
          </eventActions>
          <newSpeedAnimation>24</newSpeedAnimation>
          <whenFrameCollectionIndexIs>5</whenFrameCollectionIndexIs>
          <changeFrameCollectionIndexTo>4</changeFrameCollectionIndexTo>
        </event>
      </events>
      <left>1000</left>
      <top>598</top>
      <speed>4</speed>
    </image>
    <image>
      <frames>
        <frameCollection>
          <frame>
            <fileName from="mapzdarkfb">ene1c.png</fileName>
            <delay>3</delay>
          </frame>
          <frame>
            <fileName from="mapzdarkfb">ene1d.png</fileName>
          </frame>
        </frameCollection>
        <frameCollection>
          <frame>
            <fileName from="mapzdarkfb">ene1e.png</fileName>
            <delay>5</delay>
          </frame>
        </frameCollection>
        <frameCollection>
          <frame>
            <fileName from="mapzdarkfb">ene1m.png</fileName>
            <delay>5</delay>
          </frame>
        </frameCollection>
        <frameCollection>
          <frame>
            <fileName from="mapzdarkfb">ene1g.png</fileName>
            <delay>5</delay>
          </frame>
        </frameCollection>
        <frameCollection>
          <frame>
            <fileName from="mapzdarkfb">ene1h.png</fileName>
            <delay>3</delay>
          </frame>
          <frame>
            <fileName from="mapzdarkfb">ene1i.png</fileName>
          </frame>
        </frameCollection>
        <frameCollection>
          <frame>
            <fileName from="mapzdarkfb">ene1a.png</fileName>
            <delay>3</delay>
          </frame>
          <frame>
            <fileName from="mapzdarkfb">ene1b.png</fileName>
          </frame>
        </frameCollection>
        <frameCollection>
          <frame>
            <fileName from="mapzdarkfb">ene1k.png</fileName>
            <delay>5</delay>
          </frame>
        </frameCollection>
        <frameCollection>
          <frame>
            <fileName from="mapzdarkfb">ene1f.png</fileName>
            <delay>5</delay>
          </frame>
        </frameCollection>
        <frameCollection>
          <frame>
            <fileName from="mapzdarkfb">ene1l.png</fileName>
            <delay>5</delay>
          </frame>
        </frameCollection>
        <frameCollection>
          <frame>
            <fileName from="mapzdarkfb">ene1s.png</fileName>
            <delay>5</delay>
          </frame>
        </frameCollection>
        <frameCollection>
          <frame>
            <fileName from="mapzdarkfb">ene1n.png</fileName>
          </frame>
        </frameCollection>
        <frameCollection>
          <frame>
            <fileName from="mapzdarkfb">ene1p.png</fileName>
          </frame>
          <frame>
            <fileName from="mapzdarkfb">ene1q.png</fileName>
          </frame>
        </frameCollection>
        <framesAnimationSpeed>3</framesAnimationSpeed>
      </frames>
      <moveAnimation>
        <iniLeft>376</iniLeft>
        <!--<iniTop>110</iniTop>-->
        <maxLeft>606</maxLeft>
        <!--<maxTop>122</maxTop>-->
        <pixelsMoveTop>0</pixelsMoveTop>
        <pixelsMoveLeft>2</pixelsMoveLeft>
      </moveAnimation>
      <flipImage>Horizontal</flipImage>
      <events>
        <event>
          <eventType>MoveAnimationMaxRightReached</eventType>
          <eventActions>
            <eventAction>StopMove</eventAction>
            <eventAction>ChangeFrameCollection</eventAction>
            <eventAction>UpdateMoveAnimation</eventAction>
            <eventAction>ChangeCustomCondition</eventAction>
          </eventActions>
          <newMoveAnimation>
            <!--<iniLeft>170</iniLeft>-->
            <iniTop>8</iniTop>
            <!--<maxLeft>312</maxLeft>-->
            <maxTop>148</maxTop>
            <pixelsMoveTop>-2</pixelsMoveTop>
            <pixelsMoveLeft>0</pixelsMoveLeft>
            <moveAnimationStop>true</moveAnimationStop>
          </newMoveAnimation>
          <newCustomCondition>ready</newCustomCondition>
          <whenFrameCollectionIndexIs>0</whenFrameCollectionIndexIs>
          <changeFrameCollectionIndexTo>3</changeFrameCollectionIndexTo>
        </event>
        <event>
          <eventType>FrameAnimationLoopEnds</eventType>
          <eventActions>
            <eventAction>ResumeMove</eventAction>
            <eventAction>FlipImage</eventAction>
            <eventAction>ChangeFrameCollection</eventAction>
          </eventActions>
          <whenFrameCollectionIndexIs>3</whenFrameCollectionIndexIs>
          <changeFrameCollectionIndexTo>4</changeFrameCollectionIndexTo>
        </event>
        <event>
          <eventType>MoveAnimationMaxTopReached</eventType>
          <eventActions>
            <eventAction>ChangeFrameCollection</eventAction>
            <eventAction>StopMove</eventAction>
          </eventActions>
          <whenFrameCollectionIndexIs>4</whenFrameCollectionIndexIs>
          <changeFrameCollectionIndexTo>9</changeFrameCollectionIndexTo>
        </event>
        <event>
          <eventType>FrameAnimationLoopEnds</eventType>
          <eventActions>
            <eventAction>ResumeMove</eventAction>
            <eventAction>ChangeFrameCollection</eventAction>
          </eventActions>
          <whenFrameCollectionIndexIs>9</whenFrameCollectionIndexIs>
          <changeFrameCollectionIndexTo>5</changeFrameCollectionIndexTo>
        </event>
        <event>
          <eventType>MoveAnimationMaxBottomReached</eventType>
          <eventActions>
            <eventAction>StopMove</eventAction>
            <eventAction>ChangeFrameCollection</eventAction>
            <eventAction>UpdateMoveAnimation</eventAction>
          </eventActions>
          <newMoveAnimation>
            <iniLeft>376</iniLeft>
            <!--<iniTop>110</iniTop>-->
            <maxLeft>606</maxLeft>
            <!--<maxTop>122</maxTop>-->
            <pixelsMoveTop>0</pixelsMoveTop>
            <pixelsMoveLeft>-2</pixelsMoveLeft>
            <moveAnimationStop>true</moveAnimationStop>
          </newMoveAnimation>
          <whenFrameCollectionIndexIs>5</whenFrameCollectionIndexIs>
          <changeFrameCollectionIndexTo>8</changeFrameCollectionIndexTo>
        </event>
        <event>
          <eventType>FrameAnimationLoopEnds</eventType>
          <eventActions>
            <eventAction>ResumeMove</eventAction>
            <eventAction>ChangeFrameCollection</eventAction>
          </eventActions>
          <whenFrameCollectionIndexIs>8</whenFrameCollectionIndexIs>
          <changeFrameCollectionIndexTo>0</changeFrameCollectionIndexTo>
        </event>
        <event>
          <eventType>MoveAnimationMaxLeftReached</eventType>
          <eventActions>
            <eventAction>StopMove</eventAction>
            <eventAction>ChangeFrameCollection</eventAction>
          </eventActions>
          <whenFrameCollectionIndexIs>0</whenFrameCollectionIndexIs>
          <changeFrameCollectionIndexTo>1</changeFrameCollectionIndexTo>
        </event>
        <event>
          <eventType>FrameAnimationLoopEnds</eventType>
          <eventActions>
            <eventAction>FlipImage</eventAction>
            <eventAction>ResumeMove</eventAction>
            <eventAction>ChangeFrameCollection</eventAction>
          </eventActions>
          <whenFrameCollectionIndexIs>1</whenFrameCollectionIndexIs>
          <changeFrameCollectionIndexTo>0</changeFrameCollectionIndexTo>
        </event>
        <event>
          <eventType>TriggerActionByPosition</eventType>
          <eventActions>
            <eventAction>StopMove</eventAction>
            <eventAction>ChangeFrameCollection</eventAction>
          </eventActions>
          <whenCustomConditionIs>ready</whenCustomConditionIs>
          <changeFrameCollectionIndexTo>11</changeFrameCollectionIndexTo>
          <whenCurrentPositionIs>500;148</whenCurrentPositionIs>
        </event>
        <event>
          <eventType>TriggerActionByCurrentFrame</eventType>
          <eventActions>
            <eventAction>EditAnimationByID</eventAction>
            <eventAction>StopAnimation</eventAction>
            <eventAction>ChangeCustomCondition</eventAction>
          </eventActions>
          <editAnimationByIDOptions>
            <option>
              <imageID>arrow2</imageID>
              <editActions>
                <editAction>ResumeMove</editAction>
                <editAction>ChangeVisibleValue</editAction>
              </editActions>
              <newVisibleValue>true</newVisibleValue>
            </option>
          </editAnimationByIDOptions>
          <whenCurrentFrameIndexIs>1</whenCurrentFrameIndexIs>
          <whenFrameCollectionIndexIs>11</whenFrameCollectionIndexIs>
          <newCustomCondition>stoppped</newCustomCondition>
        </event>
        <defaultCustomCondition>stoppped</defaultCustomCondition>
      </events>
      <left>400</left>
      <top>148</top>
      <id>ene2</id>
    </image>
    <image>
      <frames>
        <reUseTagFramesFromPreviousImage>true</reUseTagFramesFromPreviousImage>
        <framesAnimationSpeed>3</framesAnimationSpeed>
      </frames>
      <moveAnimation>
        <iniLeft>1258</iniLeft>
        <!--<iniTop>110</iniTop>-->
        <maxLeft>1360</maxLeft>
        <!--<maxTop>122</maxTop>-->
        <pixelsMoveTop>0</pixelsMoveTop>
        <pixelsMoveLeft>2</pixelsMoveLeft>
      </moveAnimation>
      <flipImage>Horizontal</flipImage>
      <events>
        <event>
          <eventType>MoveAnimationMaxRightReached</eventType>
          <eventActions>
            <eventAction>StopMove</eventAction>
            <eventAction>ChangeFrameCollection</eventAction>
            <eventAction>UpdateMoveAnimation</eventAction>
            <eventAction>ChangeCustomCondition</eventAction>
          </eventActions>
          <newMoveAnimation>
            <!--<iniLeft>170</iniLeft>-->
            <iniTop>152</iniTop>
            <!--<maxLeft>312</maxLeft>-->
            <maxTop>278</maxTop>
            <pixelsMoveTop>-2</pixelsMoveTop>
            <pixelsMoveLeft>0</pixelsMoveLeft>
            <moveAnimationStop>true</moveAnimationStop>
          </newMoveAnimation>
          <newCustomCondition>ready</newCustomCondition>
          <whenFrameCollectionIndexIs>0</whenFrameCollectionIndexIs>
          <changeFrameCollectionIndexTo>3</changeFrameCollectionIndexTo>
        </event>
        <event>
          <eventType>FrameAnimationLoopEnds</eventType>
          <eventActions>
            <eventAction>ResumeMove</eventAction>
            <eventAction>FlipImage</eventAction>
            <eventAction>ChangeFrameCollection</eventAction>
          </eventActions>
          <whenFrameCollectionIndexIs>3</whenFrameCollectionIndexIs>
          <changeFrameCollectionIndexTo>4</changeFrameCollectionIndexTo>
        </event>
        <event>
          <eventType>MoveAnimationMaxTopReached</eventType>
          <eventActions>
            <eventAction>ChangeFrameCollection</eventAction>
            <eventAction>StopMove</eventAction>
          </eventActions>
          <whenFrameCollectionIndexIs>4</whenFrameCollectionIndexIs>
          <changeFrameCollectionIndexTo>9</changeFrameCollectionIndexTo>
        </event>
        <event>
          <eventType>FrameAnimationLoopEnds</eventType>
          <eventActions>
            <eventAction>ResumeMove</eventAction>
            <eventAction>ChangeFrameCollection</eventAction>
          </eventActions>
          <whenFrameCollectionIndexIs>9</whenFrameCollectionIndexIs>
          <changeFrameCollectionIndexTo>5</changeFrameCollectionIndexTo>
        </event>
        <event>
          <eventType>MoveAnimationMaxBottomReached</eventType>
          <eventActions>
            <eventAction>StopMove</eventAction>
            <eventAction>ChangeFrameCollection</eventAction>
            <eventAction>UpdateMoveAnimation</eventAction>
          </eventActions>
          <newMoveAnimation>
            <iniLeft>1258</iniLeft>
            <!--<iniTop>110</iniTop>-->
            <maxLeft>1360</maxLeft>
            <!--<maxTop>122</maxTop>-->
            <pixelsMoveTop>0</pixelsMoveTop>
            <pixelsMoveLeft>-2</pixelsMoveLeft>
            <moveAnimationStop>true</moveAnimationStop>
          </newMoveAnimation>
          <whenFrameCollectionIndexIs>5</whenFrameCollectionIndexIs>
          <changeFrameCollectionIndexTo>8</changeFrameCollectionIndexTo>
        </event>
        <event>
          <eventType>FrameAnimationLoopEnds</eventType>
          <eventActions>
            <eventAction>ResumeMove</eventAction>
            <eventAction>ChangeFrameCollection</eventAction>
          </eventActions>
          <whenFrameCollectionIndexIs>8</whenFrameCollectionIndexIs>
          <changeFrameCollectionIndexTo>0</changeFrameCollectionIndexTo>
        </event>
        <event>
          <eventType>MoveAnimationMaxLeftReached</eventType>
          <eventActions>
            <eventAction>StopMove</eventAction>
            <eventAction>ChangeFrameCollection</eventAction>
          </eventActions>
          <whenFrameCollectionIndexIs>0</whenFrameCollectionIndexIs>
          <changeFrameCollectionIndexTo>1</changeFrameCollectionIndexTo>
        </event>
        <event>
          <eventType>FrameAnimationLoopEnds</eventType>
          <eventActions>
            <eventAction>FlipImage</eventAction>
            <eventAction>ResumeMove</eventAction>
            <eventAction>ChangeFrameCollection</eventAction>
          </eventActions>
          <whenFrameCollectionIndexIs>1</whenFrameCollectionIndexIs>
          <changeFrameCollectionIndexTo>0</changeFrameCollectionIndexTo>
        </event>
        <event>
          <eventType>TriggerActionByPosition</eventType>
          <eventActions>
            <eventAction>StopMove</eventAction>
            <eventAction>ChangeFrameCollection</eventAction>
          </eventActions>
          <whenCustomConditionIs>ready</whenCustomConditionIs>
          <changeFrameCollectionIndexTo>11</changeFrameCollectionIndexTo>
          <whenCurrentPositionIs>1300;278</whenCurrentPositionIs>
        </event>
        <event>
          <eventType>TriggerActionByCurrentFrame</eventType>
          <eventActions>
            <eventAction>EditAnimationByID</eventAction>
            <eventAction>StopAnimation</eventAction>
            <eventAction>ChangeCustomCondition</eventAction>
          </eventActions>
          <editAnimationByIDOptions>
            <option>
              <imageID>arrow1</imageID>
              <editActions>
                <editAction>ResumeMove</editAction>
                <editAction>ChangeVisibleValue</editAction>
              </editActions>
              <newVisibleValue>true</newVisibleValue>
            </option>
          </editAnimationByIDOptions>
          <whenCurrentFrameIndexIs>1</whenCurrentFrameIndexIs>
          <whenFrameCollectionIndexIs>11</whenFrameCollectionIndexIs>
          <newCustomCondition>stoppped</newCustomCondition>
        </event>
        <defaultCustomCondition>stoppped</defaultCustomCondition>
      </events>
      <left>1300</left>
      <top>278</top>
      <id>ene1</id>
    </image>
    <image>
      <frames>
        <reUseTagFramesFromPreviousImage>true</reUseTagFramesFromPreviousImage>
        <framesAnimationSpeed>3</framesAnimationSpeed>
        <!--<defaultFrameCollection>5</defaultFrameCollection>-->
      </frames>
      <moveAnimation>
        <iniLeft>1166</iniLeft>
        <maxLeft>1316</maxLeft>
        <pixelsMoveTop>0</pixelsMoveTop>
        <pixelsMoveLeft>-2</pixelsMoveLeft>
      </moveAnimation>
      <events>
        <event>
          <eventType>MoveAnimationMaxLeftReached</eventType>
          <eventActions>
            <eventAction>StopMove</eventAction>
            <eventAction>ChangeFrameCollection</eventAction>
          </eventActions>
          <changeFrameCollectionIndexTo>1</changeFrameCollectionIndexTo>
        </event>
        <event>
          <eventType>FrameAnimationLoopEnds</eventType>
          <eventActions>
            <eventAction>ResumeMove</eventAction>
            <eventAction>ChangeFrameCollection</eventAction>
            <eventAction>FlipImage</eventAction>
          </eventActions>
          <whenFrameCollectionIndexIs>1</whenFrameCollectionIndexIs>
          <changeFrameCollectionIndexTo>0</changeFrameCollectionIndexTo>
        </event>
        <event>
          <eventType>MoveAnimationMaxRightReached</eventType>
          <eventActions>
            <eventAction>StopMove</eventAction>
            <eventAction>ChangeFrameCollection</eventAction>
          </eventActions>
          <changeFrameCollectionIndexTo>1</changeFrameCollectionIndexTo>
        </event>
      </events>
      <left>1200</left>
      <top>108</top>
    </image>
    <image>
      <frames>
        <reUseTagFramesFromPreviousImage>true</reUseTagFramesFromPreviousImage>
        <framesAnimationSpeed>3</framesAnimationSpeed>
        <!--<defaultFrameCollection>5</defaultFrameCollection>-->
      </frames>
      <moveAnimation>
        <iniLeft>584</iniLeft>
        <maxLeft>774</maxLeft>
        <pixelsMoveTop>0</pixelsMoveTop>
        <pixelsMoveLeft>-2</pixelsMoveLeft>
      </moveAnimation>
      <events>
        <event>
          <eventType>MoveAnimationMaxLeftReached</eventType>
          <eventActions>
            <eventAction>StopMove</eventAction>
            <eventAction>ChangeFrameCollection</eventAction>
          </eventActions>
          <changeFrameCollectionIndexTo>1</changeFrameCollectionIndexTo>
        </event>
        <event>
          <eventType>FrameAnimationLoopEnds</eventType>
          <eventActions>
            <eventAction>ResumeMove</eventAction>
            <eventAction>ChangeFrameCollection</eventAction>
            <eventAction>FlipImage</eventAction>
          </eventActions>
          <whenFrameCollectionIndexIs>1</whenFrameCollectionIndexIs>
          <changeFrameCollectionIndexTo>0</changeFrameCollectionIndexTo>
        </event>
        <event>
          <eventType>MoveAnimationMaxRightReached</eventType>
          <eventActions>
            <eventAction>StopMove</eventAction>
            <eventAction>ChangeFrameCollection</eventAction>
          </eventActions>
          <changeFrameCollectionIndexTo>1</changeFrameCollectionIndexTo>
        </event>
      </events>
      <left>774</left>
      <top>812</top>
    </image>
    <image>
      <frames>
        <reUseTagFramesFromPreviousImage>true</reUseTagFramesFromPreviousImage>
        <framesAnimationSpeed>3</framesAnimationSpeed>
      </frames>
      <moveAnimation>
        <iniLeft>640</iniLeft>
        <!--<iniTop>110</iniTop>-->
        <maxLeft>760</maxLeft>
        <!--<maxTop>122</maxTop>-->
        <pixelsMoveTop>0</pixelsMoveTop>
        <pixelsMoveLeft>-2</pixelsMoveLeft>
      </moveAnimation>
      <events>
        <event>
          <eventType>MoveAnimationMaxLeftReached</eventType>
          <eventActions>
            <eventAction>StopMove</eventAction>
            <eventAction>ChangeFrameCollection</eventAction>
            <eventAction>UpdateMoveAnimation</eventAction>
          </eventActions>
          <newMoveAnimation>
            <!--<iniLeft>170</iniLeft>-->
            <iniTop>656</iniTop>
            <!--<maxLeft>312</maxLeft>-->
            <maxTop>756</maxTop>
            <pixelsMoveTop>-2</pixelsMoveTop>
            <pixelsMoveLeft>0</pixelsMoveLeft>
            <moveAnimationStop>true</moveAnimationStop>
          </newMoveAnimation>
          <whenFrameCollectionIndexIs>0</whenFrameCollectionIndexIs>
          <changeFrameCollectionIndexTo>3</changeFrameCollectionIndexTo>
        </event>
        <event>
          <eventType>FrameAnimationLoopEnds</eventType>
          <eventActions>
            <eventAction>ResumeMove</eventAction>
            <eventAction>ChangeFrameCollection</eventAction>
          </eventActions>
          <whenFrameCollectionIndexIs>3</whenFrameCollectionIndexIs>
          <changeFrameCollectionIndexTo>4</changeFrameCollectionIndexTo>
        </event>
        <event>
          <eventType>MoveAnimationMaxTopReached</eventType>
          <eventActions>
            <eventAction>ChangeFrameCollection</eventAction>
            <eventAction>StopMove</eventAction>
          </eventActions>
          <whenFrameCollectionIndexIs>4</whenFrameCollectionIndexIs>
          <changeFrameCollectionIndexTo>9</changeFrameCollectionIndexTo>
        </event>
        <event>
          <eventType>FrameAnimationLoopEnds</eventType>
          <eventActions>
            <eventAction>ResumeMove</eventAction>
            <eventAction>ChangeFrameCollection</eventAction>
          </eventActions>
          <whenFrameCollectionIndexIs>9</whenFrameCollectionIndexIs>
          <changeFrameCollectionIndexTo>5</changeFrameCollectionIndexTo>
        </event>
        <event>
          <eventType>MoveAnimationMaxBottomReached</eventType>
          <eventActions>
            <eventAction>StopMove</eventAction>
            <eventAction>ChangeFrameCollection</eventAction>
            <eventAction>UpdateMoveAnimation</eventAction>
          </eventActions>
          <newMoveAnimation>
            <iniLeft>640</iniLeft>
            <!--<iniTop>110</iniTop>-->
            <maxLeft>760</maxLeft>
            <!--<maxTop>122</maxTop>-->
            <pixelsMoveTop>0</pixelsMoveTop>
            <pixelsMoveLeft>2</pixelsMoveLeft>
            <moveAnimationStop>true</moveAnimationStop>
          </newMoveAnimation>
          <whenFrameCollectionIndexIs>5</whenFrameCollectionIndexIs>
          <changeFrameCollectionIndexTo>2</changeFrameCollectionIndexTo>
        </event>
        <event>
          <eventType>FrameAnimationLoopEnds</eventType>
          <eventActions>
            <eventAction>ResumeMove</eventAction>
            <eventAction>FlipImage</eventAction>
            <eventAction>ChangeFrameCollection</eventAction>
          </eventActions>
          <whenFrameCollectionIndexIs>2</whenFrameCollectionIndexIs>
          <changeFrameCollectionIndexTo>0</changeFrameCollectionIndexTo>
        </event>
        <event>
          <eventType>MoveAnimationMaxRightReached</eventType>
          <eventActions>
            <eventAction>StopMove</eventAction>
            <eventAction>ChangeFrameCollection</eventAction>
          </eventActions>
          <whenFrameCollectionIndexIs>0</whenFrameCollectionIndexIs>
          <changeFrameCollectionIndexTo>1</changeFrameCollectionIndexTo>
        </event>
        <event>
          <eventType>FrameAnimationLoopEnds</eventType>
          <eventActions>
            <eventAction>FlipImage</eventAction>
            <eventAction>ResumeMove</eventAction>
            <eventAction>ChangeFrameCollection</eventAction>
          </eventActions>
          <whenFrameCollectionIndexIs>1</whenFrameCollectionIndexIs>
          <changeFrameCollectionIndexTo>0</changeFrameCollectionIndexTo>
        </event>
        <event>
          <eventType>TriggerActionByPosition</eventType>
          <eventActions>
            <eventAction>EditAnimationByID</eventAction>
            <eventAction>StopMove</eventAction>
            <eventAction>ChangeFrameCollection</eventAction>
          </eventActions>
          <editAnimationByIDOptions>
            <option>
              <imageID>arrow3</imageID>
              <editActions>
                <editAction>ResumeMove</editAction>
                <editAction>ChangeVisibleValue</editAction>
              </editActions>
              <newVisibleValue>true</newVisibleValue>
            </option>
          </editAnimationByIDOptions>
          <changeFrameCollectionIndexTo>10</changeFrameCollectionIndexTo>
          <whenFrameCollectionIndexIs>5</whenFrameCollectionIndexIs>
          <whenCurrentPositionIs>640;700</whenCurrentPositionIs>
        </event>
      </events>
      <left>700</left>
      <top>756</top>
      <id>ene3</id>
    </image>
    <image>
      <frames>
        <reUseTagFramesFromPreviousImage>true</reUseTagFramesFromPreviousImage>
        <framesAnimationSpeed>3</framesAnimationSpeed>
      </frames>
      <moveAnimation>
        <iniLeft>1144</iniLeft>
        <!--<iniTop>110</iniTop>-->
        <maxLeft>1318</maxLeft>
        <!--<maxTop>122</maxTop>-->
        <pixelsMoveTop>0</pixelsMoveTop>
        <pixelsMoveLeft>-2</pixelsMoveLeft>
      </moveAnimation>
      <events>
        <event>
          <eventType>MoveAnimationMaxLeftReached</eventType>
          <eventActions>
            <eventAction>StopMove</eventAction>
            <eventAction>ChangeFrameCollection</eventAction>
            <eventAction>UpdateMoveAnimation</eventAction>
          </eventActions>
          <newMoveAnimation>
            <!--<iniLeft>170</iniLeft>-->
            <iniTop>130</iniTop>
            <!--<maxLeft>312</maxLeft>-->
            <maxTop>366</maxTop>
            <pixelsMoveTop>-2</pixelsMoveTop>
            <pixelsMoveLeft>0</pixelsMoveLeft>
            <moveAnimationStop>true</moveAnimationStop>
          </newMoveAnimation>
          <whenFrameCollectionIndexIs>0</whenFrameCollectionIndexIs>
          <changeFrameCollectionIndexTo>3</changeFrameCollectionIndexTo>
        </event>
        <event>
          <eventType>FrameAnimationLoopEnds</eventType>
          <eventActions>
            <eventAction>ResumeMove</eventAction>
            <eventAction>ChangeFrameCollection</eventAction>
          </eventActions>
          <whenFrameCollectionIndexIs>3</whenFrameCollectionIndexIs>
          <changeFrameCollectionIndexTo>4</changeFrameCollectionIndexTo>
        </event>
        <event>
          <eventType>MoveAnimationMaxTopReached</eventType>
          <eventActions>
            <eventAction>ChangeFrameCollection</eventAction>
            <eventAction>StopMove</eventAction>
          </eventActions>
          <whenFrameCollectionIndexIs>4</whenFrameCollectionIndexIs>
          <changeFrameCollectionIndexTo>9</changeFrameCollectionIndexTo>
        </event>
        <event>
          <eventType>FrameAnimationLoopEnds</eventType>
          <eventActions>
            <eventAction>ResumeMove</eventAction>
            <eventAction>ChangeFrameCollection</eventAction>
          </eventActions>
          <whenFrameCollectionIndexIs>9</whenFrameCollectionIndexIs>
          <changeFrameCollectionIndexTo>5</changeFrameCollectionIndexTo>
        </event>
        <event>
          <eventType>MoveAnimationMaxBottomReached</eventType>
          <eventActions>
            <eventAction>StopMove</eventAction>
            <eventAction>ChangeFrameCollection</eventAction>
            <eventAction>UpdateMoveAnimation</eventAction>
          </eventActions>
          <newMoveAnimation>
            <iniLeft>1144</iniLeft>
            <!--<iniTop>110</iniTop>-->
            <maxLeft>1318</maxLeft>
            <!--<maxTop>122</maxTop>-->
            <pixelsMoveTop>0</pixelsMoveTop>
            <pixelsMoveLeft>2</pixelsMoveLeft>
            <moveAnimationStop>true</moveAnimationStop>
          </newMoveAnimation>
          <whenFrameCollectionIndexIs>5</whenFrameCollectionIndexIs>
          <changeFrameCollectionIndexTo>2</changeFrameCollectionIndexTo>
        </event>
        <event>
          <eventType>FrameAnimationLoopEnds</eventType>
          <eventActions>
            <eventAction>ResumeMove</eventAction>
            <eventAction>FlipImage</eventAction>
            <eventAction>ChangeFrameCollection</eventAction>
          </eventActions>
          <whenFrameCollectionIndexIs>2</whenFrameCollectionIndexIs>
          <changeFrameCollectionIndexTo>0</changeFrameCollectionIndexTo>
        </event>
        <event>
          <eventType>MoveAnimationMaxRightReached</eventType>
          <eventActions>
            <eventAction>StopMove</eventAction>
            <eventAction>ChangeFrameCollection</eventAction>
          </eventActions>
          <whenFrameCollectionIndexIs>0</whenFrameCollectionIndexIs>
          <changeFrameCollectionIndexTo>1</changeFrameCollectionIndexTo>
        </event>
        <event>
          <eventType>FrameAnimationLoopEnds</eventType>
          <eventActions>
            <eventAction>FlipImage</eventAction>
            <eventAction>ResumeMove</eventAction>
            <eventAction>ChangeFrameCollection</eventAction>
          </eventActions>
          <whenFrameCollectionIndexIs>1</whenFrameCollectionIndexIs>
          <changeFrameCollectionIndexTo>0</changeFrameCollectionIndexTo>
        </event>
        <event>
          <eventType>TriggerActionByPosition</eventType>
          <eventActions>
            <eventAction>EditAnimationByID</eventAction>
            <eventAction>StopMove</eventAction>
            <eventAction>ChangeFrameCollection</eventAction>
          </eventActions>
          <editAnimationByIDOptions>
            <option>
              <imageID>arrow4</imageID>
              <editActions>
                <editAction>ResumeMove</editAction>
                <editAction>ChangeVisibleValue</editAction>
              </editActions>
              <newVisibleValue>true</newVisibleValue>
            </option>
          </editAnimationByIDOptions>
          <changeFrameCollectionIndexTo>10</changeFrameCollectionIndexTo>
          <whenFrameCollectionIndexIs>5</whenFrameCollectionIndexIs>
          <whenCurrentPositionIs>1144;220</whenCurrentPositionIs>
        </event>
      </events>
      <left>1200</left>
      <top>366</top>
      <id>ene4</id>
    </image>



















    <image>
      <fileName from="mapzdarkfb">ene1r.png</fileName>
      <moveAnimation>
        <iniLeft>276</iniLeft>
        <maxLeft>520</maxLeft>
        <pixelsMoveLeft>-4</pixelsMoveLeft>
        <returnToTheBeginning>true</returnToTheBeginning>
        <moveAnimationStop>true</moveAnimationStop>
      </moveAnimation>
      <events>
        <event>
          <eventType>MoveAnimationMaxLeftReached</eventType>
          <eventActions>
            <eventAction>StopMove</eventAction>
            <eventAction>ChangeVisibleValue</eventAction>
          </eventActions>
          <newVisibleValue>false</newVisibleValue>
        </event>
        <event>
          <eventType>TriggerActionByPosition</eventType>
          <eventActions>
            <eventAction>ChangeFrameCollection</eventAction>
            <eventAction>ResumeAnimationAndMove</eventAction>
          </eventActions>
          <ids>ene2</ids>
          <changeFrameCollectionIndexTo>0</changeFrameCollectionIndexTo>
          <whenCurrentPositionIs>460;148</whenCurrentPositionIs>
        </event>
      </events>
      <left>520</left>
      <top>148</top>
      <speed>1</speed>
      <visible>false</visible>
      <id>arrow2</id>
    </image>
    <image>
      <fileName from="mapzdarkfb">ene1r.png</fileName>
      <moveAnimation>
        <iniLeft>1100</iniLeft>
        <maxLeft>1300</maxLeft>
        <pixelsMoveLeft>-4</pixelsMoveLeft>
        <returnToTheBeginning>true</returnToTheBeginning>
        <moveAnimationStop>true</moveAnimationStop>
      </moveAnimation>
      <events>
        <event>
          <eventType>MoveAnimationMaxLeftReached</eventType>
          <eventActions>
            <eventAction>StopMove</eventAction>
            <eventAction>ChangeVisibleValue</eventAction>
          </eventActions>
          <newVisibleValue>false</newVisibleValue>
        </event>
        <event>
          <eventType>TriggerActionByPosition</eventType>
          <eventActions>
            <eventAction>ChangeFrameCollection</eventAction>
            <eventAction>ResumeAnimationAndMove</eventAction>
          </eventActions>
          <ids>ene1</ids>
          <changeFrameCollectionIndexTo>0</changeFrameCollectionIndexTo>
          <whenCurrentPositionIs>1244;278</whenCurrentPositionIs>
        </event>
      </events>
      <left>1300</left>
      <top>278</top>
      <speed>1</speed>
      <visible>false</visible>
      <id>arrow1</id>
    </image>
    <image>
      <fileName from="mapzdarkfb">ene1o.png</fileName>
      <moveAnimation>
        <iniTop>700</iniTop>
        <maxTop>840</maxTop>
        <pixelsMoveTop>4</pixelsMoveTop>
        <returnToTheBeginning>true</returnToTheBeginning>
        <moveAnimationStop>true</moveAnimationStop>
      </moveAnimation>
      <events>
        <event>
          <eventType>MoveAnimationMaxBottomReached</eventType>
          <eventActions>
            <eventAction>StopMove</eventAction>
            <eventAction>ChangeVisibleValue</eventAction>
          </eventActions>
          <newVisibleValue>false</newVisibleValue>
        </event>
        <event>
          <eventType>TriggerActionByPosition</eventType>
          <eventActions>
            <eventAction>ResumeMove</eventAction>
            <eventAction>ChangeFrameCollection</eventAction>
          </eventActions>
          <ids>ene3</ids>
          <changeFrameCollectionIndexTo>5</changeFrameCollectionIndexTo>
          <whenCurrentPositionIs>640;748</whenCurrentPositionIs>
        </event>
      </events>
      <left>640</left>
      <top>700</top>
      <speed>1</speed>
      <visible>false</visible>
      <id>arrow3</id>
    </image>
    <image>
      <fileName from="mapzdarkfb">ene1o.png</fileName>
      <moveAnimation>
        <iniTop>220</iniTop>
        <maxTop>400</maxTop>
        <pixelsMoveTop>4</pixelsMoveTop>
        <returnToTheBeginning>true</returnToTheBeginning>
        <moveAnimationStop>true</moveAnimationStop>
      </moveAnimation>
      <events>
        <event>
          <eventType>MoveAnimationMaxBottomReached</eventType>
          <eventActions>
            <eventAction>StopMove</eventAction>
            <eventAction>ChangeVisibleValue</eventAction>
          </eventActions>
          <newVisibleValue>false</newVisibleValue>
        </event>
        <event>
          <eventType>TriggerActionByPosition</eventType>
          <eventActions>
            <eventAction>ResumeMove</eventAction>
            <eventAction>ChangeFrameCollection</eventAction>
          </eventActions>
          <ids>ene4</ids>
          <changeFrameCollectionIndexTo>5</changeFrameCollectionIndexTo>
          <whenCurrentPositionIs>1144;340</whenCurrentPositionIs>
        </event>
      </events>
      <left>1144</left>
      <top>220</top>
      <speed>1</speed>
      <visible>false</visible>
      <id>arrow4</id>
    </image>
    <image>
      <frames>
        <frameCollection>
          <frame>
            <fileName from="mapzdarkf">enec3.png</fileName>
            <delay>1</delay>
          </frame>
          <frame>
            <fileName from="mapzdarkf">enec4.png</fileName>
          </frame>
          <frame>
            <fileName from="mapzdarkf">enec6.png</fileName>
          </frame>
          <frame>
            <fileName from="mapzdarkf">enec7.png</fileName>
          </frame>
          <frame>
            <fileName from="mapzdarkf">enec9.png</fileName>
          </frame>
          <frame>
            <fileName from="mapzdarkf">enec10.png</fileName>
          </frame>
        </frameCollection>
        <frameCollection>
          <frame>
            <fileName from="mapzdarkf">enec1.png</fileName>
            <delay>3</delay>
          </frame>
          <frame>
            <fileName from="mapzdarkf">enec2.png</fileName>
          </frame>
          <frame>
            <fileName from="mapzdarkf">enec1.png</fileName>
          </frame>
          <repeatThisLoopForTimes>1</repeatThisLoopForTimes>
        </frameCollection>
        <framesAnimationSpeed>1</framesAnimationSpeed>
        <returnBackwardToFirstFrame>true</returnBackwardToFirstFrame>
      </frames>
      <moveAnimation>
        <iniLeft>790</iniLeft>
        <iniTop>88</iniTop>
        <maxLeft>866</maxLeft>
        <maxTop>108</maxTop>
        <pixelsMoveTop>1</pixelsMoveTop>
        <pixelsMoveLeft>2</pixelsMoveLeft>
        <moveAnimationSpeed>4</moveAnimationSpeed>
      </moveAnimation>
      <events>
        <event>
          <eventType>FrameAnimationReturnBackwardToFirstFrameEnds</eventType>
          <eventActions>
            <eventAction>StopMove</eventAction>
            <eventAction>ChangeFrameCollection</eventAction>
          </eventActions>
          <whenFrameCollectionIndexIs>0</whenFrameCollectionIndexIs>
          <changeFrameCollectionIndexTo>1</changeFrameCollectionIndexTo>
        </event>
        <event>
          <eventType>FrameAnimationRepeatLoopEnds</eventType>
          <eventActions>
            <eventAction>ResumeMove</eventAction>
            <eventAction>ChangeFrameCollection</eventAction>
          </eventActions>
          <whenFrameCollectionIndexIs>1</whenFrameCollectionIndexIs>
          <changeFrameCollectionIndexTo>0</changeFrameCollectionIndexTo>
        </event>
      </events>
      <left>792</left>
      <top>90</top>
    </image>
    <image>
      <frames>
        <reUseTagFramesFromPreviousImage>true</reUseTagFramesFromPreviousImage>
        <framesAnimationSpeed>1</framesAnimationSpeed>
        <returnBackwardToFirstFrame>true</returnBackwardToFirstFrame>
        <currentFrame>4</currentFrame>
      </frames>
      <moveAnimation>
        <iniLeft>1094</iniLeft>
        <iniTop>184</iniTop>
        <maxLeft>1142</maxLeft>
        <maxTop>202</maxTop>
        <pixelsMoveTop>1</pixelsMoveTop>
        <pixelsMoveLeft>2</pixelsMoveLeft>
        <moveAnimationSpeed>4</moveAnimationSpeed>
      </moveAnimation>
      <events>
        <event>
          <eventType>FrameAnimationReturnBackwardToFirstFrameEnds</eventType>
          <eventActions>
            <eventAction>StopMove</eventAction>
            <eventAction>ChangeFrameCollection</eventAction>
          </eventActions>
          <whenFrameCollectionIndexIs>0</whenFrameCollectionIndexIs>
          <changeFrameCollectionIndexTo>1</changeFrameCollectionIndexTo>
        </event>
        <event>
          <eventType>FrameAnimationRepeatLoopEnds</eventType>
          <eventActions>
            <eventAction>ResumeMove</eventAction>
            <eventAction>ChangeFrameCollection</eventAction>
          </eventActions>
          <whenFrameCollectionIndexIs>1</whenFrameCollectionIndexIs>
          <changeFrameCollectionIndexTo>0</changeFrameCollectionIndexTo>
        </event>
      </events>
      <left>1140</left>
      <top>200</top>
    </image>
    <image>
      <frames>
        <reUseTagFramesFromPreviousImage>true</reUseTagFramesFromPreviousImage>
        <framesAnimationSpeed>1</framesAnimationSpeed>
        <returnBackwardToFirstFrame>true</returnBackwardToFirstFrame>
        <currentFrame>2</currentFrame>
      </frames>
      <moveAnimation>
        <iniTop>592</iniTop>
        <maxTop>638</maxTop>
        <pixelsMoveTop>2</pixelsMoveTop>
        <moveAnimationSpeed>4</moveAnimationSpeed>
      </moveAnimation>
      <events>
        <event>
          <eventType>FrameAnimationReturnBackwardToFirstFrameEnds</eventType>
          <eventActions>
            <eventAction>StopMove</eventAction>
            <eventAction>ChangeFrameCollection</eventAction>
          </eventActions>
          <whenFrameCollectionIndexIs>0</whenFrameCollectionIndexIs>
          <changeFrameCollectionIndexTo>1</changeFrameCollectionIndexTo>
        </event>
        <event>
          <eventType>FrameAnimationRepeatLoopEnds</eventType>
          <eventActions>
            <eventAction>ResumeMove</eventAction>
            <eventAction>ChangeFrameCollection</eventAction>
          </eventActions>
          <whenFrameCollectionIndexIs>1</whenFrameCollectionIndexIs>
          <changeFrameCollectionIndexTo>0</changeFrameCollectionIndexTo>
        </event>
      </events>
      <left>902</left>
      <top>592</top>
    </image>
    <image>
      <frames>
        <frame>
          <fileName from="mapzGraveyardDark">eneb3.png</fileName>
        </frame>
        <frame>
          <fileName from="mapzGraveyardDark">eneb4.png</fileName>
        </frame>
      </frames>
      <moveAnimation>
        <iniLeft>1268</iniLeft>
        <maxLeft>1368</maxLeft>
        <pixelsMoveLeft>-1</pixelsMoveLeft>
        <moveAnimationSpeed>2</moveAnimationSpeed>
      </moveAnimation>
      <events>
        <event>
          <eventType>MoveAnimationMaxLeftReached</eventType>
          <eventType>MoveAnimationMaxRightReached</eventType>
          <eventActions>
            <eventAction>FlipImage</eventAction>
          </eventActions>
        </event>
      </events>
      <left>1300</left>
      <top>618</top>
      <speed>5</speed>
      <flipImage>Horizontal</flipImage>
    </image>
    <image>
      <frames>
        <frameCollection>
          <frame>
            <fileName from="mapzGraveyardDark">eneb1.png</fileName>
          </frame>
          <frame>
            <fileName from="mapzGraveyardDark">eneb2.png</fileName>
          </frame>
        </frameCollection>
        <frameCollection>
          <frame>
            <fileName from="mapzGraveyardDark">eneb5.png</fileName>
          </frame>
          <frame>
            <fileName from="mapzGraveyardDark">eneb6.png</fileName>
          </frame>
        </frameCollection>
        <frameCollection>
          <frame>
            <fileName from="mapzGraveyardDark">eneb7.png</fileName>
          </frame>
        </frameCollection>
        <defaultFrameCollection>1</defaultFrameCollection>
      </frames>
      <moveAnimation>
        <iniTop>524</iniTop>
        <maxTop>664</maxTop>
        <pixelsMoveTop>-2</pixelsMoveTop>
        <moveAnimationSpeed>1</moveAnimationSpeed>
      </moveAnimation>
      <events>
        <event>
          <eventType>MoveAnimationMaxBottomReached</eventType>
          <eventActions>
            <eventAction>StopMove</eventAction>
            <eventAction>ChangeFrameCollection</eventAction>
            <eventAction>ChangeSpeedAnimation</eventAction>
            <eventAction>EditAnimationByID</eventAction>
          </eventActions>
          <editAnimationByIDOptions>
            <option>
              <imageID>bomb</imageID>
              <editActions>
                <editAction>ResumeAnimation</editAction>
                <editAction>ChangeVisibleValue</editAction>
              </editActions>
              <newVisibleValue>true</newVisibleValue>
            </option>
          </editAnimationByIDOptions>
          <changeFrameCollectionIndexTo>2</changeFrameCollectionIndexTo>
          <newSpeedAnimation>1</newSpeedAnimation>
        </event>
        <event>
          <eventType>MoveAnimationMaxTopReached</eventType>
          <eventActions>
            <eventAction>ChangeFrameCollection</eventAction>
          </eventActions>
          <changeFrameCollectionIndexTo>0</changeFrameCollectionIndexTo>
        </event>
      </events>
      <left>92</left>
      <top>600</top>
      <speed>3</speed>
      <id>bomber</id>
    </image>
    <image>
      <frames>
        <convertImageSequenceInFrames from="mapzGraveyardDark">
          <filePreName>bomb</filePreName>
          <startNumber>1</startNumber>
          <endNumber>33</endNumber>
          <formatNumber>#</formatNumber>
          <fileNameExtension>png</fileNameExtension>
        </convertImageSequenceInFrames>
        <framesAnimationStop>true</framesAnimationStop>
      </frames>
      <events>
        <event>
          <eventType>FrameAnimationLoopEnds</eventType>
          <eventActions>
            <eventAction>ChangeVisibleValue</eventAction>
            <eventAction>StopAnimation</eventAction>
          </eventActions>
          <newVisibleValue>false</newVisibleValue>
        </event>
        <event>
          <eventType>TriggerActionByCurrentFrame</eventType>
          <eventActions>
            <eventAction>ChangeFrameCollection</eventAction>
            <eventAction>ResumeMove</eventAction>
            <eventAction>ChangeSpeedAnimation</eventAction>
          </eventActions>
          <ids>bomber</ids>
          <newSpeedAnimation>3</newSpeedAnimation>
          <whenCurrentFrameIndexIs>15</whenCurrentFrameIndexIs>
          <changeFrameCollectionIndexTo>1</changeFrameCollectionIndexTo>
        </event>
      </events>
      <left>74</left>
      <top>658</top>
      <visible>false</visible>
      <id>bomb</id>
    </image>
    <image>
      <frames>
        <frameCollection>
          <frame>
            <fileName>eneleft1.png</fileName>
          </frame>
          <frame>
            <fileName>eneleft2.png</fileName>
          </frame>
          <frame>
            <fileName>eneleft3.png</fileName>
          </frame>
          <frame>
            <fileName>eneleft4.png</fileName>
          </frame>
          <frame>
            <fileName>eneleft5.png</fileName>
          </frame>
          <frame>
            <fileName>eneleft4.png</fileName>
          </frame>
          <frame>
            <fileName>eneleft3.png</fileName>
          </frame>
          <frame>
            <fileName>eneleft2.png</fileName>
          </frame>
        </frameCollection>
        <frameCollection>
          <frame>
            <fileName>enedown1.png</fileName>
          </frame>
          <frame>
            <fileName>enedown2.png</fileName>
          </frame>
          <frame>
            <fileName>enedown3.png</fileName>
          </frame>
          <frame>
            <fileName>enedown4.png</fileName>
          </frame>
          <frame>
            <fileName>enedown3.png</fileName>
          </frame>
          <frame>
            <fileName>enedown2.png</fileName>
          </frame>
        </frameCollection>
        <frameCollection>
          <frame>
            <fileName>eneup1.png</fileName>
          </frame>
          <frame>
            <fileName>eneup2.png</fileName>
          </frame>
          <frame>
            <fileName>eneup3.png</fileName>
          </frame>
          <frame>
            <fileName>eneup4.png</fileName>
          </frame>
          <frame>
            <fileName>eneup3.png</fileName>
          </frame>
          <frame>
            <fileName>eneup2.png</fileName>
          </frame>
        </frameCollection>
        <frameCollection>
          <frame>
            <fileName>eneshot1.png</fileName>
          </frame>
          <frame>
            <fileName>eneshot2.png</fileName>
          </frame>
          <frame>
            <fileName>eneshot4.png</fileName>
          </frame>
          <frame>
            <fileName>eneshot6.png</fileName>
          </frame>
          <frame>
            <fileName>eneshot8.png</fileName>
          </frame>
          <frame>
            <fileName>eneshot10.png</fileName>
          </frame>
          <frame>
            <fileName>eneshot11.png</fileName>
          </frame>
          <frame>
            <fileName>eneshot12.png</fileName>
          </frame>
          <frame>
            <fileName>eneshot13.png</fileName>
          </frame>
          <frame>
            <fileName>eneshot14.png</fileName>
          </frame>
          <frame>
            <fileName>eneshot15.png</fileName>
          </frame>
        </frameCollection>
      </frames>
      <moveAnimation>
        <iniLeft>758</iniLeft>
        <iniTop>136</iniTop>
        <maxLeft>968</maxLeft>
        <maxTop>342</maxTop>
        <pixelsMoveLeft>2</pixelsMoveLeft>
        <pixelsMoveTop>1</pixelsMoveTop>
        <moveAnimationSpeed>1</moveAnimationSpeed>
      </moveAnimation>
      <imageTimer>
        <timerDelay>3000</timerDelay>
      </imageTimer>
      <events>
        <event>
          <eventType>MoveAnimationMaxRightReached</eventType>
          <eventActions>
            <eventAction>ChangeFrameCollection</eventAction>
            <eventAction>FlipImage</eventAction>
          </eventActions>
          <changeFrameCollectionIndexTo>0</changeFrameCollectionIndexTo>
        </event>
        <event>
          <eventType>MoveAnimationMaxLeftReached</eventType>
          <eventActions>
            <eventAction>ChangeFrameCollection</eventAction>
            <eventAction>FlipImage</eventAction>
          </eventActions>
          <changeFrameCollectionIndexTo>0</changeFrameCollectionIndexTo>
        </event>
        <event>
          <eventType>MoveAnimationMaxTopReached</eventType>
          <eventActions>
            <eventAction>ChangeFrameCollection</eventAction>
          </eventActions>
          <changeFrameCollectionIndexTo>1</changeFrameCollectionIndexTo>
        </event>
        <event>
          <eventType>MoveAnimationMaxBottomReached</eventType>
          <eventActions>
            <eventAction>ChangeFrameCollection</eventAction>
          </eventActions>
          <changeFrameCollectionIndexTo>2</changeFrameCollectionIndexTo>
        </event>
        <event>
          <eventType>Timer</eventType>
          <eventActions>
            <eventAction>ChangeFrameCollection</eventAction>
            <eventAction>StopMove</eventAction>
            <eventAction>ChangeSpeedAnimationForFrames</eventAction>
          </eventActions>
          <newSpeedAnimationForFrames>1</newSpeedAnimationForFrames>
          <changeFrameCollectionIndexTo>3</changeFrameCollectionIndexTo>
          <whenFrameCollectionIndexIs>0</whenFrameCollectionIndexIs>
        </event>
        <event>
          <eventType>FrameAnimationLoopEnds</eventType>
          <eventActions>
            <eventAction>ChangeFrameCollection</eventAction>
            <eventAction>ResumeMove</eventAction>
            <eventAction>ChangeSpeedAnimationForFrames</eventAction>
          </eventActions>
          <changeFrameCollectionIndexTo>0</changeFrameCollectionIndexTo>
          <whenFrameCollectionIndexIs>3</whenFrameCollectionIndexIs>
          <newSpeedAnimationForFrames>2</newSpeedAnimationForFrames>
        </event>
      </events>
      <left>800</left>
      <top>200</top>
      <speed>2</speed>
    </image>
    <image>
      <frames>
        <reUseTagFramesFromPreviousImage>true</reUseTagFramesFromPreviousImage>
      </frames>
      <moveAnimation>
        <iniLeft>758</iniLeft>
        <iniTop>136</iniTop>
        <maxLeft>968</maxLeft>
        <maxTop>342</maxTop>
        <pixelsMoveLeft>-2</pixelsMoveLeft>
        <pixelsMoveTop>-1</pixelsMoveTop>
        <moveAnimationSpeed>1</moveAnimationSpeed>
      </moveAnimation>
      <imageTimer>
        <timerDelay>4000</timerDelay>
      </imageTimer>
      <events>
        <event>
          <eventType>MoveAnimationMaxRightReached</eventType>
          <eventActions>
            <eventAction>ChangeFrameCollection</eventAction>
            <eventAction>FlipImage</eventAction>
          </eventActions>
          <changeFrameCollectionIndexTo>0</changeFrameCollectionIndexTo>
        </event>
        <event>
          <eventType>MoveAnimationMaxLeftReached</eventType>
          <eventActions>
            <eventAction>ChangeFrameCollection</eventAction>
            <eventAction>FlipImage</eventAction>
          </eventActions>
          <changeFrameCollectionIndexTo>0</changeFrameCollectionIndexTo>
        </event>
        <event>
          <eventType>MoveAnimationMaxTopReached</eventType>
          <eventActions>
            <eventAction>ChangeFrameCollection</eventAction>
          </eventActions>
          <changeFrameCollectionIndexTo>1</changeFrameCollectionIndexTo>
        </event>
        <event>
          <eventType>MoveAnimationMaxBottomReached</eventType>
          <eventActions>
            <eventAction>ChangeFrameCollection</eventAction>
          </eventActions>
          <changeFrameCollectionIndexTo>2</changeFrameCollectionIndexTo>
        </event>
        <event>
          <eventType>Timer</eventType>
          <eventActions>
            <eventAction>ChangeFrameCollection</eventAction>
            <eventAction>StopMove</eventAction>
            <eventAction>ChangeSpeedAnimationForFrames</eventAction>
          </eventActions>
          <newSpeedAnimationForFrames>1</newSpeedAnimationForFrames>
          <changeFrameCollectionIndexTo>3</changeFrameCollectionIndexTo>
          <whenFrameCollectionIndexIs>0</whenFrameCollectionIndexIs>
        </event>
        <event>
          <eventType>FrameAnimationLoopEnds</eventType>
          <eventActions>
            <eventAction>ChangeFrameCollection</eventAction>
            <eventAction>ResumeMove</eventAction>
            <eventAction>ChangeSpeedAnimationForFrames</eventAction>
          </eventActions>
          <changeFrameCollectionIndexTo>0</changeFrameCollectionIndexTo>
          <whenFrameCollectionIndexIs>3</whenFrameCollectionIndexIs>
          <newSpeedAnimationForFrames>2</newSpeedAnimationForFrames>
        </event>
      </events>
      <left>960</left>
      <top>138</top>
      <flipImage>Horizontal</flipImage>
      <speed>2</speed>
    </image>
    <image>
      <frames>
        <frameCollection>
          <frame>
            <fileName>eneleft1.png</fileName>
          </frame>
          <frame>
            <fileName>eneleft2.png</fileName>
          </frame>
          <frame>
            <fileName>eneleft3.png</fileName>
          </frame>
          <frame>
            <fileName>eneleft4.png</fileName>
          </frame>
          <frame>
            <fileName>eneleft5.png</fileName>
          </frame>
          <frame>
            <fileName>eneleft4.png</fileName>
          </frame>
          <frame>
            <fileName>eneleft3.png</fileName>
          </frame>
          <frame>
            <fileName>eneleft2.png</fileName>
          </frame>
        </frameCollection>
        <frameCollection>
          <frame>
            <fileName>enedown1.png</fileName>
          </frame>
          <frame>
            <fileName>enedown2.png</fileName>
          </frame>
          <frame>
            <fileName>enedown3.png</fileName>
          </frame>
          <frame>
            <fileName>enedown4.png</fileName>
          </frame>
          <frame>
            <fileName>enedown3.png</fileName>
          </frame>
          <frame>
            <fileName>enedown2.png</fileName>
          </frame>
        </frameCollection>
        <frameCollection>
          <frame>
            <fileName>eneup1.png</fileName>
          </frame>
          <frame>
            <fileName>eneup2.png</fileName>
          </frame>
          <frame>
            <fileName>eneup3.png</fileName>
          </frame>
          <frame>
            <fileName>eneup4.png</fileName>
          </frame>
          <frame>
            <fileName>eneup3.png</fileName>
          </frame>
          <frame>
            <fileName>eneup2.png</fileName>
          </frame>
        </frameCollection>
      </frames>
      <moveAnimation>
        <iniLeft>758</iniLeft>
        <iniTop>136</iniTop>
        <maxLeft>968</maxLeft>
        <maxTop>342</maxTop>
        <pixelsMoveLeft>-2</pixelsMoveLeft>
        <pixelsMoveTop>1</pixelsMoveTop>
        <moveAnimationSpeed>1</moveAnimationSpeed>
      </moveAnimation>
      <applyAlterations>
        <alterationsToDo>ApplyNewPaletteColor</alterationsToDo>
        <basicPaletteColor>255,173,90,33-255,247,222,66-255,140,222,49-255,0,156,57</basicPaletteColor>
        <newPaletteColor>255,181,99,41-255,222,99,99-255,181,148,255-255,82,115,206</newPaletteColor>
      </applyAlterations>
      <events>
        <event>
          <eventType>MoveAnimationMaxRightReached</eventType>
          <eventActions>
            <eventAction>ChangeFrameCollection</eventAction>
            <eventAction>FlipImage</eventAction>
          </eventActions>
          <changeFrameCollectionIndexTo>0</changeFrameCollectionIndexTo>
        </event>
        <event>
          <eventType>MoveAnimationMaxLeftReached</eventType>
          <eventActions>
            <eventAction>ChangeFrameCollection</eventAction>
            <eventAction>FlipImage</eventAction>
          </eventActions>
          <changeFrameCollectionIndexTo>0</changeFrameCollectionIndexTo>
        </event>
        <event>
          <eventType>MoveAnimationMaxTopReached</eventType>
          <eventActions>
            <eventAction>ChangeFrameCollection</eventAction>
          </eventActions>
          <changeFrameCollectionIndexTo>1</changeFrameCollectionIndexTo>
        </event>
        <event>
          <eventType>MoveAnimationMaxBottomReached</eventType>
          <eventActions>
            <eventAction>ChangeFrameCollection</eventAction>
          </eventActions>
          <changeFrameCollectionIndexTo>2</changeFrameCollectionIndexTo>
        </event>
      </events>
      <left>850</left>
      <top>230</top>
      <flipImage>Horizontal</flipImage>
      <speed>2</speed>
    </image>
    
  </images>
</doc>
