<?xml version="1.0"?>
<doc>
  <basic type="animations">
    <screenCanvasResolution>
      <width>656</width>
      <height>496</height>
    </screenCanvasResolution>
    <canvasResolution>
      <maxWidth>656</maxWidth>
      <maxHeight>496</maxHeight>
    </canvasResolution>
    <bgColor>#00000000</bgColor>
  </basic>
  <images>
    <image>
      <frames>
        <frame>
          <fileName>map1.png</fileName>
        </frame>
        <frame>
          <fileName>map2.png</fileName>
        </frame>
        <frame>
          <fileName>map3.png</fileName>
        </frame>
        <frame>
          <fileName>map4.png</fileName>
        </frame>
      </frames>
      <speed>3</speed>
      <left>0</left>
      <top>0</top>
    </image>
    <image>
      <fileName>shadow.png</fileName>
      <coordinates>
        84;108,260;92,436;140,580;91,596;78,628;108,628;236,596;329,628;329,628;364,516;375,404;332,308;396,116;396,
        36;475,148;460,244;455,308;396,308;492,372;460,404:460,436;460,532;456,628;396,531;268,244;252,308;380,52;252,
        436;188,564;476,36;220,420;252,292;379,36;460,548;492,36;236,292;268,292;396,580;492
      </coordinates>
    </image>
    <image>
      <frames>
        <frame>
          <fileName>itema1.png</fileName>
        </frame>
        <frame>
          <fileName>itema2.png</fileName>
        </frame>
      </frames>
      <moveAnimation>
        <iniTop>80</iniTop>
        <maxTop>82</maxTop>
        <pixelsMoveTop>1</pixelsMoveTop>
        <moveAnimationSpeed>6</moveAnimationSpeed>
      </moveAnimation>
      <speed>3</speed>
      <left>76</left>
      <top>80</top>
    </image>
    <image>
      <frames>
        <reUseTagFramesFromPreviousImage>true</reUseTagFramesFromPreviousImage>
      </frames>
      <moveAnimation>
        <iniTop>65</iniTop>
        <maxTop>67</maxTop>
        <pixelsMoveTop>1</pixelsMoveTop>
        <moveAnimationSpeed>6</moveAnimationSpeed>
      </moveAnimation>
      <speed>3</speed>
      <left>252</left>
      <top>65</top>
    </image>
    <image>
      <frames>
        <reUseTagFramesFromPreviousImage>true</reUseTagFramesFromPreviousImage>
      </frames>
      <moveAnimation>
        <iniTop>109</iniTop>
        <maxTop>111</maxTop>
        <pixelsMoveTop>1</pixelsMoveTop>
        <moveAnimationSpeed>6</moveAnimationSpeed>
      </moveAnimation>
      <speed>3</speed>
      <left>428</left>
      <top>109</top>
    </image>
    <image>
      <frames>
        <reUseTagFramesFromPreviousImage>true</reUseTagFramesFromPreviousImage>
      </frames>
      <moveAnimation>
        <iniTop>64</iniTop>
        <maxTop>66</maxTop>
        <pixelsMoveTop>1</pixelsMoveTop>
        <moveAnimationSpeed>6</moveAnimationSpeed>
      </moveAnimation>
      <speed>3</speed>
      <left>572</left>
      <top>64</top>
    </image>
    <image>
      <frames>
        <reUseTagFramesFromPreviousImage>true</reUseTagFramesFromPreviousImage>
      </frames>
      <moveAnimation>
        <iniTop>48</iniTop>
        <maxTop>50</maxTop>
        <pixelsMoveTop>1</pixelsMoveTop>
        <moveAnimationSpeed>6</moveAnimationSpeed>
      </moveAnimation>
      <speed>3</speed>
      <left>588</left>
      <top>48</top>
    </image>
    <image>
      <frames>
        <reUseTagFramesFromPreviousImage>true</reUseTagFramesFromPreviousImage>
      </frames>
      <moveAnimation>
        <iniTop>80</iniTop>
        <maxTop>82</maxTop>
        <pixelsMoveTop>1</pixelsMoveTop>
        <moveAnimationSpeed>6</moveAnimationSpeed>
      </moveAnimation>
      <speed>3</speed>
      <left>620</left>
      <top>80</top>
    </image>
    <image>
      <frames>
        <reUseTagFramesFromPreviousImage>true</reUseTagFramesFromPreviousImage>
      </frames>
      <moveAnimation>
        <iniTop>205</iniTop>
        <maxTop>207</maxTop>
        <pixelsMoveTop>1</pixelsMoveTop>
        <moveAnimationSpeed>6</moveAnimationSpeed>
      </moveAnimation>
      <speed>3</speed>
      <left>620</left>
      <top>205</top>
    </image>
    <image>
      <frames>
        <reUseTagFramesFromPreviousImage>true</reUseTagFramesFromPreviousImage>
      </frames>
      <moveAnimation>
        <iniTop>302</iniTop>
        <maxTop>304</maxTop>
        <pixelsMoveTop>1</pixelsMoveTop>
        <moveAnimationSpeed>6</moveAnimationSpeed>
      </moveAnimation>
      <speed>3</speed>
      <left>588</left>
      <top>302</top>
    </image>
    <image>
      <frames>
        <reUseTagFramesFromPreviousImage>true</reUseTagFramesFromPreviousImage>
      </frames>
      <moveAnimation>
        <iniTop>302</iniTop>
        <maxTop>304</maxTop>
        <pixelsMoveTop>1</pixelsMoveTop>
        <moveAnimationSpeed>6</moveAnimationSpeed>
      </moveAnimation>
      <speed>3</speed>
      <left>620</left>
      <top>302</top>
    </image>
    <image>
      <frames>
        <reUseTagFramesFromPreviousImage>true</reUseTagFramesFromPreviousImage>
      </frames>
      <moveAnimation>
        <iniTop>333</iniTop>
        <maxTop>335</maxTop>
        <pixelsMoveTop>1</pixelsMoveTop>
        <moveAnimationSpeed>6</moveAnimationSpeed>
      </moveAnimation>
      <speed>3</speed>
      <left>620</left>
      <top>333</top>
    </image>
    <image>
      <frames>
        <reUseTagFramesFromPreviousImage>true</reUseTagFramesFromPreviousImage>
      </frames>
      <moveAnimation>
        <iniTop>348</iniTop>
        <maxTop>350</maxTop>
        <pixelsMoveTop>1</pixelsMoveTop>
        <moveAnimationSpeed>6</moveAnimationSpeed>
      </moveAnimation>
      <speed>3</speed>
      <left>508</left>
      <top>348</top>
    </image>
    <image>
      <frames>
        <reUseTagFramesFromPreviousImage>true</reUseTagFramesFromPreviousImage>
      </frames>
      <moveAnimation>
        <iniTop>303</iniTop>
        <maxTop>305</maxTop>
        <pixelsMoveTop>1</pixelsMoveTop>
        <moveAnimationSpeed>6</moveAnimationSpeed>
      </moveAnimation>
      <speed>3</speed>
      <left>396</left>
      <top>303</top>
    </image>
    <image>
      <frames>
        <reUseTagFramesFromPreviousImage>true</reUseTagFramesFromPreviousImage>
      </frames>
      <moveAnimation>
        <iniTop>369</iniTop>
        <maxTop>371</maxTop>
        <pixelsMoveTop>1</pixelsMoveTop>
        <moveAnimationSpeed>6</moveAnimationSpeed>
      </moveAnimation>
      <speed>3</speed>
      <left>300</left>
      <top>369</top>
    </image>
    <image>
      <frames>
        <reUseTagFramesFromPreviousImage>true</reUseTagFramesFromPreviousImage>
      </frames>
      <moveAnimation>
        <iniTop>367</iniTop>
        <maxTop>369</maxTop>
        <pixelsMoveTop>1</pixelsMoveTop>
        <moveAnimationSpeed>6</moveAnimationSpeed>
      </moveAnimation>
      <speed>3</speed>
      <left>108</left>
      <top>367</top>
    </image>
    <image>
      <frames>
        <reUseTagFramesFromPreviousImage>true</reUseTagFramesFromPreviousImage>
      </frames>
      <moveAnimation>
        <iniTop>448</iniTop>
        <maxTop>450</maxTop>
        <pixelsMoveTop>1</pixelsMoveTop>
        <moveAnimationSpeed>6</moveAnimationSpeed>
      </moveAnimation>
      <speed>3</speed>
      <left>28</left>
      <top>448</top>
    </image>
    <image>
      <frames>
        <reUseTagFramesFromPreviousImage>true</reUseTagFramesFromPreviousImage>
      </frames>
      <moveAnimation>
        <iniTop>431</iniTop>
        <maxTop>433</maxTop>
        <pixelsMoveTop>1</pixelsMoveTop>
        <moveAnimationSpeed>6</moveAnimationSpeed>
      </moveAnimation>
      <speed>3</speed>
      <left>140</left>
      <top>431</top>
    </image>
    <image>
      <frames>
        <reUseTagFramesFromPreviousImage>true</reUseTagFramesFromPreviousImage>
      </frames>
      <moveAnimation>
        <iniTop>428</iniTop>
        <maxTop>430</maxTop>
        <pixelsMoveTop>1</pixelsMoveTop>
        <moveAnimationSpeed>6</moveAnimationSpeed>
      </moveAnimation>
      <speed>3</speed>
      <left>236</left>
      <top>428</top>
    </image>
    <image>
      <frames>
        <reUseTagFramesFromPreviousImage>true</reUseTagFramesFromPreviousImage>
      </frames>
      <moveAnimation>
        <iniTop>369</iniTop>
        <maxTop>371</maxTop>
        <pixelsMoveTop>1</pixelsMoveTop>
        <moveAnimationSpeed>6</moveAnimationSpeed>
      </moveAnimation>
      <speed>3</speed>
      <left>300</left>
      <top>369</top>
    </image>
    <image>
      <frames>
        <reUseTagFramesFromPreviousImage>true</reUseTagFramesFromPreviousImage>
      </frames>
      <moveAnimation>
        <iniTop>462</iniTop>
        <maxTop>464</maxTop>
        <pixelsMoveTop>1</pixelsMoveTop>
        <moveAnimationSpeed>6</moveAnimationSpeed>
      </moveAnimation>
      <speed>3</speed>
      <left>300</left>
      <top>462</top>
    </image>
    <image>
      <frames>
        <reUseTagFramesFromPreviousImage>true</reUseTagFramesFromPreviousImage>
      </frames>
      <moveAnimation>
        <iniTop>432</iniTop>
        <maxTop>434</maxTop>
        <pixelsMoveTop>1</pixelsMoveTop>
        <moveAnimationSpeed>6</moveAnimationSpeed>
      </moveAnimation>
      <speed>3</speed>
      <left>364</left>
      <top>432</top>
    </image>
    <image>
      <frames>
        <reUseTagFramesFromPreviousImage>true</reUseTagFramesFromPreviousImage>
      </frames>
      <moveAnimation>
        <iniTop>432</iniTop>
        <maxTop>434</maxTop>
        <pixelsMoveTop>1</pixelsMoveTop>
        <moveAnimationSpeed>6</moveAnimationSpeed>
      </moveAnimation>
      <speed>3</speed>
      <left>396</left>
      <top>432</top>
    </image>
    <image>
      <frames>
        <reUseTagFramesFromPreviousImage>true</reUseTagFramesFromPreviousImage>
      </frames>
      <moveAnimation>
        <iniTop>432</iniTop>
        <maxTop>434</maxTop>
        <pixelsMoveTop>1</pixelsMoveTop>
        <moveAnimationSpeed>6</moveAnimationSpeed>
      </moveAnimation>
      <speed>3</speed>
      <left>428</left>
      <top>432</top>
    </image>
    <image>
      <frames>
        <reUseTagFramesFromPreviousImage>true</reUseTagFramesFromPreviousImage>
      </frames>
      <moveAnimation>
        <iniTop>428</iniTop>
        <maxTop>430</maxTop>
        <pixelsMoveTop>1</pixelsMoveTop>
        <moveAnimationSpeed>6</moveAnimationSpeed>
      </moveAnimation>
      <speed>3</speed>
      <left>524</left>
      <top>428</top>
    </image>
    <image>
      <frames>
        <reUseTagFramesFromPreviousImage>true</reUseTagFramesFromPreviousImage>
      </frames>
      <moveAnimation>
        <iniTop>362</iniTop>
        <maxTop>364</maxTop>
        <pixelsMoveTop>1</pixelsMoveTop>
        <moveAnimationSpeed>6</moveAnimationSpeed>
      </moveAnimation>
      <speed>3</speed>
      <left>620</left>
      <top>362</top>
    </image>
    <image>
      <frames>
        <frame>
          <fileName>itemb1.png</fileName>
        </frame>
        <frame>
          <fileName>itemb2.png</fileName>
        </frame>
      </frames>
      <moveAnimation>
        <iniTop>239</iniTop>
        <maxTop>241</maxTop>
        <pixelsMoveTop>1</pixelsMoveTop>
        <moveAnimationSpeed>6</moveAnimationSpeed>
      </moveAnimation>
      <speed>3</speed>
      <left>524</left>
      <top>239</top>
    </image>
    <image>
      <frames>
        <reUseTagFramesFromPreviousImage>true</reUseTagFramesFromPreviousImage>
      </frames>
      <moveAnimation>
        <iniTop>224</iniTop>
        <maxTop>226</maxTop>
        <pixelsMoveTop>1</pixelsMoveTop>
        <moveAnimationSpeed>6</moveAnimationSpeed>
      </moveAnimation>
      <speed>3</speed>
      <left>236</left>
      <top>224</top>
    </image>
    <image>
      <frames>
        <reUseTagFramesFromPreviousImage>true</reUseTagFramesFromPreviousImage>
      </frames>
      <moveAnimation>
        <iniTop>353</iniTop>
        <maxTop>355</maxTop>
        <pixelsMoveTop>1</pixelsMoveTop>
        <moveAnimationSpeed>6</moveAnimationSpeed>
      </moveAnimation>
      <speed>3</speed>
      <left>300</left>
      <top>353</top>
    </image>
    <image>
      <frames>
        <frame>
          <fileName>itemc1.png</fileName>
        </frame>
        <frame>
          <fileName>itemc2.png</fileName>
        </frame>
      </frames>
      <moveAnimation>
        <iniTop>220</iniTop>
        <maxTop>222</maxTop>
        <pixelsMoveTop>1</pixelsMoveTop>
        <moveAnimationSpeed>6</moveAnimationSpeed>
      </moveAnimation>
      <speed>3</speed>
      <left>44</left>
      <top>220</top>
    </image>
    <image>
      <frames>
        <reUseTagFramesFromPreviousImage>true</reUseTagFramesFromPreviousImage>
      </frames>
      <moveAnimation>
        <iniTop>159</iniTop>
        <maxTop>161</maxTop>
        <pixelsMoveTop>1</pixelsMoveTop>
        <moveAnimationSpeed>6</moveAnimationSpeed>
      </moveAnimation>
      <speed>3</speed>
      <left>428</left>
      <top>159</top>
    </image>
    <image>
      <frames>
        <reUseTagFramesFromPreviousImage>true</reUseTagFramesFromPreviousImage>
      </frames>
      <moveAnimation>
        <iniTop>449</iniTop>
        <maxTop>451</maxTop>
        <pixelsMoveTop>1</pixelsMoveTop>
        <moveAnimationSpeed>6</moveAnimationSpeed>
      </moveAnimation>
      <speed>3</speed>
      <left>556</left>
      <top>449</top>
    </image>
    <image>
      <frames>
        <frame>
          <fileName>itemd1.png</fileName>
        </frame>
        <frame>
          <fileName>itemd2.png</fileName>
        </frame>
      </frames>
      <moveAnimation>
        <iniTop>188</iniTop>
        <maxTop>190</maxTop>
        <pixelsMoveTop>1</pixelsMoveTop>
        <moveAnimationSpeed>6</moveAnimationSpeed>
      </moveAnimation>
      <speed>3</speed>
      <left>28</left>
      <top>188</top>
    </image>
    <image>
      <frames>
        <reUseTagFramesFromPreviousImage>true</reUseTagFramesFromPreviousImage>
      </frames>
      <moveAnimation>
        <iniTop>220</iniTop>
        <maxTop>222</maxTop>
        <pixelsMoveTop>1</pixelsMoveTop>
        <moveAnimationSpeed>6</moveAnimationSpeed>
      </moveAnimation>
      <speed>3</speed>
      <left>412</left>
      <top>220</top>
    </image>
    <image>
      <frames>
        <reUseTagFramesFromPreviousImage>true</reUseTagFramesFromPreviousImage>
      </frames>
      <moveAnimation>
        <iniTop>353</iniTop>
        <maxTop>355</maxTop>
        <pixelsMoveTop>1</pixelsMoveTop>
        <moveAnimationSpeed>6</moveAnimationSpeed>
      </moveAnimation>
      <speed>3</speed>
      <left>284</left>
      <top>353</top>
    </image>
    <image>
      <frames>
        <reUseTagFramesFromPreviousImage>true</reUseTagFramesFromPreviousImage>
      </frames>
      <moveAnimation>
        <iniTop>427</iniTop>
        <maxTop>429</maxTop>
        <pixelsMoveTop>1</pixelsMoveTop>
        <moveAnimationSpeed>6</moveAnimationSpeed>
      </moveAnimation>
      <speed>3</speed>
      <left>28</left>
      <top>427</top>
    </image>
    <image>
      <frames>
        <reUseTagFramesFromPreviousImage>true</reUseTagFramesFromPreviousImage>
      </frames>
      <moveAnimation>
        <iniTop>460</iniTop>
        <maxTop>462</maxTop>
        <pixelsMoveTop>1</pixelsMoveTop>
        <moveAnimationSpeed>6</moveAnimationSpeed>
      </moveAnimation>
      <speed>3</speed>
      <left>540</left>
      <top>460</top>
    </image>
    <image>
      <frames>
        <frame>
          <fileName>iteme1.png</fileName>
        </frame>
        <frame>
          <fileName>iteme2.png</fileName>
        </frame>
      </frames>
      <moveAnimation>
        <iniTop>205</iniTop>
        <maxTop>207</maxTop>
        <pixelsMoveTop>1</pixelsMoveTop>
        <moveAnimationSpeed>6</moveAnimationSpeed>
      </moveAnimation>
      <speed>3</speed>
      <left>28</left>
      <top>205</top>
    </image>
    <image>
      <frames>
        <reUseTagFramesFromPreviousImage>true</reUseTagFramesFromPreviousImage>
      </frames>
      <moveAnimation>
        <iniTop>236</iniTop>
        <maxTop>238</maxTop>
        <pixelsMoveTop>1</pixelsMoveTop>
        <moveAnimationSpeed>6</moveAnimationSpeed>
      </moveAnimation>
      <speed>3</speed>
      <left>284</left>
      <top>236</top>
    </image>
    <image>
      <frames>
        <reUseTagFramesFromPreviousImage>true</reUseTagFramesFromPreviousImage>
      </frames>
      <moveAnimation>
        <iniTop>369</iniTop>
        <maxTop>371</maxTop>
        <pixelsMoveTop>1</pixelsMoveTop>
        <moveAnimationSpeed>6</moveAnimationSpeed>
      </moveAnimation>
      <speed>3</speed>
      <left>284</left>
      <top>369</top>
    </image>
    <image>
      <frames>
        <reUseTagFramesFromPreviousImage>true</reUseTagFramesFromPreviousImage>
      </frames>
      <moveAnimation>
        <iniTop>461</iniTop>
        <maxTop>463</maxTop>
        <pixelsMoveTop>1</pixelsMoveTop>
        <moveAnimationSpeed>6</moveAnimationSpeed>
      </moveAnimation>
      <speed>3</speed>
      <left>572</left>
      <top>461</top>
    </image>
  </images>
</doc>
