<?xml version="1.0"?>
<doc>
  <basic type="animations">
    <screenCanvasResolution>
      <width>999</width>
      <height>525</height>
    </screenCanvasResolution>
    <canvasResolution>
      <maxWidth>999</maxWidth>
      <maxHeight>525</maxHeight>
    </canvasResolution>
    <bgColor>#00000000</bgColor>
  </basic>
  <images>
    <!--<image>
      <fileName>map.png</fileName>
    </image>-->
    <image>
      <frames>
        <frame>
          <fileName>mapb.png</fileName>
        </frame>
        <frame>
          <fileName>mapc.png</fileName>
        </frame>
        <frame>
          <fileName></fileName>
        </frame>
        <currentFrame>2</currentFrame>
      </frames>
      <left>152</left>
      <top>13</top>
      <speed>5</speed>
    </image>
    <image>
      <frames>
        <frame>
          <fileName from="mapzCastle">flower1.png</fileName>
        </frame>
        <frame>
          <fileName from="mapzCastle">flower2.png</fileName>
        </frame>
        <frame>
          <fileName from="mapzCastle">flower3.png</fileName>
        </frame>
      </frames>
      <coordinates>
        270;28,110;108,158;108,118;116,166;116,110;124,158;124,118;132,166;132,110;140,158;140,118;148,166;148,110;156,158;156,118;164,166;164,
        62;268,78;268,94;268,110;268,70;276,86;276,102;276,118;276,62;284,78;284,94;284,110;284,70;292,86;292,102;292,118;292,
        62;332,78;332,94;332,110;332,70;340,86;340,102;340,118;340,62;348,78;348,94;348,110;348,70;356,86;356,102;356,118;356,
        846;188,878;156,622;476
      </coordinates>
      <speed>5</speed>
    </image>
    <image>
      <frames>
        <frame>
          <fileName from="mapzLake">anothercrab1.png</fileName>
        </frame>
        <frame>
          <fileName from="mapzLake">anothercrab2.png</fileName>
        </frame>
      </frames>
      <moveAnimation>
        <iniTop>264</iniTop>
        <iniLeft>62</iniLeft>
        <maxTop>378</maxTop>
        <maxLeft>98</maxLeft>
        <pixelsMoveTop>2</pixelsMoveTop>
        <pixelsMoveLeft>2</pixelsMoveLeft>
      </moveAnimation>
      <imageTimer>
        <timerDelay>1000</timerDelay>
      </imageTimer>
      <events>
        <event>
          <eventType>MoveAnimationMaxLeftReached</eventType>
          <eventActions>
            <eventAction>FlipImage</eventAction>
          </eventActions>
        </event>
        <event>
          <eventType>MoveAnimationMaxRightReached</eventType>
          <eventActions>
            <eventAction>FlipImage</eventAction>
          </eventActions>
        </event>
        <event>
          <eventType>Timer</eventType>
          <eventActions>
            <eventAction>ChangeTimerDelay</eventAction>
            <eventAction>StopAnimationAndMove</eventAction>
            <eventAction>ChangeCustomCondition</eventAction>
          </eventActions>
          <whenCustomConditionIs>running</whenCustomConditionIs>
          <newTimerDelay>2000</newTimerDelay>
          <newCustomCondition>stoppped</newCustomCondition>
        </event>
        <event>
          <eventType>Timer</eventType>
          <eventActions>
            <eventAction>ChangeTimerDelay</eventAction>
            <eventAction>ResumeAnimationAndMove</eventAction>
            <eventAction>ChangeCustomCondition</eventAction>
          </eventActions>
          <whenCustomConditionIs>stoppped</whenCustomConditionIs>
          <newTimerDelay>1000</newTimerDelay>
          <newCustomCondition>running</newCustomCondition>
        </event>
        <defaultCustomCondition>running</defaultCustomCondition>
      </events>
      <left>78</left>
      <top>332</top>
      <speed>1</speed>
    </image>
    <image>
      <frames>
        <frameCollection>
          <frame>
            <fileName from="mapzForest">soldierarrow8.png</fileName>
          </frame>
          <frame>
            <fileName from="mapzForest">soldierarrow9.png</fileName>
          </frame>
        </frameCollection>
        <frameCollection>
          <frame>
            <fileName from="mapzForest">soldierarrow8.png</fileName>
          </frame>
          <frame>
            <fileName from="mapzForest">soldierarrow10.png</fileName>
          </frame>
          <frame>
            <fileName from="mapzForest">soldierarrow8.png</fileName>
          </frame>
          <frame>
            <fileName from="mapzForest">soldierarrow11.png</fileName>
          </frame>
          <repeatThisLoopForTimes>2</repeatThisLoopForTimes>
        </frameCollection>
        <frameCollection>
          <frame>
            <fileName from="mapzForest">soldierarrow5.png</fileName>
          </frame>
          <frame>
            <fileName from="mapzForest">soldierarrow6.png</fileName>
          </frame>
          <frame>
            <fileName from="mapzForest">soldierarrow5.png</fileName>
          </frame>
          <frame>
            <fileName from="mapzForest">soldierarrow7.png</fileName>
          </frame>
          <repeatThisLoopForTimes>2</repeatThisLoopForTimes>
        </frameCollection>
        <frameCollection>
          <frame>
            <fileName from="mapzForest">soldierarrow4.png</fileName>
          </frame>
          <frame>
            <fileName from="mapzForest">soldierarrow5.png</fileName>
          </frame>
        </frameCollection>
      </frames>
      <moveAnimation>
        <iniTop>12</iniTop>
        <maxTop>192</maxTop>
        <pixelsMoveTop>2</pixelsMoveTop>
      </moveAnimation>
      <events>
        <event>
          <eventType>MoveAnimationMaxTopReached</eventType>
          <eventActions>
            <eventAction>StopMove</eventAction>
            <eventAction>ChangeFrameCollection</eventAction>
            <eventAction>ChangeSpeedAnimation</eventAction>
          </eventActions>
          <newSpeedAnimation>24</newSpeedAnimation>
          <whenFrameCollectionIndexIs>3</whenFrameCollectionIndexIs>
          <changeFrameCollectionIndexTo>2</changeFrameCollectionIndexTo>
        </event>
        <event>
          <eventType>FrameAnimationRepeatLoopEnds</eventType>
          <eventActions>
            <eventAction>ResumeMove</eventAction>
            <eventAction>ChangeFrameCollection</eventAction>
            <eventAction>ChangeSpeedAnimation</eventAction>
          </eventActions>
          <newSpeedAnimation>4</newSpeedAnimation>
          <whenFrameCollectionIndexIs>2</whenFrameCollectionIndexIs>
          <changeFrameCollectionIndexTo>0</changeFrameCollectionIndexTo>
        </event>
        <event>
          <eventType>FrameAnimationRepeatLoopEnds</eventType>
          <eventActions>
            <eventAction>ResumeMove</eventAction>
            <eventAction>ChangeFrameCollection</eventAction>
            <eventAction>ChangeSpeedAnimation</eventAction>
          </eventActions>
          <newSpeedAnimation>4</newSpeedAnimation>
          <whenFrameCollectionIndexIs>1</whenFrameCollectionIndexIs>
          <changeFrameCollectionIndexTo>3</changeFrameCollectionIndexTo>
        </event>
        <event>
          <eventType>MoveAnimationMaxBottomReached</eventType>
          <eventActions>
            <eventAction>StopMove</eventAction>
            <eventAction>ChangeFrameCollection</eventAction>
            <eventAction>ChangeSpeedAnimation</eventAction>
          </eventActions>
          <newSpeedAnimation>24</newSpeedAnimation>
          <whenFrameCollectionIndexIs>0</whenFrameCollectionIndexIs>
          <changeFrameCollectionIndexTo>1</changeFrameCollectionIndexTo>
        </event>
      </events>
      <left>124</left>
      <top>112</top>
      <speed>4</speed>
    </image>
    <image>
      <frames>
        <frame>
          <fileName from="mapzLake">eneleft1.png</fileName>
        </frame>
        <frame>
          <fileName from="mapzLake">eneleft2.png</fileName>
        </frame>
        <framesAnimationSpeed>2</framesAnimationSpeed>
      </frames>
      <moveAnimation>
        <iniLeft>258</iniLeft>
        <maxLeft>378</maxLeft>
        <pixelsMoveLeft>4</pixelsMoveLeft>
      </moveAnimation>
      <events>
        <event>
          <eventType>MoveAnimationMaxLeftReached</eventType>
          <eventActions>
            <eventAction>FlipImage</eventAction>
          </eventActions>
        </event>
        <event>
          <eventType>MoveAnimationMaxRightReached</eventType>
          <eventActions>
            <eventAction>FlipImage</eventAction>
          </eventActions>
        </event>
      </events>
      <left>328</left>
      <top>118</top>
      <speed>1</speed>
    </image>
    <image>
      <frames>
        <frameCollection>
          <frame>
            <fileName from="mapzLake">crow1.png</fileName>
          </frame>
          <frame>
            <fileName from="mapzLake">crow2.png</fileName>
          </frame>
          <frame>
            <fileName from="mapzLake">crow3.png</fileName>
          </frame>
          <frame>
            <fileName from="mapzLake">crow4.png</fileName>
          </frame>
          <frame>
            <fileName from="mapzLake">crow5.png</fileName>
          </frame>
          <frame>
            <fileName from="mapzLake">crow6.png</fileName>
          </frame>
        </frameCollection>
        <frameCollection>
          <frame>
            <fileName from="mapzLake">crow7.png</fileName>
          </frame>
          <frame>
            <fileName from="mapzLake">crow6.png</fileName>
          </frame>
        </frameCollection>
        <framesAnimationStop>true</framesAnimationStop>
      </frames>
      <moveAnimation>
        <iniTop>0</iniTop>
        <maxTop>525</maxTop>
        <iniLeft>0</iniLeft>
        <maxLeft>999</maxLeft>
        <pixelsMoveTop>1</pixelsMoveTop>
        <pixelsMoveLeft>4</pixelsMoveLeft>
        <returnToTheBeginning>true</returnToTheBeginning>
        <moveAnimationStop>true</moveAnimationStop>
      </moveAnimation>
      <imageTimer>
        <timerDelay>6000</timerDelay>
      </imageTimer>
      <events>
        <event>
          <eventType>FrameAnimationLoopEnds</eventType>
          <eventActions>
            <eventAction>ChangeFrameCollection</eventAction>
            <eventAction>ResumeMove</eventAction>
            <eventAction>ChangeSpeedAnimation</eventAction>
          </eventActions>
          <changeFrameCollectionIndexTo>1</changeFrameCollectionIndexTo>
          <newSpeedAnimation>1</newSpeedAnimation>
          <whenFrameCollectionIndexIs>0</whenFrameCollectionIndexIs>
        </event>
        <event>
          <eventType>MoveAnimationMaxRightReached</eventType>
          <eventActions>
            <eventAction>ChangeFrameCollection</eventAction>
            <eventAction>StopAnimationAndMove</eventAction>
            <eventAction>ChangeSpeedAnimation</eventAction>
          </eventActions>
          <changeFrameCollectionIndexTo>0</changeFrameCollectionIndexTo>
          <newSpeedAnimation>2</newSpeedAnimation>
        </event>
        <event>
          <eventType>Timer</eventType>
          <eventActions>
            <eventAction>ResumeAnimation</eventAction>
          </eventActions>
        </event>
      </events>
      <speed>2</speed>
      <left>190</left>
      <top>106</top>
      <id>crow1</id>
      <flipImage>Horizontal</flipImage>
    </image>
    <image>
      <frames>
        <frame>
          <fileName from="mapzLake">thing1.png</fileName>
        </frame>
        <frame>
          <fileName from="mapzLake">thing2.png</fileName>
        </frame>
        <frame>
          <fileName from="mapzLake">thing1.png</fileName>
          <applyAlterationsToThisFrame>
            <alterationsToDo>FlipHorizontal</alterationsToDo>
          </applyAlterationsToThisFrame>
        </frame>
        <frame>
          <fileName from="mapzLake">thing2.png</fileName>
        </frame>
      </frames>
      <pathAnimation>
        <pathAnimationCoordinates>
          <customCoordinates>397;325,395;325,394;325,393;325,392;324,391;324,390;324,388;324,387;324,386;324,385;324,385;325,384;325,384;325,384;325,383;325,381;325,380;325,378;325,378;327,377;327,377;328,376;329,376;330,376;331,376;332,375;332,375;333,375;334,375;335,375;336,375;336,375;336,375;337,375;338,375;339,375;340,375;341,374;342,374;343,374;344,374;345,374;346,372;346,372;347,371;348,370;348,369;349,368;349,368;350,368;350,368;350,367;350,367;351,367;352,365;352,365;353,365;354,365;355,365;357,365;358,366;358,366;360,368;360,368;361,368;362,369;362,370;363,371;363,374;363,375;363,376;363,377;363,378;363,380;363,380;362,380;362,380;362,382;362,382;361,383;360,384;358,384;358,384;358,384;358,385;358,386;358,387;358,389;357,390;357,392;357,393;357,394;356,395;356,396;356,398;356,399;356,400;356,402;356,402;356,402;356,402;355,402;354,402;354,402;352,402;351,402;350,402;349,403;348,403;347,403;346,403;345,403;343,403;342,403;340,403;339,402;339,402;337,401;336,401;336,401;336,400;335,400;334,399;334,399;333,398;332,398;331,397;330,397;329,397;328,397;327,397;326</customCoordinates>
        </pathAnimationCoordinates>
        <returnBackwardToTheBeginning>false</returnBackwardToTheBeginning>
      </pathAnimation>
      <speed>4</speed>
    </image>
    <image>
      <frames>
        <reUseTagFramesFromPreviousImage>true</reUseTagFramesFromPreviousImage>
        <currentFrame>2</currentFrame>
      </frames>
      <pathAnimation>
        <pathAnimationCoordinates>
          <customCoordinates>556;467,556;468,556;470,556;472,556;473,557;473,557;475,558;475,560;475,561;476,562;476,563;477,564;478,566;478,566;479,567;479,568;479,569;479,570;479,572;479,572;480,573;480,575;480,576;480,578;480,579;480,580;480,582;480,583;480,584;480,585;480,586;480,588;480,589;480,591;480,592;479,593;479,594;479,595;479,597;479,597;478,598;478,600;478,601;478,601;477,602;477,603;476,603;475,604;475,605;475,606;475,607;474,609;473,609;472,610;470,612;470,612;469,613;468,614;468,615;468,615;467,616;467,616;466,617;466,618;466,619;465,619;464,621;464,621;463,622;463,622;462,623;462,624;461,625;461,626;461,627;460,628;460,630;460,631;460,631;462,631;463,631;464,631;465,631;466,631;467,631;468,630;469,629;470,628;471,627;472,626;473,624;473,624;474,623;474,621;474,620;474,619;474,618;474,617;475,615;475,614;476,612;476,612;477,611;477,610;477,609;478,608;478,607;479,606;479,605;479,603;479,602;479,601;479,600;479,599;479,598;479,597;480,596;480,595;480,594;480,592;480,591;480,590;480,589;480,588;480,587;480,585;480,584;480,582;480,581;480,580;480,579;480,578;480,577;480,576;480,575;480,573;480,572;480,571;480,570;480,569;480,568;480,567;480,566;479,564;479,563;479,562;479,562;480,561;480,560;480,559;480,558;480,556;479,555;479,555;478,554;478,553;478,553;477,551;476,552;476,553;477,553;475,552;475,552;474,552;473,552;472,552;471,550;471,551;470,551;469,551;468,552;468,552;467,554;467</customCoordinates>
        </pathAnimationCoordinates>
        <pixelsMove>-1</pixelsMove>
        <returnBackwardToTheBeginning>false</returnBackwardToTheBeginning>
      </pathAnimation>
      <speed>4</speed>
    </image>
    <image>
      <frames>
        <reUseTagFramesFromPreviousImage>true</reUseTagFramesFromPreviousImage>
        <currentFrame>2</currentFrame>
      </frames>
      <pathAnimation>
        <pathAnimationCoordinates>
          <customCoordinates>689;463,688;463,686;463,684;463,683;463,682;463,682;464,681;464,680;464,680;465,679;466,678;467,678;468,677;469,677;470,677;471,677;472,677;473,677;474,677;475,677;476,678;476,678;477,679;477,679;478,679;479,680;479,680;480,682;480,683;480,684;480,685;480,686;480,687;480,688;480,690;480,692;479,693;479,694;478,694;477,695;477,696;477,698;477,699;477,701;477,702;477,703;477,704;477,705;477,706;478,708;478,710;479,711;479,712;480,713;480,714;481,716;481,716;482,718;482,719;482,720;482,721;482,722;482,723;482,725;482,727;482,728;482,729;481,730;480,731;480,731;479,732;479,733;479,733;478,734;478,734;477,735;477,736;477,737;477,738;477,739;477,740;477,741;477,741;478,742;478,743;478,744;478,745;479,746;479,747;479,748;479,749;479,751;479,752;478,753;478,754;477,755;477,755;476,755;474,756;474,757;474,757;473,758;473,758;472,758;471,759;471,760;470,761;470,762;470,763;470,763;471,763;472,763;473,763;474,762;475,761;475,760;476,759;476,758;476,757;476,755;476,755;477,753;477,752;477,751;477,750;477,749;477,748;477,747;477,746;477,745;477,744;477,743;477,742;478,741;478,741;479,740;479,740;480,739;480,738;480,738;481,737;481,736;481,735;481,734;481,733;481,732;481,730;481,730;480,728;480,727;479,726;479,725;479,724;479,723;479,721;479,720;479,718;479,717;479,716;479,715;479,714;479,712;479,711;479,709;479,708;478,707;478,706;477,705;477,705;475,704;475,702;475,702;473,701;473,701;472,700;472,700;471,699;471,699;470,699;469,698;469,697;468,696;467,695;467,694;466,693;465,692;465,692;464,691;464,689;464,689;462,688;462</customCoordinates>
        </pathAnimationCoordinates>
        <pixelsMove>1</pixelsMove>
        <startPosition>50</startPosition>
        <returnBackwardToTheBeginning>false</returnBackwardToTheBeginning>
      </pathAnimation>
      <speed>4</speed>
    </image>
    <image>
      <frames>
        <frame>
          <fileName from="mapzLake">sora1.png</fileName>
        </frame>
        <frame>
          <fileName from="mapzLake">sora2.png</fileName>
        </frame>
        <frame>
          <fileName from="mapzLake">sora3.png</fileName>
        </frame>
        <frame>
          <fileName from="mapzLake">sora2.png</fileName>
        </frame>
        <frame>
          <fileName from="mapzLake">sora3.png</fileName>
        </frame>
        <frame>
          <fileName from="mapzLake">sora2.png</fileName>
        </frame>
        <frame>
          <fileName from="mapzLake">sora3.png</fileName>
        </frame>
        <frame>
          <fileName from="mapzLake">sora4.png</fileName>
        </frame>
        <frame>
          <fileName from="mapzLake">sora5.png</fileName>
        </frame>
        <frame>
          <fileName from="mapzLake">sora6.png</fileName>
          <delay>20</delay>
        </frame>
        <frame>
          <fileName from="mapzLake">sora7.png</fileName>
          <delay>6</delay>
        </frame>
        <frame>
          <fileName from="mapzLake">sora8.png</fileName>
        </frame>
        <frame>
          <fileName from="mapzLake">sora7.png</fileName>
        </frame>
        <frame>
          <fileName from="mapzLake">sora6.png</fileName>
          <delay>14</delay>
        </frame>
        <frame>
          <fileName from="mapzLake">sora9.png</fileName>
          <delay>3</delay>
        </frame>
        <frame>
          <fileName from="mapzLake">sora10.png</fileName>
        </frame>
        <frame>
          <fileName from="mapzLake">sora11.png</fileName>
        </frame>
        <frame>
          <fileName from="mapzLake">sora12.png</fileName>
        </frame>
        <frame>
          <fileName from="mapzLake">sora0.png</fileName>
        </frame>
      </frames>
      <events>
        <event>
          <eventType>TriggerActionByCurrentFrame</eventType>
          <eventActions>
            <eventAction>EditAnimationByID</eventAction>
          </eventActions>
          <whenCurrentFrameIndexIs>12</whenCurrentFrameIndexIs>
          <editAnimationByIDOptions>
            <option>
              <imageID>Ball3</imageID>
              <editActions>
                <editAction>ResumeMove</editAction>
                <editAction>ChangeVisibleValue</editAction>
              </editActions>
              <newVisibleValue>true</newVisibleValue>
            </option>
          </editAnimationByIDOptions>
        </event>
        <event>
          <eventType>TriggerActionByCurrentFrame</eventType>
          <eventActions>
            <eventAction>StopAnimation</eventAction>
          </eventActions>
          <whenCurrentFrameIndexIs>18</whenCurrentFrameIndexIs>
        </event>
      </events>
      <left>490</left>
      <top>304</top>
      <speed>3</speed>
      <id>Zora3</id>
    </image>
    <image>
      <frames>
        <reUseTagFramesFromPreviousImage>true</reUseTagFramesFromPreviousImage>
      </frames>
      <events>
        <event>
          <eventType>TriggerActionByCurrentFrame</eventType>
          <eventActions>
            <eventAction>EditAnimationByID</eventAction>
          </eventActions>
          <whenCurrentFrameIndexIs>12</whenCurrentFrameIndexIs>
          <editAnimationByIDOptions>
            <option>
              <imageID>Ball5</imageID>
              <editActions>
                <editAction>ResumeMove</editAction>
                <editAction>ChangeVisibleValue</editAction>
              </editActions>
              <newVisibleValue>true</newVisibleValue>
            </option>
          </editAnimationByIDOptions>
        </event>
        <event>
          <eventType>TriggerActionByCurrentFrame</eventType>
          <eventActions>
            <eventAction>StopAnimation</eventAction>
          </eventActions>
          <whenCurrentFrameIndexIs>18</whenCurrentFrameIndexIs>
        </event>
      </events>
      <left>848</left>
      <top>428</top>
      <speed>3</speed>
      <id>Zora5</id>
    </image>
    <image>
      <frames>
        <frame>
          <fileName from="mapzLake">ballsora1.png</fileName>
        </frame>
        <frame>
          <fileName from="mapzLake">ballsora2.png</fileName>
        </frame>
        <frame>
          <fileName from="mapzLake">ballsora3.png</fileName>
        </frame>
      </frames>
      <moveAnimation>
        <iniTop>0</iniTop>
        <maxTop>525</maxTop>
        <iniLeft>0</iniLeft>
        <maxLeft>999</maxLeft>
        <pixelsMoveTop>-4</pixelsMoveTop>
        <pixelsMoveLeft>4</pixelsMoveLeft>
        <moveAnimationStop>true</moveAnimationStop>
        <returnToTheBeginning>true</returnToTheBeginning>
      </moveAnimation>
      <applyAlterations>
        <alterationsToDo>FlipHorizontal</alterationsToDo>
      </applyAlterations>
      <events>
        <event>
          <eventType>MoveAnimationMaxTopReached</eventType>
          <eventActions>
            <eventAction>EditAnimationByID</eventAction>
            <eventAction>ChangeVisibleValue</eventAction>
            <eventAction>StopMove</eventAction>
          </eventActions>
          <newVisibleValue>false</newVisibleValue>
          <editAnimationByIDOptions>
            <option>
              <imageID>Zora3</imageID>
              <editActions>
                <editAction>ResumeAnimation</editAction>
              </editActions>
            </option>
          </editAnimationByIDOptions>
        </event>
      </events>
      <visible>false</visible>
      <left>503</left>
      <top>303</top>
      <speed>1</speed>
      <id>Ball3</id>
      <flipImage>Vertical</flipImage>
    </image>
    <image>
      <frames>
        <frame>
          <fileName from="mapzLake">ballsora1.png</fileName>
        </frame>
        <frame>
          <fileName from="mapzLake">ballsora2.png</fileName>
        </frame>
        <frame>
          <fileName from="mapzLake">ballsora3.png</fileName>
        </frame>
      </frames>
      <moveAnimation>
        <iniTop>0</iniTop>
        <maxTop>525</maxTop>
        <iniLeft>0</iniLeft>
        <maxLeft>999</maxLeft>
        <pixelsMoveTop>-4</pixelsMoveTop>
        <pixelsMoveLeft>-4</pixelsMoveLeft>
        <moveAnimationStop>true</moveAnimationStop>
        <returnToTheBeginning>true</returnToTheBeginning>
      </moveAnimation>
      <events>
        <event>
          <eventType>MoveAnimationMaxTopReached</eventType>
          <eventActions>
            <eventAction>EditAnimationByID</eventAction>
            <eventAction>ChangeVisibleValue</eventAction>
            <eventAction>StopMove</eventAction>
          </eventActions>
          <newVisibleValue>false</newVisibleValue>
          <editAnimationByIDOptions>
            <option>
              <imageID>Zora5</imageID>
              <editActions>
                <editAction>ResumeAnimation</editAction>
              </editActions>
            </option>
          </editAnimationByIDOptions>
        </event>
      </events>
      <visible>false</visible>
      <left>841</left>
      <top>426</top>
      <speed>1</speed>
      <id>Ball5</id>
      <flipImage>Vertical</flipImage>
    </image>
  </images>
</doc>
