<?xml version="1.0"?>
<doc>
  <basic type="animations">
    <screenCanvasResolution>
      <width>1538</width>
      <height>936</height>
    </screenCanvasResolution>
    <canvasResolution>
      <maxWidth>1538</maxWidth>
      <maxHeight>936</maxHeight>
    </canvasResolution>
    <bgColor>#00000000</bgColor>
  </basic>
  <images>
    <image>
      <frames>
        <frame>
          <fileName>map1.png</fileName>
        </frame>
        <frame>
          <fileName>map2.png</fileName>
        </frame>
        <frame>
          <fileName></fileName>
        </frame>
      </frames>
      <speed>5</speed>
    </image>
    <image>
      <frames>
        <frameCollection>
          <frame>
            <fileName from="mapzdarkf">enea4.png</fileName>
            <delay>1</delay>
          </frame>
          <frame>
            <fileName from="mapzdarkf">enea5.png</fileName>
          </frame>
          <frame>
            <fileName from="mapzdarkf">enea6.png</fileName>
          </frame>
          <frame>
            <fileName from="mapzdarkf">enea7.png</fileName>
          </frame>
        </frameCollection>
        <frameCollection>
          <frame>
            <fileName from="mapzdarkf">enea4.png</fileName>
            <delay>3</delay>
          </frame>
          <frame>
            <fileName from="mapzdarkf">enea2.png</fileName>
          </frame>
          <frame>
            <fileName from="mapzdarkf">enea3.png</fileName>
          </frame>
          <repeatThisLoopForTimes>4</repeatThisLoopForTimes>
        </frameCollection>
        <framesAnimationSpeed>4</framesAnimationSpeed>
        <returnBackwardToFirstFrame>true</returnBackwardToFirstFrame>
      </frames>
      <moveAnimation>
        <iniLeft>84</iniLeft>
        <iniTop>696</iniTop>
        <maxLeft>216</maxLeft>
        <maxTop>836</maxTop>
        <pixelsMoveTop>4</pixelsMoveTop>
        <pixelsMoveLeft>4</pixelsMoveLeft>
      </moveAnimation>
      <events>
        <event>
          <eventType>FrameAnimationReturnBackwardToFirstFrameEnds</eventType>
          <eventType>MoveAnimationMaxTopReached</eventType>
          <eventType>MoveAnimationMaxBottomReached</eventType>
          <eventType>MoveAnimationMaxLeftReached</eventType>
          <eventType>MoveAnimationMaxRightReached</eventType>
          <eventActions>
            <eventAction>StopMove</eventAction>
            <eventAction>ChangeFrameCollection</eventAction>
          </eventActions>
          <whenFrameCollectionIndexIs>0</whenFrameCollectionIndexIs>
          <changeFrameCollectionIndexTo>1</changeFrameCollectionIndexTo>
        </event>
        <event>
          <eventType>FrameAnimationRepeatLoopEnds</eventType>
          <eventActions>
            <eventAction>ResumeMove</eventAction>
            <eventAction>ChangeFrameCollection</eventAction>
          </eventActions>
          <whenFrameCollectionIndexIs>1</whenFrameCollectionIndexIs>
          <changeFrameCollectionIndexTo>0</changeFrameCollectionIndexTo>
        </event>
      </events>
      <left>200</left>
      <top>700</top>
    </image>
    <image>
      <frames>
        <frameCollection>
          <frame>
            <fileName from="mapzdarkf">enec3.png</fileName>
            <delay>1</delay>
          </frame>
          <frame>
            <fileName from="mapzdarkf">enec4.png</fileName>
          </frame>
          <frame>
            <fileName from="mapzdarkf">enec6.png</fileName>
          </frame>
          <frame>
            <fileName from="mapzdarkf">enec7.png</fileName>
          </frame>
          <frame>
            <fileName from="mapzdarkf">enec9.png</fileName>
          </frame>
          <frame>
            <fileName from="mapzdarkf">enec10.png</fileName>
          </frame>
        </frameCollection>
        <frameCollection>
          <frame>
            <fileName from="mapzdarkf">enec1.png</fileName>
            <delay>3</delay>
          </frame>
          <frame>
            <fileName from="mapzdarkf">enec2.png</fileName>
          </frame>
          <frame>
            <fileName from="mapzdarkf">enec1.png</fileName>
          </frame>
          <repeatThisLoopForTimes>1</repeatThisLoopForTimes>
        </frameCollection>
        <framesAnimationSpeed>1</framesAnimationSpeed>
        <returnBackwardToFirstFrame>true</returnBackwardToFirstFrame>
      </frames>
      <moveAnimation>
        <iniLeft>360</iniLeft>
        <iniTop>624</iniTop>
        <maxLeft>430</maxLeft>
        <maxTop>664</maxTop>
        <pixelsMoveTop>1</pixelsMoveTop>
        <pixelsMoveLeft>2</pixelsMoveLeft>
        <moveAnimationSpeed>4</moveAnimationSpeed>
      </moveAnimation>
      <events>
        <event>
          <eventType>FrameAnimationReturnBackwardToFirstFrameEnds</eventType>
          <eventActions>
            <eventAction>StopMove</eventAction>
            <eventAction>ChangeFrameCollection</eventAction>
          </eventActions>
          <whenFrameCollectionIndexIs>0</whenFrameCollectionIndexIs>
          <changeFrameCollectionIndexTo>1</changeFrameCollectionIndexTo>
        </event>
        <event>
          <eventType>FrameAnimationRepeatLoopEnds</eventType>
          <eventActions>
            <eventAction>ResumeMove</eventAction>
            <eventAction>ChangeFrameCollection</eventAction>
          </eventActions>
          <whenFrameCollectionIndexIs>1</whenFrameCollectionIndexIs>
          <changeFrameCollectionIndexTo>0</changeFrameCollectionIndexTo>
        </event>
      </events>
      <left>400</left>
      <top>630</top>
    </image>
    <image>
      <frames>
        <reUseTagFramesFromPreviousImage>true</reUseTagFramesFromPreviousImage>
        <framesAnimationSpeed>1</framesAnimationSpeed>
        <currentFrame>4</currentFrame>
        <returnBackwardToFirstFrame>true</returnBackwardToFirstFrame>
      </frames>
      <moveAnimation>
        <iniLeft>80</iniLeft>
        <iniTop>302</iniTop>
        <maxLeft>132</maxLeft>
        <maxTop>328</maxTop>
        <pixelsMoveTop>1</pixelsMoveTop>
        <pixelsMoveLeft>2</pixelsMoveLeft>
        <moveAnimationSpeed>4</moveAnimationSpeed>
      </moveAnimation>
      <events>
        <event>
          <eventType>FrameAnimationReturnBackwardToFirstFrameEnds</eventType>
          <eventActions>
            <eventAction>StopMove</eventAction>
            <eventAction>ChangeFrameCollection</eventAction>
          </eventActions>
          <whenFrameCollectionIndexIs>0</whenFrameCollectionIndexIs>
          <changeFrameCollectionIndexTo>1</changeFrameCollectionIndexTo>
        </event>
        <event>
          <eventType>FrameAnimationRepeatLoopEnds</eventType>
          <eventActions>
            <eventAction>ResumeMove</eventAction>
            <eventAction>ChangeFrameCollection</eventAction>
          </eventActions>
          <whenFrameCollectionIndexIs>1</whenFrameCollectionIndexIs>
          <changeFrameCollectionIndexTo>0</changeFrameCollectionIndexTo>
        </event>
      </events>
      <left>100</left>
      <top>328</top>
    </image>
    <image>
      <frames>
        <reUseTagFramesFromPreviousImage>true</reUseTagFramesFromPreviousImage>
        <framesAnimationSpeed>1</framesAnimationSpeed>
        <currentFrame>2</currentFrame>
        <returnBackwardToFirstFrame>true</returnBackwardToFirstFrame>
      </frames>
      <moveAnimation>
        <iniLeft>612</iniLeft>
        <iniTop>372</iniTop>
        <maxLeft>784</maxLeft>
        <maxTop>404</maxTop>
        <pixelsMoveTop>1</pixelsMoveTop>
        <pixelsMoveLeft>2</pixelsMoveLeft>
        <moveAnimationSpeed>4</moveAnimationSpeed>
      </moveAnimation>
      <events>
        <event>
          <eventType>FrameAnimationReturnBackwardToFirstFrameEnds</eventType>
          <eventActions>
            <eventAction>StopMove</eventAction>
            <eventAction>ChangeFrameCollection</eventAction>
          </eventActions>
          <whenFrameCollectionIndexIs>0</whenFrameCollectionIndexIs>
          <changeFrameCollectionIndexTo>1</changeFrameCollectionIndexTo>
        </event>
        <event>
          <eventType>FrameAnimationRepeatLoopEnds</eventType>
          <eventActions>
            <eventAction>ResumeMove</eventAction>
            <eventAction>ChangeFrameCollection</eventAction>
          </eventActions>
          <whenFrameCollectionIndexIs>1</whenFrameCollectionIndexIs>
          <changeFrameCollectionIndexTo>0</changeFrameCollectionIndexTo>
        </event>
      </events>
      <left>650</left>
      <top>380</top>
    </image>
    <image>
      <frames>
        <reUseTagFramesFromPreviousImage>true</reUseTagFramesFromPreviousImage>
        <framesAnimationSpeed>1</framesAnimationSpeed>
        <currentFrame>4</currentFrame>
        <returnBackwardToFirstFrame>true</returnBackwardToFirstFrame>
      </frames>
      <moveAnimation>
        <iniLeft>1212</iniLeft>
        <iniTop>712</iniTop>
        <maxLeft>1342</maxLeft>
        <maxTop>762</maxTop>
        <pixelsMoveTop>1</pixelsMoveTop>
        <pixelsMoveLeft>2</pixelsMoveLeft>
        <moveAnimationSpeed>4</moveAnimationSpeed>
      </moveAnimation>
      <events>
        <event>
          <eventType>FrameAnimationReturnBackwardToFirstFrameEnds</eventType>
          <eventActions>
            <eventAction>StopMove</eventAction>
            <eventAction>ChangeFrameCollection</eventAction>
          </eventActions>
          <whenFrameCollectionIndexIs>0</whenFrameCollectionIndexIs>
          <changeFrameCollectionIndexTo>1</changeFrameCollectionIndexTo>
        </event>
        <event>
          <eventType>FrameAnimationRepeatLoopEnds</eventType>
          <eventActions>
            <eventAction>ResumeMove</eventAction>
            <eventAction>ChangeFrameCollection</eventAction>
          </eventActions>
          <whenFrameCollectionIndexIs>1</whenFrameCollectionIndexIs>
          <changeFrameCollectionIndexTo>0</changeFrameCollectionIndexTo>
        </event>
      </events>
      <left>1300</left>
      <top>750</top>
    </image>
    <image>
      <frames>
        <reUseTagFramesFromPreviousImage>true</reUseTagFramesFromPreviousImage>
        <framesAnimationSpeed>1</framesAnimationSpeed>
        <!--<currentFrame>2</currentFrame>-->
        <returnBackwardToFirstFrame>true</returnBackwardToFirstFrame>
      </frames>
      <moveAnimation>
        <iniLeft>608</iniLeft>
        <!--<iniTop>712</iniTop>-->
        <maxLeft>728</maxLeft>
        <!--<maxTop>762</maxTop>-->
        <!--<pixelsMoveTop>1</pixelsMoveTop>-->
        <pixelsMoveLeft>2</pixelsMoveLeft>
        <moveAnimationSpeed>4</moveAnimationSpeed>
      </moveAnimation>
      <events>
        <event>
          <eventType>FrameAnimationReturnBackwardToFirstFrameEnds</eventType>
          <eventActions>
            <eventAction>StopMove</eventAction>
            <eventAction>ChangeFrameCollection</eventAction>
          </eventActions>
          <whenFrameCollectionIndexIs>0</whenFrameCollectionIndexIs>
          <changeFrameCollectionIndexTo>1</changeFrameCollectionIndexTo>
        </event>
        <event>
          <eventType>FrameAnimationRepeatLoopEnds</eventType>
          <eventActions>
            <eventAction>ResumeMove</eventAction>
            <eventAction>ChangeFrameCollection</eventAction>
          </eventActions>
          <whenFrameCollectionIndexIs>1</whenFrameCollectionIndexIs>
          <changeFrameCollectionIndexTo>0</changeFrameCollectionIndexTo>
        </event>
      </events>
      <left>728</left>
      <top>496</top>
    </image>
    <image>
      <frames>
        <frameCollection>
          <frame>
            <fileName from="mapzdarkfc">dsoldier1.png</fileName>
          </frame>
          <frame>
            <fileName from="mapzdarkfc">dsoldier4.png</fileName>
          </frame>
          <frame>
            <fileName from="mapzdarkfc">dsoldier1.png</fileName>
          </frame>
          <frame>
            <fileName from="mapzdarkfc">dsoldier5.png</fileName>
          </frame>
          <repeatThisLoopForTimes>2</repeatThisLoopForTimes>
        </frameCollection>
        <frameCollection>
          <frame>
            <fileName from="mapzdarkfc">dsoldier2.png</fileName>
          </frame>
          <frame>
            <fileName from="mapzdarkfc">dsoldier3.png</fileName>
          </frame>
          <frame>
            <fileName from="mapzdarkfc">dsoldier1.png</fileName>
          </frame>
          <frame>
            <fileName from="mapzdarkfc">dsoldier3.png</fileName>
          </frame>
        </frameCollection>
        <defaultFrameCollection>1</defaultFrameCollection>
      </frames>
      <moveAnimation>
        <iniLeft>54</iniLeft>
        <maxLeft>254</maxLeft>
        <pixelsMoveLeft>2</pixelsMoveLeft>
      </moveAnimation>
      <events>
        <event>
          <eventType>MoveAnimationMaxLeftReached</eventType>
          <eventActions>
            <eventAction>StopMove</eventAction>
            <eventAction>ChangeFrameCollection</eventAction>
            <eventAction>ChangeSpeedAnimation</eventAction>
          </eventActions>
          <newSpeedAnimation>24</newSpeedAnimation>
          <whenFrameCollectionIndexIs>1</whenFrameCollectionIndexIs>
          <changeFrameCollectionIndexTo>0</changeFrameCollectionIndexTo>
        </event>
        <event>
          <eventType>FrameAnimationRepeatLoopEnds</eventType>
          <eventActions>
            <eventAction>ResumeMove</eventAction>
            <eventAction>ChangeFrameCollection</eventAction>
            <eventAction>ChangeSpeedAnimation</eventAction>
            <eventAction>FlipImage</eventAction>
          </eventActions>
          <newSpeedAnimation>4</newSpeedAnimation>
          <whenFrameCollectionIndexIs>0</whenFrameCollectionIndexIs>
          <changeFrameCollectionIndexTo>1</changeFrameCollectionIndexTo>
        </event>
        <event>
          <eventType>MoveAnimationMaxRightReached</eventType>
          <eventActions>
            <eventAction>StopMove</eventAction>
            <eventAction>ChangeFrameCollection</eventAction>
            <eventAction>ChangeSpeedAnimation</eventAction>
          </eventActions>
          <newSpeedAnimation>24</newSpeedAnimation>
          <whenFrameCollectionIndexIs>1</whenFrameCollectionIndexIs>
          <changeFrameCollectionIndexTo>0</changeFrameCollectionIndexTo>
        </event>
      </events>
      <left>100</left>
      <top>36</top>
      <speed>4</speed>
    </image>
    <image>
      <frames>
        <frameCollection>
          <frame>
            <fileName from="mapzMagicDark">eneleft1.png</fileName>
          </frame>
          <frame>
            <fileName from="mapzMagicDark">eneleft2.png</fileName>
          </frame>
        </frameCollection>
        <frameCollection>
          <frame>
            <fileName from="mapzMagicDark">eneleftshot1.png</fileName>
          </frame>
          <frame>
            <fileName from="mapzMagicDark">eneleftshot2.png</fileName>
          </frame>
        </frameCollection>
        <framesAnimationSpeed>2</framesAnimationSpeed>
      </frames>
      <moveAnimation>
        <iniLeft>1200</iniLeft>
        <maxLeft>1390</maxLeft>
        <pixelsMoveLeft>4</pixelsMoveLeft>
      </moveAnimation>
      <events>
        <event>
          <eventType>MoveAnimationMaxRightReached</eventType>
          <eventActions>
            <eventAction>FlipImage</eventAction>
          </eventActions>
        </event>
        <event>
          <eventType>MoveAnimationMaxLeftReached</eventType>
          <eventActions>
            <eventAction>StopMove</eventAction>
            <eventAction>ChangeFrameCollection</eventAction>
          </eventActions>
          <whenFrameCollectionIndexIs>0</whenFrameCollectionIndexIs>
          <changeFrameCollectionIndexTo>1</changeFrameCollectionIndexTo>
        </event>
        <event>
          <eventType>TriggerActionByCurrentFrame</eventType>
          <eventActions>
            <eventAction>EnableByID</eventAction>
          </eventActions>
          <whenFrameCollectionIndexIs>1</whenFrameCollectionIndexIs>
          <whenCurrentFrameIndexIs>1</whenCurrentFrameIndexIs>
          <ids>ballb</ids>
        </event>
        <event>
          <eventType>FrameAnimationLoopEnds</eventType>
          <eventActions>
            <eventAction>ResumeMove</eventAction>
            <eventAction>ChangeFrameCollection</eventAction>
            <eventAction>FlipImage</eventAction>
          </eventActions>
          <whenFrameCollectionIndexIs>1</whenFrameCollectionIndexIs>
          <changeFrameCollectionIndexTo>0</changeFrameCollectionIndexTo>
        </event>
      </events>
      <left>1300</left>
      <top>38</top>
      <speed>1</speed>
    </image>
    <image>
      <frames>
        <reUseTagFramesFromPreviousImage>true</reUseTagFramesFromPreviousImage>
        <framesAnimationSpeed>2</framesAnimationSpeed>
      </frames>
      <moveAnimation>
        <iniLeft>1168</iniLeft>
        <maxLeft>1328</maxLeft>
        <pixelsMoveLeft>4</pixelsMoveLeft>
      </moveAnimation>
      <events>
        <event>
          <eventType>MoveAnimationMaxLeftReached</eventType>
          <eventType>MoveAnimationMaxRightReached</eventType>
          <eventActions>
            <eventAction>FlipImage</eventAction>
          </eventActions>
        </event>
      </events>
      <left>1200</left>
      <top>806</top>
      <speed>1</speed>
    </image>
    <image>
      <frames>
        <reUseTagFramesFromPreviousImage>true</reUseTagFramesFromPreviousImage>
        <framesAnimationSpeed>2</framesAnimationSpeed>
      </frames>
      <moveAnimation>
        <iniLeft>882</iniLeft>
        <maxLeft>1052</maxLeft>
        <pixelsMoveLeft>4</pixelsMoveLeft>
      </moveAnimation>
      <events>
        <event>
          <eventType>MoveAnimationMaxLeftReached</eventType>
          <eventType>MoveAnimationMaxRightReached</eventType>
          <eventActions>
            <eventAction>FlipImage</eventAction>
          </eventActions>
        </event>
      </events>
      <left>1052</left>
      <top>836</top>
      <speed>1</speed>
    </image>
    <image>
      <frames>
        <reUseTagFramesFromPreviousImage>true</reUseTagFramesFromPreviousImage>
        <framesAnimationSpeed>2</framesAnimationSpeed>
      </frames>
      <moveAnimation>
        <iniLeft>1300</iniLeft>
        <maxLeft>1438</maxLeft>
        <pixelsMoveLeft>4</pixelsMoveLeft>
      </moveAnimation>
      <events>
        <event>
          <eventType>MoveAnimationMaxLeftReached</eventType>
          <eventType>MoveAnimationMaxRightReached</eventType>
          <eventActions>
            <eventAction>FlipImage</eventAction>
          </eventActions>
        </event>
      </events>
      <left>1300</left>
      <top>184</top>
      <speed>1</speed>
    </image>















    <image>
      <frames>
        <reUseTagFramesFromPreviousImage>true</reUseTagFramesFromPreviousImage>
        <framesAnimationSpeed>2</framesAnimationSpeed>
      </frames>
      <moveAnimation>
        <iniLeft>1250</iniLeft>
        <maxLeft>1380</maxLeft>
        <pixelsMoveLeft>4</pixelsMoveLeft>
      </moveAnimation>
      <events>
        <event>
          <eventType>MoveAnimationMaxLeftReached</eventType>
          <eventActions>
            <eventAction>FlipImage</eventAction>
          </eventActions>
        </event>
        <event>
          <eventType>MoveAnimationMaxRightReached</eventType>
          <eventActions>
            <eventAction>StopMove</eventAction>
            <eventAction>ChangeFrameCollection</eventAction>
          </eventActions>
          <whenFrameCollectionIndexIs>0</whenFrameCollectionIndexIs>
          <changeFrameCollectionIndexTo>1</changeFrameCollectionIndexTo>
        </event>
        <event>
          <eventType>TriggerActionByCurrentFrame</eventType>
          <eventActions>
            <eventAction>EnableByID</eventAction>
          </eventActions>
          <whenFrameCollectionIndexIs>1</whenFrameCollectionIndexIs>
          <whenCurrentFrameIndexIs>1</whenCurrentFrameIndexIs>
          <ids>ball</ids>
        </event>
        <event>
          <eventType>FrameAnimationLoopEnds</eventType>
          <eventActions>
            <eventAction>ResumeMove</eventAction>
            <eventAction>ChangeFrameCollection</eventAction>
            <eventAction>FlipImage</eventAction>
          </eventActions>
          <whenFrameCollectionIndexIs>1</whenFrameCollectionIndexIs>
          <changeFrameCollectionIndexTo>0</changeFrameCollectionIndexTo>
        </event>
      </events>
      <left>1470</left>
      <top>454</top>
      <speed>1</speed>
    </image>









    <image>
      <frames>
        <frameCollection>
          <frame>
            <fileName from="mapzMagicDark">enedown1.png</fileName>
          </frame>
          <frame>
            <fileName from="mapzMagicDark">enedown2.png</fileName>
          </frame>
          <frame>
            <fileName from="mapzMagicDark">enedown3.png</fileName>
          </frame>
          <frame>
            <fileName from="mapzMagicDark">enedown2.png</fileName>
          </frame>
        </frameCollection>
        <frameCollection>
          <frame>
            <fileName from="mapzMagicDark">eneup1.png</fileName>
          </frame>
          <frame>
            <fileName from="mapzMagicDark">eneup2.png</fileName>
          </frame>
          <frame>
            <fileName from="mapzMagicDark">eneup3.png</fileName>
          </frame>
          <frame>
            <fileName from="mapzMagicDark">eneup2.png</fileName>
          </frame>
        </frameCollection>
        <framesAnimationSpeed>2</framesAnimationSpeed>
      </frames>
      <moveAnimation>
        <iniTop>152</iniTop>
        <maxTop>282</maxTop>
        <pixelsMoveTop>4</pixelsMoveTop>
      </moveAnimation>
      <events>
        <event>
          <eventType>MoveAnimationMaxBottomReached</eventType>
          <eventActions>
            <eventAction>ChangeFrameCollection</eventAction>
          </eventActions>
          <changeFrameCollectionIndexTo>1</changeFrameCollectionIndexTo>
        </event>
        <event>
          <eventType>MoveAnimationMaxTopReached</eventType>
          <eventActions>
            <eventAction>ChangeFrameCollection</eventAction>
          </eventActions>
          <changeFrameCollectionIndexTo>0</changeFrameCollectionIndexTo>
        </event>
      </events>
      <left>100</left>
      <top>200</top>
      <speed>1</speed>
    </image>




    <image>
      <frames>
        <frameCollection>
          <frame>
            <fileName from="mapzMagicDark">ball1.png</fileName>
          </frame>
        </frameCollection>
        <frameCollection>
          <frame>
            <fileName from="mapzMagicDark">ball2.png</fileName>
          </frame>
          <frame>
            <fileName from="mapzMagicDark">ball3.png</fileName>
          </frame>
          <frame>
            <fileName from="mapzMagicDark">ball4.png</fileName>
          </frame>
        </frameCollection>
      </frames>
      <disableImage>true</disableImage>
      <moveAnimation>
        <iniLeft>1054</iniLeft>
        <maxLeft>1176</maxLeft>
        <pixelsMoveLeft>-4</pixelsMoveLeft>
      </moveAnimation>
      <events>
        <event>
          <eventType>MoveAnimationMaxLeftReached</eventType>
          <eventActions>
            <eventAction>StopMove</eventAction>
            <eventAction>ChangeFrameCollection</eventAction>
            <eventAction>ChangeSpeedAnimation</eventAction>
          </eventActions>
          <changeFrameCollectionIndexTo>1</changeFrameCollectionIndexTo>
          <newSpeedAnimation>2</newSpeedAnimation>
        </event>
        <event>
          <eventType>FrameAnimationLoopEnds</eventType>
          <eventActions>
            <eventAction>ChangeFrameCollection</eventAction>
            <eventAction>ChangeSpeedAnimation</eventAction>
            <eventAction>ResumeMove</eventAction>
            <eventAction>DisableImage</eventAction>
            <eventAction>EditPosition</eventAction>
          </eventActions>
          <changeFrameCollectionIndexTo>0</changeFrameCollectionIndexTo>
          <newSpeedAnimation>1</newSpeedAnimation>
          <newCoordinates>1176;26</newCoordinates>
          <whenFrameCollectionIndexIs>1</whenFrameCollectionIndexIs>
        </event>
      </events>
      <speed>1</speed>
      <id>ballb</id>
      <left>1176</left>
      <top>26</top>
    </image>
    <image>
      <frames>
        <reUseTagFramesFromPreviousImage>true</reUseTagFramesFromPreviousImage>
      </frames>
      <disableImage>true</disableImage>
      <moveAnimation>
        <iniLeft>1378</iniLeft>
        <maxLeft>1468</maxLeft>
        <pixelsMoveLeft>4</pixelsMoveLeft>
      </moveAnimation>
      <events>
        <event>
          <eventType>MoveAnimationMaxRightReached</eventType>
          <eventActions>
            <eventAction>StopMove</eventAction>
            <eventAction>ChangeFrameCollection</eventAction>
            <eventAction>ChangeSpeedAnimation</eventAction>
          </eventActions>
          <changeFrameCollectionIndexTo>1</changeFrameCollectionIndexTo>
          <newSpeedAnimation>2</newSpeedAnimation>
        </event>
        <event>
          <eventType>FrameAnimationLoopEnds</eventType>
          <eventActions>
            <eventAction>ChangeFrameCollection</eventAction>
            <eventAction>ChangeSpeedAnimation</eventAction>
            <eventAction>ResumeMove</eventAction>
            <eventAction>DisableImage</eventAction>
            <eventAction>EditPosition</eventAction>
          </eventActions>
          <changeFrameCollectionIndexTo>0</changeFrameCollectionIndexTo>
          <newSpeedAnimation>1</newSpeedAnimation>
          <newCoordinates>1378;441</newCoordinates>
          <whenFrameCollectionIndexIs>1</whenFrameCollectionIndexIs>
        </event>
      </events>
      <speed>1</speed>
      <id>ball</id>
      <left>1378</left>
      <top>441</top>
    </image>














    <image>
      <frames>
        <frame>
          <fileName from="mapzDarkMountainc">dsora1.png</fileName>
        </frame>
        <frame>
          <fileName from="mapzDarkMountainc">dsora2.png</fileName>
        </frame>
        <frame>
          <fileName from="mapzDarkMountainc">dsora3.png</fileName>
        </frame>
        <frame>
          <fileName from="mapzDarkMountainc">dsora2.png</fileName>
        </frame>
        <frame>
          <fileName from="mapzDarkMountainc">dsora3.png</fileName>
        </frame>
        <frame>
          <fileName from="mapzDarkMountainc">dsora2.png</fileName>
        </frame>
        <frame>
          <fileName from="mapzDarkMountainc">dsora3.png</fileName>
        </frame>
        <frame>
          <fileName from="mapzDarkMountainc">dsora4.png</fileName>
        </frame>
        <frame>
          <fileName from="mapzDarkMountainc">dsora5.png</fileName>
        </frame>
        <frame>
          <fileName from="mapzDarkMountainc">dsora6.png</fileName>
          <delay>20</delay>
        </frame>
        <frame>
          <fileName from="mapzDarkMountainc">dsora7.png</fileName>
          <delay>6</delay>
        </frame>
        <frame>
          <fileName from="mapzDarkMountainc">dsora8.png</fileName>
        </frame>
        <frame>
          <fileName from="mapzDarkMountainc">dsora7.png</fileName>
        </frame>
        <frame>
          <fileName from="mapzDarkMountainc">dsora6.png</fileName>
          <delay>14</delay>
        </frame>
        <frame>
          <fileName from="mapzDarkMountainc">dsora9.png</fileName>
          <delay>3</delay>
        </frame>
        <frame>
          <fileName from="mapzDarkMountainc">dsora10.png</fileName>
        </frame>
        <frame>
          <fileName from="mapzDarkMountainc">dsora11.png</fileName>
        </frame>
        <frame>
          <fileName from="mapzDarkMountainc">dsora12.png</fileName>
        </frame>
        <frame>
          <fileName from="mapzDarkMountainc">dsora0.png</fileName>
        </frame>
      </frames>
      <events>
        <event>
          <eventType>TriggerActionByCurrentFrame</eventType>
          <eventActions>
            <eventAction>EditAnimationByID</eventAction>
          </eventActions>
          <whenCurrentFrameIndexIs>12</whenCurrentFrameIndexIs>
          <editAnimationByIDOptions>
            <option>
              <imageID>Ball3</imageID>
              <editActions>
                <editAction>ResumeMove</editAction>
                <editAction>ChangeVisibleValue</editAction>
              </editActions>
              <newVisibleValue>true</newVisibleValue>
            </option>
          </editAnimationByIDOptions>
        </event>
        <event>
          <eventType>TriggerActionByCurrentFrame</eventType>
          <eventActions>
            <eventAction>StopAnimation</eventAction>
          </eventActions>
          <whenCurrentFrameIndexIs>18</whenCurrentFrameIndexIs>
        </event>
      </events>
      <left>770</left>
      <top>132</top>
      <speed>3</speed>
      <id>Zora3</id>
    </image>
    <image>
      <frames>
        <reUseTagFramesFromPreviousImage>true</reUseTagFramesFromPreviousImage>
      </frames>
      <events>
        <event>
          <eventType>TriggerActionByCurrentFrame</eventType>
          <eventActions>
            <eventAction>EditAnimationByID</eventAction>
          </eventActions>
          <whenCurrentFrameIndexIs>12</whenCurrentFrameIndexIs>
          <editAnimationByIDOptions>
            <option>
              <imageID>Ball2</imageID>
              <editActions>
                <editAction>ResumeMove</editAction>
                <editAction>ChangeVisibleValue</editAction>
              </editActions>
              <newVisibleValue>true</newVisibleValue>
            </option>
          </editAnimationByIDOptions>
        </event>
        <event>
          <eventType>TriggerActionByCurrentFrame</eventType>
          <eventActions>
            <eventAction>StopAnimation</eventAction>
          </eventActions>
          <whenCurrentFrameIndexIs>18</whenCurrentFrameIndexIs>
        </event>
      </events>
      <left>438</left>
      <top>410</top>
      <speed>3</speed>
      <id>Zora2</id>
    </image>
    <image>
      <frames>
        <reUseTagFramesFromPreviousImage>true</reUseTagFramesFromPreviousImage>
      </frames>
      <events>
        <event>
          <eventType>TriggerActionByCurrentFrame</eventType>
          <eventActions>
            <eventAction>EditAnimationByID</eventAction>
          </eventActions>
          <whenCurrentFrameIndexIs>12</whenCurrentFrameIndexIs>
          <editAnimationByIDOptions>
            <option>
              <imageID>Ball</imageID>
              <editActions>
                <editAction>ResumeMove</editAction>
                <editAction>ChangeVisibleValue</editAction>
              </editActions>
              <newVisibleValue>true</newVisibleValue>
            </option>
          </editAnimationByIDOptions>
        </event>
        <event>
          <eventType>TriggerActionByCurrentFrame</eventType>
          <eventActions>
            <eventAction>StopAnimation</eventAction>
          </eventActions>
          <whenCurrentFrameIndexIs>18</whenCurrentFrameIndexIs>
        </event>
      </events>
      <left>455</left>
      <top>789</top>
      <speed>3</speed>
      <id>Zora</id>
    </image>
    <image>
      <frames>
        <reUseTagFramesFromPreviousImage>true</reUseTagFramesFromPreviousImage>
      </frames>
      <events>
        <event>
          <eventType>TriggerActionByCurrentFrame</eventType>
          <eventActions>
            <eventAction>EditAnimationByID</eventAction>
          </eventActions>
          <whenCurrentFrameIndexIs>12</whenCurrentFrameIndexIs>
          <editAnimationByIDOptions>
            <option>
              <imageID>Ball4</imageID>
              <editActions>
                <editAction>ResumeMove</editAction>
                <editAction>ChangeVisibleValue</editAction>
              </editActions>
              <newVisibleValue>true</newVisibleValue>
            </option>
          </editAnimationByIDOptions>
        </event>
        <event>
          <eventType>TriggerActionByCurrentFrame</eventType>
          <eventActions>
            <eventAction>StopAnimation</eventAction>
          </eventActions>
          <whenCurrentFrameIndexIs>18</whenCurrentFrameIndexIs>
        </event>
      </events>
      <left>764</left>
      <top>718</top>
      <speed>3</speed>
      <id>Zora4</id>
    </image>
    <image>
      <frames>
        <reUseTagFramesFromPreviousImage>true</reUseTagFramesFromPreviousImage>
      </frames>
      <events>
        <event>
          <eventType>TriggerActionByCurrentFrame</eventType>
          <eventActions>
            <eventAction>EditAnimationByID</eventAction>
          </eventActions>
          <whenCurrentFrameIndexIs>12</whenCurrentFrameIndexIs>
          <editAnimationByIDOptions>
            <option>
              <imageID>Ball5</imageID>
              <editActions>
                <editAction>ResumeMove</editAction>
                <editAction>ChangeVisibleValue</editAction>
              </editActions>
              <newVisibleValue>true</newVisibleValue>
            </option>
          </editAnimationByIDOptions>
        </event>
        <event>
          <eventType>TriggerActionByCurrentFrame</eventType>
          <eventActions>
            <eventAction>StopAnimation</eventAction>
          </eventActions>
          <whenCurrentFrameIndexIs>18</whenCurrentFrameIndexIs>
        </event>
      </events>
      <left>1149</left>
      <top>608</top>
      <speed>3</speed>
      <id>Zora5</id>
    </image>
    <image>
      <frames>
        <reUseTagFramesFromPreviousImage>true</reUseTagFramesFromPreviousImage>
      </frames>
      <events>
        <event>
          <eventType>TriggerActionByCurrentFrame</eventType>
          <eventActions>
            <eventAction>EditAnimationByID</eventAction>
          </eventActions>
          <whenCurrentFrameIndexIs>12</whenCurrentFrameIndexIs>
          <editAnimationByIDOptions>
            <option>
              <imageID>Ball6</imageID>
              <editActions>
                <editAction>ResumeMove</editAction>
                <editAction>ChangeVisibleValue</editAction>
              </editActions>
              <newVisibleValue>true</newVisibleValue>
            </option>
          </editAnimationByIDOptions>
        </event>
        <event>
          <eventType>TriggerActionByCurrentFrame</eventType>
          <eventActions>
            <eventAction>StopAnimation</eventAction>
          </eventActions>
          <whenCurrentFrameIndexIs>18</whenCurrentFrameIndexIs>
        </event>
      </events>
      <left>1090</left>
      <top>222</top>
      <speed>3</speed>
      <id>Zora6</id>
    </image>
    <image>
      <frames>
        <reUseTagFramesFromPreviousImage>true</reUseTagFramesFromPreviousImage>
      </frames>
      <events>
        <event>
          <eventType>TriggerActionByCurrentFrame</eventType>
          <eventActions>
            <eventAction>EditAnimationByID</eventAction>
          </eventActions>
          <whenCurrentFrameIndexIs>12</whenCurrentFrameIndexIs>
          <editAnimationByIDOptions>
            <option>
              <imageID>Ball7</imageID>
              <editActions>
                <editAction>ResumeMove</editAction>
                <editAction>ChangeVisibleValue</editAction>
              </editActions>
              <newVisibleValue>true</newVisibleValue>
            </option>
          </editAnimationByIDOptions>
        </event>
        <event>
          <eventType>TriggerActionByCurrentFrame</eventType>
          <eventActions>
            <eventAction>StopAnimation</eventAction>
          </eventActions>
          <whenCurrentFrameIndexIs>18</whenCurrentFrameIndexIs>
        </event>
      </events>
      <left>1305</left>
      <top>295</top>
      <speed>3</speed>
      <id>Zora7</id>
    </image>
    <image>
      <frames>
        <frame>
          <fileName from="mapzDarkMountainc">ballsora1.png</fileName>
        </frame>
        <frame>
          <fileName from="mapzDarkMountainc">ballsora2.png</fileName>
        </frame>
        <frame>
          <fileName from="mapzDarkMountainc">ballsora3.png</fileName>
        </frame>
      </frames>
      <moveAnimation>
        <iniTop>0</iniTop>
        <maxTop>512</maxTop>
        <iniLeft>0</iniLeft>
        <maxLeft>1480</maxLeft>
        <pixelsMoveTop>4</pixelsMoveTop>
        <pixelsMoveLeft>-4</pixelsMoveLeft>
        <moveAnimationStop>true</moveAnimationStop>
        <returnToTheBeginning>true</returnToTheBeginning>
      </moveAnimation>
      <events>
        <event>
          <eventType>MoveAnimationMaxBottomReached</eventType>
          <eventActions>
            <eventAction>EditAnimationByID</eventAction>
            <eventAction>ChangeVisibleValue</eventAction>
            <eventAction>StopMove</eventAction>
          </eventActions>
          <newVisibleValue>false</newVisibleValue>
          <editAnimationByIDOptions>
            <option>
              <imageID>Zora3</imageID>
              <editActions>
                <editAction>ResumeAnimation</editAction>
              </editActions>
            </option>
          </editAnimationByIDOptions>
        </event>
      </events>
      <visible>false</visible>
      <left>766</left>
      <top>148</top>
      <speed>1</speed>
      <id>Ball3</id>
    </image>
    <image>
      <frames>
        <reUseTagFramesFromPreviousImage>true</reUseTagFramesFromPreviousImage>
      </frames>
      <moveAnimation>
        <iniTop>0</iniTop>
        <maxTop>936</maxTop>
        <iniLeft>0</iniLeft>
        <maxLeft>1538</maxLeft>
        <pixelsMoveTop>4</pixelsMoveTop>
        <pixelsMoveLeft>4</pixelsMoveLeft>
        <moveAnimationStop>true</moveAnimationStop>
        <returnToTheBeginning>true</returnToTheBeginning>
      </moveAnimation>
      <events>
        <event>
          <eventType>MoveAnimationMaxBottomReached</eventType>
          <eventActions>
            <eventAction>EditAnimationByID</eventAction>
            <eventAction>ChangeVisibleValue</eventAction>
            <eventAction>StopMove</eventAction>
          </eventActions>
          <newVisibleValue>false</newVisibleValue>
          <editAnimationByIDOptions>
            <option>
              <imageID>Zora2</imageID>
              <editActions>
                <editAction>ResumeAnimation</editAction>
              </editActions>
            </option>
          </editAnimationByIDOptions>
        </event>
      </events>
      <visible>false</visible>
      <left>452</left>
      <top>427</top>
      <speed>1</speed>
      <flipImage>Horizontal</flipImage>
      <id>Ball2</id>
    </image>
    <image>
      <frames>
        <reUseTagFramesFromPreviousImage>true</reUseTagFramesFromPreviousImage>
      </frames>
      <moveAnimation>
        <iniTop>0</iniTop>
        <maxTop>936</maxTop>
        <iniLeft>0</iniLeft>
        <maxLeft>1538</maxLeft>
        <pixelsMoveTop>-4</pixelsMoveTop>
        <pixelsMoveLeft>-4</pixelsMoveLeft>
        <moveAnimationStop>true</moveAnimationStop>
        <returnToTheBeginning>true</returnToTheBeginning>
      </moveAnimation>
      <events>
        <event>
          <eventType>MoveAnimationMaxLeftReached</eventType>
          <eventActions>
            <eventAction>EditAnimationByID</eventAction>
            <eventAction>ChangeVisibleValue</eventAction>
            <eventAction>StopMove</eventAction>
          </eventActions>
          <newVisibleValue>false</newVisibleValue>
          <editAnimationByIDOptions>
            <option>
              <imageID>Zora</imageID>
              <editActions>
                <editAction>ResumeAnimation</editAction>
              </editActions>
            </option>
          </editAnimationByIDOptions>
        </event>
      </events>
      <visible>false</visible>
      <left>450</left>
      <top>791</top>
      <speed>1</speed>
      <flipImage>Vertical</flipImage>
      <id>Ball</id>
    </image>
    <image>
      <frames>
        <reUseTagFramesFromPreviousImage>true</reUseTagFramesFromPreviousImage>
      </frames>
      <moveAnimation>
        <iniTop>300</iniTop>
        <maxTop>936</maxTop>
        <iniLeft>300</iniLeft>
        <maxLeft>1538</maxLeft>
        <pixelsMoveTop>-4</pixelsMoveTop>
        <pixelsMoveLeft>-4</pixelsMoveLeft>
        <moveAnimationStop>true</moveAnimationStop>
        <returnToTheBeginning>true</returnToTheBeginning>
      </moveAnimation>
      <events>
        <event>
          <eventType>MoveAnimationMaxTopReached</eventType>
          <eventActions>
            <eventAction>EditAnimationByID</eventAction>
            <eventAction>ChangeVisibleValue</eventAction>
            <eventAction>StopMove</eventAction>
          </eventActions>
          <newVisibleValue>false</newVisibleValue>
          <editAnimationByIDOptions>
            <option>
              <imageID>Zora4</imageID>
              <editActions>
                <editAction>ResumeAnimation</editAction>
              </editActions>
            </option>
          </editAnimationByIDOptions>
        </event>
      </events>
      <visible>false</visible>
      <left>759</left>
      <top>720</top>
      <speed>1</speed>
      <flipImage>Vertical</flipImage>
      <id>Ball4</id>
    </image>
    <image>
      <frames>
        <reUseTagFramesFromPreviousImage>true</reUseTagFramesFromPreviousImage>
      </frames>
      <moveAnimation>
        <iniTop>300</iniTop>
        <maxTop>936</maxTop>
        <iniLeft>300</iniLeft>
        <maxLeft>1538</maxLeft>
        <pixelsMoveTop>4</pixelsMoveTop>
        <pixelsMoveLeft>4</pixelsMoveLeft>
        <moveAnimationStop>true</moveAnimationStop>
        <returnToTheBeginning>true</returnToTheBeginning>
      </moveAnimation>
      <events>
        <event>
          <eventType>MoveAnimationMaxBottomReached</eventType>
          <eventActions>
            <eventAction>EditAnimationByID</eventAction>
            <eventAction>ChangeVisibleValue</eventAction>
            <eventAction>StopMove</eventAction>
          </eventActions>
          <newVisibleValue>false</newVisibleValue>
          <editAnimationByIDOptions>
            <option>
              <imageID>Zora5</imageID>
              <editActions>
                <editAction>ResumeAnimation</editAction>
              </editActions>
            </option>
          </editAnimationByIDOptions>
        </event>
      </events>
      <visible>false</visible>
      <left>1163</left>
      <top>625</top>
      <speed>1</speed>
      <flipImage>Horizontal</flipImage>
      <id>Ball5</id>
    </image>
    <image>
      <frames>
        <reUseTagFramesFromPreviousImage>true</reUseTagFramesFromPreviousImage>
      </frames>
      <moveAnimation>
        <iniTop>0</iniTop>
        <maxTop>936</maxTop>
        <iniLeft>0</iniLeft>
        <maxLeft>1538</maxLeft>
        <pixelsMoveTop>-4</pixelsMoveTop>
        <pixelsMoveLeft>-4</pixelsMoveLeft>
        <moveAnimationStop>true</moveAnimationStop>
        <returnToTheBeginning>true</returnToTheBeginning>
      </moveAnimation>
      <events>
        <event>
          <eventType>MoveAnimationMaxTopReached</eventType>
          <eventActions>
            <eventAction>EditAnimationByID</eventAction>
            <eventAction>ChangeVisibleValue</eventAction>
            <eventAction>StopMove</eventAction>
          </eventActions>
          <newVisibleValue>false</newVisibleValue>
          <editAnimationByIDOptions>
            <option>
              <imageID>Zora6</imageID>
              <editActions>
                <editAction>ResumeAnimation</editAction>
              </editActions>
            </option>
          </editAnimationByIDOptions>
        </event>
      </events>
      <visible>false</visible>
      <left>1085</left>
      <top>224</top>
      <speed>1</speed>
      <flipImage>Vertical</flipImage>
      <id>Ball6</id>
    </image>
    <image>
      <frames>
        <reUseTagFramesFromPreviousImage>true</reUseTagFramesFromPreviousImage>
      </frames>
      <moveAnimation>
        <iniTop>0</iniTop>
        <maxTop>936</maxTop>
        <iniLeft>0</iniLeft>
        <maxLeft>1538</maxLeft>
        <pixelsMoveTop>4</pixelsMoveTop>
        <pixelsMoveLeft>4</pixelsMoveLeft>
        <moveAnimationStop>true</moveAnimationStop>
        <returnToTheBeginning>true</returnToTheBeginning>
      </moveAnimation>
      <events>
        <event>
          <eventType>MoveAnimationMaxRightReached</eventType>
          <eventActions>
            <eventAction>EditAnimationByID</eventAction>
            <eventAction>ChangeVisibleValue</eventAction>
            <eventAction>StopMove</eventAction>
          </eventActions>
          <newVisibleValue>false</newVisibleValue>
          <editAnimationByIDOptions>
            <option>
              <imageID>Zora7</imageID>
              <editActions>
                <editAction>ResumeAnimation</editAction>
              </editActions>
            </option>
          </editAnimationByIDOptions>
        </event>
      </events>
      <visible>false</visible>
      <left>1319</left>
      <top>313</top>
      <flipImage>Horizontal</flipImage>
      <speed>1</speed>
      <id>Ball7</id>
    </image>
    <image>
      <frames>
        <frameCollection>
          <frame>
            <fileName from="mapzSwampbDark">eneleft1.png</fileName>
          </frame>
          <frame>
            <fileName from="mapzSwampbDark">eneleft2.png</fileName>
          </frame>
          <frame>
            <fileName from="mapzSwampbDark">eneleft3.png</fileName>
          </frame>
          <frame>
            <fileName from="mapzSwampbDark">eneleft4.png</fileName>
          </frame>
          <frame>
            <fileName from="mapzSwampbDark">eneleft5.png</fileName>
          </frame>
          <frame>
            <fileName from="mapzSwampbDark">eneleft4.png</fileName>
          </frame>
          <frame>
            <fileName from="mapzSwampbDark">eneleft3.png</fileName>
          </frame>
          <frame>
            <fileName from="mapzSwampbDark">eneleft2.png</fileName>
          </frame>
        </frameCollection>
        <frameCollection>
          <frame>
            <fileName from="mapzSwampbDark">enedown1.png</fileName>
          </frame>
          <frame>
            <fileName from="mapzSwampbDark">enedown2.png</fileName>
          </frame>
          <frame>
            <fileName from="mapzSwampbDark">enedown3.png</fileName>
          </frame>
          <frame>
            <fileName from="mapzSwampbDark">enedown4.png</fileName>
          </frame>
          <frame>
            <fileName from="mapzSwampbDark">enedown3.png</fileName>
          </frame>
          <frame>
            <fileName from="mapzSwampbDark">enedown2.png</fileName>
          </frame>
        </frameCollection>
        <frameCollection>
          <frame>
            <fileName from="mapzSwampbDark">eneup1.png</fileName>
          </frame>
          <frame>
            <fileName from="mapzSwampbDark">eneup2.png</fileName>
          </frame>
          <frame>
            <fileName from="mapzSwampbDark">eneup3.png</fileName>
          </frame>
          <frame>
            <fileName from="mapzSwampbDark">eneup4.png</fileName>
          </frame>
          <frame>
            <fileName from="mapzSwampbDark">eneup3.png</fileName>
          </frame>
          <frame>
            <fileName from="mapzSwampbDark">eneup2.png</fileName>
          </frame>
        </frameCollection>
      </frames>
      <moveAnimation>
        <iniLeft>42</iniLeft>
        <iniTop>702</iniTop>
        <maxLeft>278</maxLeft>
        <maxTop>846</maxTop>
        <pixelsMoveLeft>-2</pixelsMoveLeft>
        <pixelsMoveTop>1</pixelsMoveTop>
        <moveAnimationSpeed>1</moveAnimationSpeed>
      </moveAnimation>
      <applyAlterations>
        <alterationsToDo>ApplyNewPaletteColor</alterationsToDo>
        <basicPaletteColor>255,173,90,33-255,247,222,66-255,140,222,49-255,0,156,57</basicPaletteColor>
        <newPaletteColor>255,181,99,41-255,222,99,99-255,181,148,255-255,82,115,206</newPaletteColor>
      </applyAlterations>
      <events>
        <event>
          <eventType>MoveAnimationMaxRightReached</eventType>
          <eventActions>
            <eventAction>ChangeFrameCollection</eventAction>
            <eventAction>FlipImage</eventAction>
          </eventActions>
          <changeFrameCollectionIndexTo>0</changeFrameCollectionIndexTo>
        </event>
        <event>
          <eventType>MoveAnimationMaxLeftReached</eventType>
          <eventActions>
            <eventAction>ChangeFrameCollection</eventAction>
            <eventAction>FlipImage</eventAction>
          </eventActions>
          <changeFrameCollectionIndexTo>0</changeFrameCollectionIndexTo>
        </event>
        <event>
          <eventType>MoveAnimationMaxTopReached</eventType>
          <eventActions>
            <eventAction>ChangeFrameCollection</eventAction>
          </eventActions>
          <changeFrameCollectionIndexTo>1</changeFrameCollectionIndexTo>
        </event>
        <event>
          <eventType>MoveAnimationMaxBottomReached</eventType>
          <eventActions>
            <eventAction>ChangeFrameCollection</eventAction>
          </eventActions>
          <changeFrameCollectionIndexTo>2</changeFrameCollectionIndexTo>
        </event>
      </events>
      <left>50</left>
      <top>720</top>
      <flipImage>Horizontal</flipImage>
      <speed>2</speed>
    </image>
    <image>
      <frames>
        <reUseTagFramesFromPreviousImage>true</reUseTagFramesFromPreviousImage>
      </frames>
      <moveAnimation>
        <iniLeft>512</iniLeft>
        <iniTop>104</iniTop>
        <maxLeft>748</maxLeft>
        <maxTop>204</maxTop>
        <pixelsMoveLeft>-2</pixelsMoveLeft>
        <pixelsMoveTop>1</pixelsMoveTop>
        <moveAnimationSpeed>1</moveAnimationSpeed>
      </moveAnimation>
      <events>
        <event>
          <eventType>MoveAnimationMaxRightReached</eventType>
          <eventActions>
            <eventAction>ChangeFrameCollection</eventAction>
            <eventAction>FlipImage</eventAction>
          </eventActions>
          <changeFrameCollectionIndexTo>0</changeFrameCollectionIndexTo>
        </event>
        <event>
          <eventType>MoveAnimationMaxLeftReached</eventType>
          <eventActions>
            <eventAction>ChangeFrameCollection</eventAction>
            <eventAction>FlipImage</eventAction>
          </eventActions>
          <changeFrameCollectionIndexTo>0</changeFrameCollectionIndexTo>
        </event>
        <event>
          <eventType>MoveAnimationMaxTopReached</eventType>
          <eventActions>
            <eventAction>ChangeFrameCollection</eventAction>
          </eventActions>
          <changeFrameCollectionIndexTo>1</changeFrameCollectionIndexTo>
        </event>
        <event>
          <eventType>MoveAnimationMaxBottomReached</eventType>
          <eventActions>
            <eventAction>ChangeFrameCollection</eventAction>
          </eventActions>
          <changeFrameCollectionIndexTo>2</changeFrameCollectionIndexTo>
        </event>
      </events>
      <left>560</left>
      <top>150</top>
      <flipImage>Horizontal</flipImage>
      <speed>2</speed>
    </image>
    <image>
      <frames>
        <reUseTagFramesFromPreviousImage>true</reUseTagFramesFromPreviousImage>
      </frames>
      <moveAnimation>
        <iniLeft>1090</iniLeft>
        <iniTop>6</iniTop>
        <maxLeft>1318</maxLeft>
        <maxTop>114</maxTop>
        <pixelsMoveLeft>-2</pixelsMoveLeft>
        <pixelsMoveTop>1</pixelsMoveTop>
        <moveAnimationSpeed>1</moveAnimationSpeed>
      </moveAnimation>
      <events>
        <event>
          <eventType>MoveAnimationMaxRightReached</eventType>
          <eventActions>
            <eventAction>ChangeFrameCollection</eventAction>
            <eventAction>FlipImage</eventAction>
          </eventActions>
          <changeFrameCollectionIndexTo>0</changeFrameCollectionIndexTo>
        </event>
        <event>
          <eventType>MoveAnimationMaxLeftReached</eventType>
          <eventActions>
            <eventAction>ChangeFrameCollection</eventAction>
            <eventAction>FlipImage</eventAction>
          </eventActions>
          <changeFrameCollectionIndexTo>0</changeFrameCollectionIndexTo>
        </event>
        <event>
          <eventType>MoveAnimationMaxTopReached</eventType>
          <eventActions>
            <eventAction>ChangeFrameCollection</eventAction>
          </eventActions>
          <changeFrameCollectionIndexTo>1</changeFrameCollectionIndexTo>
        </event>
        <event>
          <eventType>MoveAnimationMaxBottomReached</eventType>
          <eventActions>
            <eventAction>ChangeFrameCollection</eventAction>
          </eventActions>
          <changeFrameCollectionIndexTo>2</changeFrameCollectionIndexTo>
        </event>
      </events>
      <left>1100</left>
      <top>100</top>
      <flipImage>Horizontal</flipImage>
      <speed>2</speed>
    </image>
    <image>
      <frames>
        <frameCollection>
          <frame>
            <fileName from="mapzSwampbDark">eneleft1.png</fileName>
          </frame>
          <frame>
            <fileName from="mapzSwampbDark">eneleft2.png</fileName>
          </frame>
          <frame>
            <fileName from="mapzSwampbDark">eneleft3.png</fileName>
          </frame>
          <frame>
            <fileName from="mapzSwampbDark">eneleft4.png</fileName>
          </frame>
          <frame>
            <fileName from="mapzSwampbDark">eneleft5.png</fileName>
          </frame>
          <frame>
            <fileName from="mapzSwampbDark">eneleft4.png</fileName>
          </frame>
          <frame>
            <fileName from="mapzSwampbDark">eneleft3.png</fileName>
          </frame>
          <frame>
            <fileName from="mapzSwampbDark">eneleft2.png</fileName>
          </frame>
        </frameCollection>
        <frameCollection>
          <frame>
            <fileName from="mapzSwampbDark">enedown1.png</fileName>
          </frame>
          <frame>
            <fileName from="mapzSwampbDark">enedown2.png</fileName>
          </frame>
          <frame>
            <fileName from="mapzSwampbDark">enedown3.png</fileName>
          </frame>
          <frame>
            <fileName from="mapzSwampbDark">enedown4.png</fileName>
          </frame>
          <frame>
            <fileName from="mapzSwampbDark">enedown3.png</fileName>
          </frame>
          <frame>
            <fileName from="mapzSwampbDark">enedown2.png</fileName>
          </frame>
        </frameCollection>
        <frameCollection>
          <frame>
            <fileName from="mapzSwampbDark">eneup1.png</fileName>
          </frame>
          <frame>
            <fileName from="mapzSwampbDark">eneup2.png</fileName>
          </frame>
          <frame>
            <fileName from="mapzSwampbDark">eneup3.png</fileName>
          </frame>
          <frame>
            <fileName from="mapzSwampbDark">eneup4.png</fileName>
          </frame>
          <frame>
            <fileName from="mapzSwampbDark">eneup3.png</fileName>
          </frame>
          <frame>
            <fileName from="mapzSwampbDark">eneup2.png</fileName>
          </frame>
        </frameCollection>
        <frameCollection>
          <frame>
            <fileName from="mapzSwampbDark">eneshot1.png</fileName>
          </frame>
          <frame>
            <fileName from="mapzSwampbDark">eneshot2.png</fileName>
          </frame>
          <frame>
            <fileName from="mapzSwampbDark">eneshot4.png</fileName>
          </frame>
          <frame>
            <fileName from="mapzSwampbDark">eneshot6.png</fileName>
          </frame>
          <frame>
            <fileName from="mapzSwampbDark">eneshot8.png</fileName>
          </frame>
          <frame>
            <fileName from="mapzSwampbDark">eneshot10.png</fileName>
          </frame>
          <frame>
            <fileName from="mapzSwampbDark">eneshot11.png</fileName>
          </frame>
          <frame>
            <fileName from="mapzSwampbDark">eneshot12.png</fileName>
          </frame>
          <frame>
            <fileName from="mapzSwampbDark">eneshot13.png</fileName>
          </frame>
          <frame>
            <fileName from="mapzSwampbDark">eneshot14.png</fileName>
          </frame>
          <frame>
            <fileName from="mapzSwampbDark">eneshot15.png</fileName>
          </frame>
        </frameCollection>
      </frames>
      <moveAnimation>
        <iniLeft>466</iniLeft>
        <iniTop>102</iniTop>
        <maxLeft>686</maxLeft>
        <maxTop>202</maxTop>
        <pixelsMoveLeft>2</pixelsMoveLeft>
        <pixelsMoveTop>1</pixelsMoveTop>
        <moveAnimationSpeed>1</moveAnimationSpeed>
      </moveAnimation>
      <imageTimer>
        <timerDelay>3000</timerDelay>
      </imageTimer>
      <events>
        <event>
          <eventType>MoveAnimationMaxRightReached</eventType>
          <eventActions>
            <eventAction>ChangeFrameCollection</eventAction>
            <eventAction>FlipImage</eventAction>
          </eventActions>
          <changeFrameCollectionIndexTo>0</changeFrameCollectionIndexTo>
        </event>
        <event>
          <eventType>MoveAnimationMaxLeftReached</eventType>
          <eventActions>
            <eventAction>ChangeFrameCollection</eventAction>
            <eventAction>FlipImage</eventAction>
          </eventActions>
          <changeFrameCollectionIndexTo>0</changeFrameCollectionIndexTo>
        </event>
        <event>
          <eventType>MoveAnimationMaxTopReached</eventType>
          <eventActions>
            <eventAction>ChangeFrameCollection</eventAction>
          </eventActions>
          <changeFrameCollectionIndexTo>1</changeFrameCollectionIndexTo>
        </event>
        <event>
          <eventType>MoveAnimationMaxBottomReached</eventType>
          <eventActions>
            <eventAction>ChangeFrameCollection</eventAction>
          </eventActions>
          <changeFrameCollectionIndexTo>2</changeFrameCollectionIndexTo>
        </event>
        <event>
          <eventType>Timer</eventType>
          <eventActions>
            <eventAction>ChangeFrameCollection</eventAction>
            <eventAction>StopMove</eventAction>
            <eventAction>ChangeSpeedAnimationForFrames</eventAction>
          </eventActions>
          <newSpeedAnimationForFrames>1</newSpeedAnimationForFrames>
          <changeFrameCollectionIndexTo>3</changeFrameCollectionIndexTo>
          <whenFrameCollectionIndexIs>0</whenFrameCollectionIndexIs>
        </event>
        <event>
          <eventType>FrameAnimationLoopEnds</eventType>
          <eventActions>
            <eventAction>ChangeFrameCollection</eventAction>
            <eventAction>ResumeMove</eventAction>
            <eventAction>ChangeSpeedAnimationForFrames</eventAction>
          </eventActions>
          <changeFrameCollectionIndexTo>0</changeFrameCollectionIndexTo>
          <whenFrameCollectionIndexIs>3</whenFrameCollectionIndexIs>
          <newSpeedAnimationForFrames>2</newSpeedAnimationForFrames>
        </event>
      </events>
      <left>500</left>
      <top>120</top>
      <speed>2</speed>
    </image>
    <image>
      <frames>
        <reUseTagFramesFromPreviousImage>true</reUseTagFramesFromPreviousImage>
      </frames>
      <moveAnimation>
        <iniLeft>278</iniLeft>
        <iniTop>160</iniTop>
        <maxLeft>450</maxLeft>
        <maxTop>312</maxTop>
        <pixelsMoveLeft>2</pixelsMoveLeft>
        <pixelsMoveTop>1</pixelsMoveTop>
        <moveAnimationSpeed>1</moveAnimationSpeed>
      </moveAnimation>
      <imageTimer>
        <timerDelay>4000</timerDelay>
      </imageTimer>
      <events>
        <event>
          <eventType>MoveAnimationMaxRightReached</eventType>
          <eventActions>
            <eventAction>ChangeFrameCollection</eventAction>
            <eventAction>FlipImage</eventAction>
          </eventActions>
          <changeFrameCollectionIndexTo>0</changeFrameCollectionIndexTo>
        </event>
        <event>
          <eventType>MoveAnimationMaxLeftReached</eventType>
          <eventActions>
            <eventAction>ChangeFrameCollection</eventAction>
            <eventAction>FlipImage</eventAction>
          </eventActions>
          <changeFrameCollectionIndexTo>0</changeFrameCollectionIndexTo>
        </event>
        <event>
          <eventType>MoveAnimationMaxTopReached</eventType>
          <eventActions>
            <eventAction>ChangeFrameCollection</eventAction>
          </eventActions>
          <changeFrameCollectionIndexTo>1</changeFrameCollectionIndexTo>
        </event>
        <event>
          <eventType>MoveAnimationMaxBottomReached</eventType>
          <eventActions>
            <eventAction>ChangeFrameCollection</eventAction>
          </eventActions>
          <changeFrameCollectionIndexTo>2</changeFrameCollectionIndexTo>
        </event>
        <event>
          <eventType>Timer</eventType>
          <eventActions>
            <eventAction>ChangeFrameCollection</eventAction>
            <eventAction>StopMove</eventAction>
            <eventAction>ChangeSpeedAnimationForFrames</eventAction>
          </eventActions>
          <newSpeedAnimationForFrames>1</newSpeedAnimationForFrames>
          <changeFrameCollectionIndexTo>3</changeFrameCollectionIndexTo>
          <whenFrameCollectionIndexIs>0</whenFrameCollectionIndexIs>
        </event>
        <event>
          <eventType>FrameAnimationLoopEnds</eventType>
          <eventActions>
            <eventAction>ChangeFrameCollection</eventAction>
            <eventAction>ResumeMove</eventAction>
            <eventAction>ChangeSpeedAnimationForFrames</eventAction>
          </eventActions>
          <changeFrameCollectionIndexTo>0</changeFrameCollectionIndexTo>
          <whenFrameCollectionIndexIs>3</whenFrameCollectionIndexIs>
          <newSpeedAnimationForFrames>2</newSpeedAnimationForFrames>
        </event>
      </events>
      <left>300</left>
      <top>200</top>
      <speed>2</speed>
    </image>
    <image>
      <frames>
        <reUseTagFramesFromPreviousImage>true</reUseTagFramesFromPreviousImage>
      </frames>
      <moveAnimation>
        <iniLeft>290</iniLeft>
        <iniTop>518</iniTop>
        <maxLeft>488</maxLeft>
        <maxTop>678</maxTop>
        <pixelsMoveLeft>2</pixelsMoveLeft>
        <pixelsMoveTop>1</pixelsMoveTop>
        <moveAnimationSpeed>1</moveAnimationSpeed>
      </moveAnimation>
      <imageTimer>
        <timerDelay>3000</timerDelay>
      </imageTimer>
      <events>
        <event>
          <eventType>MoveAnimationMaxRightReached</eventType>
          <eventActions>
            <eventAction>ChangeFrameCollection</eventAction>
            <eventAction>FlipImage</eventAction>
          </eventActions>
          <changeFrameCollectionIndexTo>0</changeFrameCollectionIndexTo>
        </event>
        <event>
          <eventType>MoveAnimationMaxLeftReached</eventType>
          <eventActions>
            <eventAction>ChangeFrameCollection</eventAction>
            <eventAction>FlipImage</eventAction>
          </eventActions>
          <changeFrameCollectionIndexTo>0</changeFrameCollectionIndexTo>
        </event>
        <event>
          <eventType>MoveAnimationMaxTopReached</eventType>
          <eventActions>
            <eventAction>ChangeFrameCollection</eventAction>
          </eventActions>
          <changeFrameCollectionIndexTo>1</changeFrameCollectionIndexTo>
        </event>
        <event>
          <eventType>MoveAnimationMaxBottomReached</eventType>
          <eventActions>
            <eventAction>ChangeFrameCollection</eventAction>
          </eventActions>
          <changeFrameCollectionIndexTo>2</changeFrameCollectionIndexTo>
        </event>
        <event>
          <eventType>Timer</eventType>
          <eventActions>
            <eventAction>ChangeFrameCollection</eventAction>
            <eventAction>StopMove</eventAction>
            <eventAction>ChangeSpeedAnimationForFrames</eventAction>
          </eventActions>
          <newSpeedAnimationForFrames>1</newSpeedAnimationForFrames>
          <changeFrameCollectionIndexTo>3</changeFrameCollectionIndexTo>
          <whenFrameCollectionIndexIs>0</whenFrameCollectionIndexIs>
        </event>
        <event>
          <eventType>FrameAnimationLoopEnds</eventType>
          <eventActions>
            <eventAction>ChangeFrameCollection</eventAction>
            <eventAction>ResumeMove</eventAction>
            <eventAction>ChangeSpeedAnimationForFrames</eventAction>
          </eventActions>
          <changeFrameCollectionIndexTo>0</changeFrameCollectionIndexTo>
          <whenFrameCollectionIndexIs>3</whenFrameCollectionIndexIs>
          <newSpeedAnimationForFrames>2</newSpeedAnimationForFrames>
        </event>
      </events>
      <left>400</left>
      <top>600</top>
      <speed>2</speed>
    </image>
    <image>
      <frames>
        <reUseTagFramesFromPreviousImage>true</reUseTagFramesFromPreviousImage>
      </frames>
      <moveAnimation>
        <iniLeft>290</iniLeft>
        <iniTop>518</iniTop>
        <maxLeft>488</maxLeft>
        <maxTop>678</maxTop>
        <pixelsMoveLeft>2</pixelsMoveLeft>
        <pixelsMoveTop>1</pixelsMoveTop>
        <moveAnimationSpeed>1</moveAnimationSpeed>
      </moveAnimation>
      <imageTimer>
        <timerDelay>2500</timerDelay>
      </imageTimer>
      <events>
        <event>
          <eventType>MoveAnimationMaxRightReached</eventType>
          <eventActions>
            <eventAction>ChangeFrameCollection</eventAction>
            <eventAction>FlipImage</eventAction>
          </eventActions>
          <changeFrameCollectionIndexTo>0</changeFrameCollectionIndexTo>
        </event>
        <event>
          <eventType>MoveAnimationMaxLeftReached</eventType>
          <eventActions>
            <eventAction>ChangeFrameCollection</eventAction>
            <eventAction>FlipImage</eventAction>
          </eventActions>
          <changeFrameCollectionIndexTo>0</changeFrameCollectionIndexTo>
        </event>
        <event>
          <eventType>MoveAnimationMaxTopReached</eventType>
          <eventActions>
            <eventAction>ChangeFrameCollection</eventAction>
          </eventActions>
          <changeFrameCollectionIndexTo>1</changeFrameCollectionIndexTo>
        </event>
        <event>
          <eventType>MoveAnimationMaxBottomReached</eventType>
          <eventActions>
            <eventAction>ChangeFrameCollection</eventAction>
          </eventActions>
          <changeFrameCollectionIndexTo>2</changeFrameCollectionIndexTo>
        </event>
        <event>
          <eventType>Timer</eventType>
          <eventActions>
            <eventAction>ChangeFrameCollection</eventAction>
            <eventAction>StopMove</eventAction>
            <eventAction>ChangeSpeedAnimationForFrames</eventAction>
          </eventActions>
          <newSpeedAnimationForFrames>1</newSpeedAnimationForFrames>
          <changeFrameCollectionIndexTo>3</changeFrameCollectionIndexTo>
          <whenFrameCollectionIndexIs>0</whenFrameCollectionIndexIs>
        </event>
        <event>
          <eventType>FrameAnimationLoopEnds</eventType>
          <eventActions>
            <eventAction>ChangeFrameCollection</eventAction>
            <eventAction>ResumeMove</eventAction>
            <eventAction>ChangeSpeedAnimationForFrames</eventAction>
          </eventActions>
          <changeFrameCollectionIndexTo>0</changeFrameCollectionIndexTo>
          <whenFrameCollectionIndexIs>3</whenFrameCollectionIndexIs>
          <newSpeedAnimationForFrames>2</newSpeedAnimationForFrames>
        </event>
      </events>
      <left>488</left>
      <top>678</top>
      <speed>2</speed>
    </image>
    <image>
      <frames>
        <reUseTagFramesFromPreviousImage>true</reUseTagFramesFromPreviousImage>
      </frames>
      <moveAnimation>
        <iniLeft>582</iniLeft>
        <iniTop>484</iniTop>
        <maxLeft>790</maxLeft>
        <maxTop>612</maxTop>
        <pixelsMoveLeft>2</pixelsMoveLeft>
        <pixelsMoveTop>1</pixelsMoveTop>
        <moveAnimationSpeed>1</moveAnimationSpeed>
      </moveAnimation>
      <imageTimer>
        <timerDelay>3000</timerDelay>
      </imageTimer>
      <events>
        <event>
          <eventType>MoveAnimationMaxRightReached</eventType>
          <eventActions>
            <eventAction>ChangeFrameCollection</eventAction>
            <eventAction>FlipImage</eventAction>
          </eventActions>
          <changeFrameCollectionIndexTo>0</changeFrameCollectionIndexTo>
        </event>
        <event>
          <eventType>MoveAnimationMaxLeftReached</eventType>
          <eventActions>
            <eventAction>ChangeFrameCollection</eventAction>
            <eventAction>FlipImage</eventAction>
          </eventActions>
          <changeFrameCollectionIndexTo>0</changeFrameCollectionIndexTo>
        </event>
        <event>
          <eventType>MoveAnimationMaxTopReached</eventType>
          <eventActions>
            <eventAction>ChangeFrameCollection</eventAction>
          </eventActions>
          <changeFrameCollectionIndexTo>1</changeFrameCollectionIndexTo>
        </event>
        <event>
          <eventType>MoveAnimationMaxBottomReached</eventType>
          <eventActions>
            <eventAction>ChangeFrameCollection</eventAction>
          </eventActions>
          <changeFrameCollectionIndexTo>2</changeFrameCollectionIndexTo>
        </event>
        <event>
          <eventType>Timer</eventType>
          <eventActions>
            <eventAction>ChangeFrameCollection</eventAction>
            <eventAction>StopMove</eventAction>
            <eventAction>ChangeSpeedAnimationForFrames</eventAction>
          </eventActions>
          <newSpeedAnimationForFrames>1</newSpeedAnimationForFrames>
          <changeFrameCollectionIndexTo>3</changeFrameCollectionIndexTo>
          <whenFrameCollectionIndexIs>0</whenFrameCollectionIndexIs>
        </event>
        <event>
          <eventType>FrameAnimationLoopEnds</eventType>
          <eventActions>
            <eventAction>ChangeFrameCollection</eventAction>
            <eventAction>ResumeMove</eventAction>
            <eventAction>ChangeSpeedAnimationForFrames</eventAction>
          </eventActions>
          <changeFrameCollectionIndexTo>0</changeFrameCollectionIndexTo>
          <whenFrameCollectionIndexIs>3</whenFrameCollectionIndexIs>
          <newSpeedAnimationForFrames>2</newSpeedAnimationForFrames>
        </event>
      </events>
      <left>600</left>
      <top>500</top>
      <speed>2</speed>
    </image>
    <image>
      <frames>
        <reUseTagFramesFromPreviousImage>true</reUseTagFramesFromPreviousImage>
      </frames>
      <moveAnimation>
        <iniLeft>1088</iniLeft>
        <iniTop>680</iniTop>
        <maxLeft>1288</maxLeft>
        <maxTop>824</maxTop>
        <pixelsMoveLeft>2</pixelsMoveLeft>
        <pixelsMoveTop>1</pixelsMoveTop>
        <moveAnimationSpeed>1</moveAnimationSpeed>
      </moveAnimation>
      <imageTimer>
        <timerDelay>4000</timerDelay>
      </imageTimer>
      <events>
        <event>
          <eventType>MoveAnimationMaxRightReached</eventType>
          <eventActions>
            <eventAction>ChangeFrameCollection</eventAction>
            <eventAction>FlipImage</eventAction>
          </eventActions>
          <changeFrameCollectionIndexTo>0</changeFrameCollectionIndexTo>
        </event>
        <event>
          <eventType>MoveAnimationMaxLeftReached</eventType>
          <eventActions>
            <eventAction>ChangeFrameCollection</eventAction>
            <eventAction>FlipImage</eventAction>
          </eventActions>
          <changeFrameCollectionIndexTo>0</changeFrameCollectionIndexTo>
        </event>
        <event>
          <eventType>MoveAnimationMaxTopReached</eventType>
          <eventActions>
            <eventAction>ChangeFrameCollection</eventAction>
          </eventActions>
          <changeFrameCollectionIndexTo>1</changeFrameCollectionIndexTo>
        </event>
        <event>
          <eventType>MoveAnimationMaxBottomReached</eventType>
          <eventActions>
            <eventAction>ChangeFrameCollection</eventAction>
          </eventActions>
          <changeFrameCollectionIndexTo>2</changeFrameCollectionIndexTo>
        </event>
        <event>
          <eventType>Timer</eventType>
          <eventActions>
            <eventAction>ChangeFrameCollection</eventAction>
            <eventAction>StopMove</eventAction>
            <eventAction>ChangeSpeedAnimationForFrames</eventAction>
          </eventActions>
          <newSpeedAnimationForFrames>1</newSpeedAnimationForFrames>
          <changeFrameCollectionIndexTo>3</changeFrameCollectionIndexTo>
          <whenFrameCollectionIndexIs>0</whenFrameCollectionIndexIs>
        </event>
        <event>
          <eventType>FrameAnimationLoopEnds</eventType>
          <eventActions>
            <eventAction>ChangeFrameCollection</eventAction>
            <eventAction>ResumeMove</eventAction>
            <eventAction>ChangeSpeedAnimationForFrames</eventAction>
          </eventActions>
          <changeFrameCollectionIndexTo>0</changeFrameCollectionIndexTo>
          <whenFrameCollectionIndexIs>3</whenFrameCollectionIndexIs>
          <newSpeedAnimationForFrames>2</newSpeedAnimationForFrames>
        </event>
      </events>
      <left>1100</left>
      <top>800</top>
      <speed>2</speed>
    </image>
    <image>
      <frames>
        <reUseTagFramesFromPreviousImage>true</reUseTagFramesFromPreviousImage>
      </frames>
      <moveAnimation>
        <iniLeft>1150</iniLeft>
        <iniTop>382</iniTop>
        <maxLeft>1322</maxLeft>
        <maxTop>566</maxTop>
        <pixelsMoveLeft>2</pixelsMoveLeft>
        <pixelsMoveTop>1</pixelsMoveTop>
        <moveAnimationSpeed>1</moveAnimationSpeed>
      </moveAnimation>
      <imageTimer>
        <timerDelay>3500</timerDelay>
      </imageTimer>
      <events>
        <event>
          <eventType>MoveAnimationMaxRightReached</eventType>
          <eventActions>
            <eventAction>ChangeFrameCollection</eventAction>
            <eventAction>FlipImage</eventAction>
          </eventActions>
          <changeFrameCollectionIndexTo>0</changeFrameCollectionIndexTo>
        </event>
        <event>
          <eventType>MoveAnimationMaxLeftReached</eventType>
          <eventActions>
            <eventAction>ChangeFrameCollection</eventAction>
            <eventAction>FlipImage</eventAction>
          </eventActions>
          <changeFrameCollectionIndexTo>0</changeFrameCollectionIndexTo>
        </event>
        <event>
          <eventType>MoveAnimationMaxTopReached</eventType>
          <eventActions>
            <eventAction>ChangeFrameCollection</eventAction>
          </eventActions>
          <changeFrameCollectionIndexTo>1</changeFrameCollectionIndexTo>
        </event>
        <event>
          <eventType>MoveAnimationMaxBottomReached</eventType>
          <eventActions>
            <eventAction>ChangeFrameCollection</eventAction>
          </eventActions>
          <changeFrameCollectionIndexTo>2</changeFrameCollectionIndexTo>
        </event>
        <event>
          <eventType>Timer</eventType>
          <eventActions>
            <eventAction>ChangeFrameCollection</eventAction>
            <eventAction>StopMove</eventAction>
            <eventAction>ChangeSpeedAnimationForFrames</eventAction>
          </eventActions>
          <newSpeedAnimationForFrames>1</newSpeedAnimationForFrames>
          <changeFrameCollectionIndexTo>3</changeFrameCollectionIndexTo>
          <whenFrameCollectionIndexIs>0</whenFrameCollectionIndexIs>
        </event>
        <event>
          <eventType>FrameAnimationLoopEnds</eventType>
          <eventActions>
            <eventAction>ChangeFrameCollection</eventAction>
            <eventAction>ResumeMove</eventAction>
            <eventAction>ChangeSpeedAnimationForFrames</eventAction>
          </eventActions>
          <changeFrameCollectionIndexTo>0</changeFrameCollectionIndexTo>
          <whenFrameCollectionIndexIs>3</whenFrameCollectionIndexIs>
          <newSpeedAnimationForFrames>2</newSpeedAnimationForFrames>
        </event>
      </events>
      <left>1200</left>
      <top>400</top>
      <speed>2</speed>
    </image>


  </images>
</doc>
