<?xml version="1.0"?>
<doc>
  <basic type="animations">
    <screenCanvasResolution>
      <width>974</width>
      <height>1019</height>
    </screenCanvasResolution>
    <canvasResolution>
      <maxWidth>974</maxWidth>
      <maxHeight>1019</maxHeight>
    </canvasResolution>
    <bgColor>#00000000</bgColor>
  </basic>
  <images>
    <!--<image>
      <fileName>map.png</fileName>
    </image>-->
    <image>
      <frames>
        <frame>
          <fileName>river1a.png</fileName>
        </frame>
        <frame>
          <fileName>river1b.png</fileName>
        </frame>
        <frame>
          <fileName></fileName>
        </frame>
        <currentFrame>2</currentFrame>
      </frames>
      <left>956</left>
      <top>189</top>
      <speed>5</speed>
    </image>
    <image>
      <frames>
        <frame>
          <fileName from="mapzCastle">flower2.png</fileName>
        </frame>
        <frame>
          <fileName from="mapzCastle">flower3.png</fileName>
        </frame>
        <frame>
          <fileName from="mapzCastle">flower1.png</fileName>
        </frame>
      </frames>
      <coordinates>
        241;398,177;413,193;413,209;413,225;413,241;413,185;421,201;421,217;421,
        233;421,161;429,177;429,193;429,209;429,169;437,185;437,201;437,217;437,
        113;109,161;125,169;133,177;125,337;205,401;813,657;397,817;461,
        705;189,721;189,713;197,705;237,817;269,945;109
      </coordinates>
      <speed>5</speed>
    </image>
    <image>
      <frames>
        <frame>
          <fileName>f1a.png</fileName>
        </frame>
        <frame>
          <fileName>f1b.png</fileName>
        </frame>
        <frame>
          <fileName></fileName>
        </frame>
      </frames>
      <coordinates>
        545;189,449;893
      </coordinates>
      <speed>5</speed>
    </image>
    <image>
      <frames>
        <frame>
          <fileName>f2a.png</fileName>
        </frame>
        <frame>
          <fileName>f2b.png</fileName>
        </frame>
        <frame>
          <fileName></fileName>
        </frame>
      </frames>
      <left>801</left>
      <top>93</top>
      <speed>5</speed>
    </image>
    <image>
      <frames>
        <frame>
          <fileName>f3a.png</fileName>
        </frame>
        <frame>
          <fileName>f3b.png</fileName>
        </frame>
        <frame>
          <fileName></fileName>
        </frame>
      </frames>
      <left>897</left>
      <top>205</top>
      <speed>5</speed>
    </image>
    <image>
      <frames>
        <frame>
          <fileName>f4a.png</fileName>
        </frame>
        <frame>
          <fileName>f4b.png</fileName>
        </frame>
        <frame>
          <fileName></fileName>
        </frame>
      </frames>
      <left>769</left>
      <top>29</top>
      <speed>5</speed>
    </image>
    <image>
      <frames>
        <frameCollection>
          <frame>
            <fileName>lady1movelefta.png</fileName>
          </frame>
          <frame>
            <fileName>lady1moveleftb.png</fileName>
          </frame>
          <repeatThisLoopForTimes>2</repeatThisLoopForTimes>
        </frameCollection>
        <frameCollection>
          <frame>
            <fileName>lady1moverighta.png</fileName>
          </frame>
          <frame>
            <fileName>lady1moverightb.png</fileName>
          </frame>
          <repeatThisLoopForTimes>2</repeatThisLoopForTimes>
        </frameCollection>
        <frameCollection>
          <frame>
            <fileName>lady1movea.png</fileName>
          </frame>
          <frame>
            <fileName>lady1moveb.png</fileName>
          </frame>
        </frameCollection>
        <defaultFrameCollection>2</defaultFrameCollection>
      </frames>
      <moveAnimation>
        <iniLeft>198</iniLeft>
        <maxLeft>260</maxLeft>
        <pixelsMoveLeft>2</pixelsMoveLeft>
      </moveAnimation>
      <events>
        <event>
          <eventType>MoveAnimationMaxLeftReached</eventType>
          <eventActions>
            <eventAction>StopMove</eventAction>
            <eventAction>ChangeFrameCollection</eventAction>
            <eventAction>ChangeSpeedAnimation</eventAction>
          </eventActions>
          <newSpeedAnimation>8</newSpeedAnimation>
          <whenFrameCollectionIndexIs>2</whenFrameCollectionIndexIs>
          <changeFrameCollectionIndexTo>0</changeFrameCollectionIndexTo>
        </event>
        <event>
          <eventType>FrameAnimationRepeatLoopEnds</eventType>
          <eventActions>
            <eventAction>ResumeMove</eventAction>
            <eventAction>ChangeFrameCollection</eventAction>
            <eventAction>ChangeSpeedAnimation</eventAction>
            <eventAction>FlipImage</eventAction>
          </eventActions>
          <newSpeedAnimation>4</newSpeedAnimation>
          <whenFrameCollectionIndexIs>0</whenFrameCollectionIndexIs>
          <changeFrameCollectionIndexTo>2</changeFrameCollectionIndexTo>
        </event>
        <event>
          <eventType>MoveAnimationMaxRightReached</eventType>
          <eventActions>
            <eventAction>StopMove</eventAction>
            <eventAction>ChangeFrameCollection</eventAction>
            <eventAction>ChangeSpeedAnimation</eventAction>
          </eventActions>
          <newSpeedAnimation>8</newSpeedAnimation>
          <whenFrameCollectionIndexIs>2</whenFrameCollectionIndexIs>
          <changeFrameCollectionIndexTo>1</changeFrameCollectionIndexTo>
        </event>
        <event>
          <eventType>FrameAnimationRepeatLoopEnds</eventType>
          <eventActions>
            <eventAction>ResumeMove</eventAction>
            <eventAction>ChangeFrameCollection</eventAction>
            <eventAction>ChangeSpeedAnimation</eventAction>
            <eventAction>FlipImage</eventAction>
          </eventActions>
          <newSpeedAnimation>4</newSpeedAnimation>
          <whenFrameCollectionIndexIs>1</whenFrameCollectionIndexIs>
          <changeFrameCollectionIndexTo>2</changeFrameCollectionIndexTo>
        </event>
      </events>
      <left>198</left>
      <top>439</top>
      <speed>4</speed>
    </image>
    <image>
      <frames>
        <frame>
          <fileName>bird1.png</fileName>
        </frame>
        <frame>
          <fileName>bird2.png</fileName>
        </frame>
        <frame>
          <fileName></fileName>
        </frame>
      </frames>
      <left>530</left>
      <top>382</top>
      <speed>6</speed>
    </image>
    <image>
      <frames>
        <frame>
          <fileName>oldlady1.png</fileName>
        </frame>
        <frame>
          <fileName></fileName>
        </frame>
      </frames>
      <left>399</left>
      <top>695</top>
      <speed>6</speed>
    </image>
    <image>
      <frames>
        <frame>
          <fileName>boy2b.png</fileName>
          <delay>50</delay>
        </frame>
        <frame>
          <fileName></fileName>
          <delay>40</delay>
        </frame>
      </frames>
      <left>385</left>
      <top>777</top>
      <speed>6</speed>
    </image>
    <image>
      <frames>
        <frameCollection>
          <frame>
            <fileName>lady2movelefta.png</fileName>
          </frame>
          <frame>
            <fileName>lady2moveleftb.png</fileName>
          </frame>
          <repeatThisLoopForTimes>2</repeatThisLoopForTimes>
        </frameCollection>
        <frameCollection>
          <frame>
            <fileName>lady2moverighta.png</fileName>
          </frame>
          <frame>
            <fileName>lady2moverightb.png</fileName>
          </frame>
          <repeatThisLoopForTimes>2</repeatThisLoopForTimes>
        </frameCollection>
        <frameCollection>
          <frame>
            <fileName>lady2movea.png</fileName>
          </frame>
          <frame>
            <fileName>lady2moveb.png</fileName>
          </frame>
        </frameCollection>
        <defaultFrameCollection>2</defaultFrameCollection>
      </frames>
      <moveAnimation>
        <iniLeft>784</iniLeft>
        <maxLeft>832</maxLeft>
        <pixelsMoveLeft>2</pixelsMoveLeft>
      </moveAnimation>
      <events>
        <event>
          <eventType>MoveAnimationMaxLeftReached</eventType>
          <eventActions>
            <eventAction>StopMove</eventAction>
            <eventAction>ChangeFrameCollection</eventAction>
            <eventAction>ChangeSpeedAnimation</eventAction>
          </eventActions>
          <newSpeedAnimation>8</newSpeedAnimation>
          <whenFrameCollectionIndexIs>2</whenFrameCollectionIndexIs>
          <changeFrameCollectionIndexTo>0</changeFrameCollectionIndexTo>
        </event>
        <event>
          <eventType>FrameAnimationRepeatLoopEnds</eventType>
          <eventActions>
            <eventAction>ResumeMove</eventAction>
            <eventAction>ChangeFrameCollection</eventAction>
            <eventAction>ChangeSpeedAnimation</eventAction>
            <eventAction>FlipImage</eventAction>
          </eventActions>
          <newSpeedAnimation>4</newSpeedAnimation>
          <whenFrameCollectionIndexIs>0</whenFrameCollectionIndexIs>
          <changeFrameCollectionIndexTo>2</changeFrameCollectionIndexTo>
        </event>
        <event>
          <eventType>MoveAnimationMaxRightReached</eventType>
          <eventActions>
            <eventAction>StopMove</eventAction>
            <eventAction>ChangeFrameCollection</eventAction>
            <eventAction>ChangeSpeedAnimation</eventAction>
          </eventActions>
          <newSpeedAnimation>8</newSpeedAnimation>
          <whenFrameCollectionIndexIs>2</whenFrameCollectionIndexIs>
          <changeFrameCollectionIndexTo>1</changeFrameCollectionIndexTo>
        </event>
        <event>
          <eventType>FrameAnimationRepeatLoopEnds</eventType>
          <eventActions>
            <eventAction>ResumeMove</eventAction>
            <eventAction>ChangeFrameCollection</eventAction>
            <eventAction>ChangeSpeedAnimation</eventAction>
            <eventAction>FlipImage</eventAction>
          </eventActions>
          <newSpeedAnimation>4</newSpeedAnimation>
          <whenFrameCollectionIndexIs>1</whenFrameCollectionIndexIs>
          <changeFrameCollectionIndexTo>2</changeFrameCollectionIndexTo>
        </event>
      </events>
      <left>784</left>
      <top>503</top>
      <speed>4</speed>
    </image>
    <image>
      <frames>
        <frameCollection>
          <frame>
            <fileName>link1.png</fileName>
          </frame>
          <frame>
            <fileName>link2.png</fileName>
          </frame>
          <frame>
            <fileName>link3.png</fileName>
          </frame>
          <frame>
            <fileName>link4.png</fileName>
          </frame>
          <frame>
            <fileName>link5.png</fileName>
          </frame>
          <frame>
            <fileName>link6.png</fileName>
          </frame>
        </frameCollection>
        <frameCollection>
          <frame>
            <fileName>linkback1.png</fileName>
          </frame>
          <frame>
            <fileName>linkback2.png</fileName>
          </frame>
          <frame>
            <fileName>linkback3.png</fileName>
          </frame>
          <frame>
            <fileName>linkback4.png</fileName>
          </frame>
          <frame>
            <fileName>linkback5.png</fileName>
          </frame>
          <frame>
            <fileName>linkback6.png</fileName>
          </frame>
        </frameCollection>
        <frameCollection>
          <frame>
            <fileName>linkwalk1.png</fileName>
          </frame>
          <frame>
            <fileName>linkwalk2.png</fileName>
          </frame>
          <frame>
            <fileName>linkwalk3.png</fileName>
          </frame>
          <frame>
            <fileName>linkwalk4.png</fileName>
          </frame>
          <frame>
            <fileName>linkwalk5.png</fileName>
          </frame>
        </frameCollection>
      </frames>
      <moveAnimation>
        <iniTop>308</iniTop>
        <maxTop>517</maxTop>
        <pixelsMoveTop>2</pixelsMoveTop>
      </moveAnimation>
      <events>
        <event>
          <eventType>MoveAnimationMaxBottomReached</eventType>
          <eventActions>
            <eventAction>UpdateMoveAnimation</eventAction>
            <eventAction>ChangeFrameCollection</eventAction>
          </eventActions>
          <whenCurrentPositionIs>302;517</whenCurrentPositionIs>
          <changeFrameCollectionIndexTo>2</changeFrameCollectionIndexTo>
          <newMoveAnimation>
            <iniLeft>302</iniLeft>
            <maxLeft>526</maxLeft>
            <pixelsMoveLeft>2</pixelsMoveLeft>
          </newMoveAnimation>
        </event>
        <event>
          <eventType>MoveAnimationMaxRightReached</eventType>
          <eventActions>
            <eventAction>UpdateMoveAnimation</eventAction>
            <eventAction>ChangeFrameCollection</eventAction>
          </eventActions>
          <whenCurrentPositionIs>526;517</whenCurrentPositionIs>
          <changeFrameCollectionIndexTo>0</changeFrameCollectionIndexTo>
          <newMoveAnimation>
            <iniTop>517</iniTop>
            <maxTop>727</maxTop>
            <pixelsMoveTop>2</pixelsMoveTop>
          </newMoveAnimation>
        </event>
        <event>
          <eventType>MoveAnimationMaxBottomReached</eventType>
          <eventActions>
            <eventAction>UpdateMoveAnimation</eventAction>
            <eventAction>ChangeFrameCollection</eventAction>
          </eventActions>
          <whenCurrentPositionIs>526;727</whenCurrentPositionIs>
          <changeFrameCollectionIndexTo>2</changeFrameCollectionIndexTo>
          <newMoveAnimation>
            <iniLeft>526</iniLeft>
            <maxLeft>736</maxLeft>
            <pixelsMoveLeft>2</pixelsMoveLeft>
          </newMoveAnimation>
        </event>
        <event>
          <eventType>MoveAnimationMaxRightReached</eventType>
          <eventActions>
            <eventAction>UpdateMoveAnimation</eventAction>
            <eventAction>ChangeFrameCollection</eventAction>
          </eventActions>
          <whenCurrentPositionIs>736;727</whenCurrentPositionIs>
          <changeFrameCollectionIndexTo>1</changeFrameCollectionIndexTo>
          <newMoveAnimation>
            <iniTop>307</iniTop>
            <maxTop>727</maxTop>
            <pixelsMoveTop>-2</pixelsMoveTop>
          </newMoveAnimation>
        </event>
        <event>
          <eventType>MoveAnimationMaxTopReached</eventType>
          <eventActions>
            <eventAction>UpdateMoveAnimation</eventAction>
            <eventAction>ChangeFrameCollection</eventAction>
            <eventAction>FlipImage</eventAction>
          </eventActions>
          <whenCurrentPositionIs>736;307</whenCurrentPositionIs>
          <changeFrameCollectionIndexTo>2</changeFrameCollectionIndexTo>
          <newMoveAnimation>
            <iniLeft>302</iniLeft>
            <maxLeft>736</maxLeft>
            <pixelsMoveLeft>-2</pixelsMoveLeft>
          </newMoveAnimation>
        </event>
        <event>
          <eventType>MoveAnimationMaxLeftReached</eventType>
          <eventActions>
            <eventAction>UpdateMoveAnimation</eventAction>
            <eventAction>ChangeFrameCollection</eventAction>
            <eventAction>FlipImage</eventAction>
          </eventActions>
          <whenCurrentPositionIs>302;307</whenCurrentPositionIs>
          <changeFrameCollectionIndexTo>0</changeFrameCollectionIndexTo>
          <newMoveAnimation>
            <iniTop>307</iniTop>
            <maxTop>517</maxTop>
            <pixelsMoveTop>2</pixelsMoveTop>
          </newMoveAnimation>
        </event>
      </events>
      <left>302</left>
      <top>308</top>
      <speed>2</speed>
    </image>
    <image>
      <frames>
        <frame>
          <fileName from="mapzFTeller">chicken1.png</fileName>
        </frame>
        <frame>
          <fileName from="mapzFTeller">chicken2.png</fileName>
        </frame>
      </frames>
      <moveAnimation>
        <iniTop>809</iniTop>
        <iniLeft>308</iniLeft>
        <maxTop>861</maxTop>
        <maxLeft>392</maxLeft>
        <pixelsMoveTop>2</pixelsMoveTop>
        <pixelsMoveLeft>2</pixelsMoveLeft>
      </moveAnimation>
      <imageTimer>
        <timerDelay>1000</timerDelay>
      </imageTimer>
      <events>
        <event>
          <eventType>MoveAnimationMaxLeftReached</eventType>
          <eventActions>
            <eventAction>FlipImage</eventAction>
          </eventActions>
        </event>
        <event>
          <eventType>MoveAnimationMaxRightReached</eventType>
          <eventActions>
            <eventAction>FlipImage</eventAction>
          </eventActions>
        </event>
        <event>
          <eventType>Timer</eventType>
          <eventActions>
            <eventAction>ChangeTimerDelay</eventAction>
            <eventAction>StopAnimationAndMove</eventAction>
            <eventAction>ChangeCustomCondition</eventAction>
          </eventActions>
          <whenCustomConditionIs>running</whenCustomConditionIs>
          <newTimerDelay>2000</newTimerDelay>
          <newCustomCondition>stoppped</newCustomCondition>
        </event>
        <event>
          <eventType>Timer</eventType>
          <eventActions>
            <eventAction>ChangeTimerDelay</eventAction>
            <eventAction>ResumeAnimationAndMove</eventAction>
            <eventAction>ChangeCustomCondition</eventAction>
          </eventActions>
          <whenCustomConditionIs>stoppped</whenCustomConditionIs>
          <newTimerDelay>1000</newTimerDelay>
          <newCustomCondition>running</newCustomCondition>
        </event>
        <defaultCustomCondition>running</defaultCustomCondition>
      </events>
      <left>364</left>
      <top>821</top>
      <speed>2</speed>
    </image>
    <image>
      <frames>
        <reUseTagFramesFromPreviousImage>true</reUseTagFramesFromPreviousImage>
      </frames>
      <moveAnimation>
        <iniTop>809</iniTop>
        <iniLeft>308</iniLeft>
        <maxTop>861</maxTop>
        <maxLeft>392</maxLeft>
        <pixelsMoveTop>2</pixelsMoveTop>
        <pixelsMoveLeft>2</pixelsMoveLeft>
      </moveAnimation>
      <imageTimer>
        <timerDelay>1500</timerDelay>
      </imageTimer>
      <events>
        <event>
          <eventType>MoveAnimationMaxLeftReached</eventType>
          <eventActions>
            <eventAction>FlipImage</eventAction>
          </eventActions>
        </event>
        <event>
          <eventType>MoveAnimationMaxRightReached</eventType>
          <eventActions>
            <eventAction>FlipImage</eventAction>
          </eventActions>
        </event>
        <event>
          <eventType>Timer</eventType>
          <eventActions>
            <eventAction>ChangeTimerDelay</eventAction>
            <eventAction>StopAnimationAndMove</eventAction>
            <eventAction>ChangeCustomCondition</eventAction>
          </eventActions>
          <whenCustomConditionIs>running</whenCustomConditionIs>
          <newTimerDelay>2000</newTimerDelay>
          <newCustomCondition>stoppped</newCustomCondition>
        </event>
        <event>
          <eventType>Timer</eventType>
          <eventActions>
            <eventAction>ChangeTimerDelay</eventAction>
            <eventAction>ResumeAnimationAndMove</eventAction>
            <eventAction>ChangeCustomCondition</eventAction>
          </eventActions>
          <whenCustomConditionIs>stoppped</whenCustomConditionIs>
          <newTimerDelay>1000</newTimerDelay>
          <newCustomCondition>running</newCustomCondition>
        </event>
        <defaultCustomCondition>running</defaultCustomCondition>
      </events>
      <left>310</left>
      <top>811</top>
      <speed>2</speed>
    </image>
  </images>
</doc>
