<?xml version="1.0"?>
<doc>
  <basic type="animations">
    <screenCanvasResolution>
      <width>256</width>
      <height>224</height>
    </screenCanvasResolution>
    <canvasResolution>
      <maxWidth>256</maxWidth>
      <maxHeight>224</maxHeight>
    </canvasResolution>
    <bgColor>#ff181820</bgColor>
  </basic>
  <images>
    <image>
      <fileName>ff6citya.png</fileName>
      <!--<moveAnimation>
        <maxLeft>0</maxLeft>
        <maxTop>84</maxTop>
        <iniLeft>0</iniLeft>
        <iniTop>0</iniTop>
        <pixelsMoveLeft>0</pixelsMoveLeft>
        <pixelsMoveTop>-1</pixelsMoveTop>
        <moveAnimationSpeed>9</moveAnimationSpeed>
      </moveAnimation>
      <events>
        <event>
          <eventType>MoveAnimationMaxTopReached</eventType>
          <eventActions>
            <eventAction>StopMove</eventAction>
          </eventActions>
          <disableEventsAfterTriggered>true</disableEventsAfterTriggered>
        </event>
      </events>-->
      <left>0</left>
      <top>0</top>
      <speed>1</speed>
    </image>
    <image>
      <frames>
        <frame>
          <fileName>ff6cityb.png</fileName>
        </frame>
        <frame>
          <name></name>
        </frame>
      </frames>
      <!--<moveAnimation>
        <maxLeft>0</maxLeft>
        <maxTop>131</maxTop>
        <iniLeft>0</iniLeft>
        <iniTop>47</iniTop>
        <pixelsMoveLeft>0</pixelsMoveLeft>
        <pixelsMoveTop>-1</pixelsMoveTop>
        <moveAnimationSpeed>9</moveAnimationSpeed>
      </moveAnimation>
      <events>
        <event>
          <eventType>MoveAnimationMaxTopReached</eventType>
          <eventActions>
            <eventAction>StopMove</eventAction>
          </eventActions>
          <disableEventsAfterTriggered>true</disableEventsAfterTriggered>
        </event>
      </events>-->
      <left>68</left>
      <top>47</top>
      <speed>1</speed>
    </image>
    <image>
      <canvasName>mysubcanvas</canvasName>
      <left>0</left>
      <top>28</top>
      <width>256</width>
      <height>600</height>
    </image>
    <image>
      <fileName>gr.png</fileName>
      <left>0</left>
      <top>89</top>
      <alpha>230</alpha>
    </image>
    <image>
      <frames>
        <frame>
          <fileName>robot1.png</fileName>
        </frame>
        <frame>
          <fileName>robot2.png</fileName>
        </frame>
        <frame>
          <fileName>robot3.png</fileName>
        </frame>
        <frame>
          <fileName>robot4.png</fileName>
        </frame>
        <frame>
          <fileName>robot5.png</fileName>
        </frame>
        <frame>
          <fileName>robot6.png</fileName>
        </frame>
        <frame>
          <fileName>robot7.png</fileName>
        </frame>
        <frame>
          <fileName>robot8.png</fileName>
        </frame>
        <frame>
          <fileName>robot9.png</fileName>
        </frame>
        <frame>
          <fileName>robot10.png</fileName>
        </frame>
        <frame>
          <fileName>robot11.png</fileName>
        </frame>
      </frames>
      <speed>3</speed>
      <left>81</left>
      <top>115</top>
    </image>
    <image>
      <frames>
        <reUseTagFramesFromPreviousImage>true</reUseTagFramesFromPreviousImage>
        <currentFrame>6</currentFrame>
      </frames>
      <speed>3</speed>
      <left>129</left>
      <top>133</top>
    </image>
    <image>
      <frames>
        <reUseTagFramesFromPreviousImage>true</reUseTagFramesFromPreviousImage>
        <currentFrame>10</currentFrame>
      </frames>
      <speed>3</speed>
      <left>112</left>
      <top>170</top>
    </image>
    <image>
      <fileName>snow1.png</fileName>
      <pathEndLessAnimation>
        <maxLeft>100</maxLeft>
        <maxTop>480</maxTop>
        <iniLeft>-200</iniLeft>
        <iniTop>-100</iniTop>
        <numberOfLayers>3</numberOfLayers>
        <distanceBetweenLayers>134</distanceBetweenLayers>
        <numberOfImagesPerLayer>5</numberOfImagesPerLayer>
        <pixelsMove>6</pixelsMove>
      </pathEndLessAnimation>
      <left>0</left>
      <top>107</top>
      <speed>2</speed>
    </image>
    <image>
      <fileName>snow2.png</fileName>
      <pathEndLessAnimation>
        <maxLeft>50</maxLeft>
        <maxTop>480</maxTop>
        <iniLeft>-250</iniLeft>
        <iniTop>-100</iniTop>
        <numberOfLayers>5</numberOfLayers>
        <distanceBetweenLayers>100</distanceBetweenLayers>
        <numberOfImagesPerLayer>5</numberOfImagesPerLayer>
        <pixelsMove>12</pixelsMove>
      </pathEndLessAnimation>
      <left>0</left>
      <top>107</top>
      <speed>2</speed>
    </image>
  </images>
</doc>
