<?xml version="1.0"?>
<doc>
  <basic type="animations">
    <screenCanvasResolution>
      <width>946</width>
      <height>495</height>
    </screenCanvasResolution>
    <canvasResolution>
      <maxWidth>946</maxWidth>
      <maxHeight>495</maxHeight>
    </canvasResolution>
    <bgColor>#ff000000</bgColor>
  </basic>
  <images>
    <image>
      <!--<frames>
        <convertGifAniToFrames from="loading">loading.gif</convertGifAniToFrames>
      </frames>-->
      <frames>
        <convertImageSequenceInFrames from="loading">
          <filePreName>l</filePreName>
          <startNumber>1</startNumber>
          <endNumber>8</endNumber>
          <!--<formatNumber>##</formatNumber>-->
          <fileNameExtension>png</fileNameExtension>
        </convertImageSequenceInFrames>
      </frames>
      <left>407</left>
      <top>237</top>
    </image>
  </images>
</doc>
