<?xml version="1.0"?>
<doc>
  <basic type="animations">
    <screenCanvasResolution>
      <width>1371</width>
      <height>498</height>
    </screenCanvasResolution>
    <canvasResolution>
      <maxWidth>1371</maxWidth>
      <maxHeight>498</maxHeight>
    </canvasResolution>
    <bgColor>#00000000</bgColor>
  </basic>
  <images>
    <image>
      <frames>
        <frame>
          <fileName>f1a.png</fileName>
        </frame>
        <frame>
          <fileName>f1b.png</fileName>
        </frame>
        <frame>
          <fileName></fileName>
        </frame>
      </frames>
      <left>12</left>
      <top>310</top>
      <speed>5</speed>
    </image>
    <image>
      <frames>
        <frame>
          <fileName>f2a.png</fileName>
        </frame>
        <frame>
          <fileName>f2b.png</fileName>
        </frame>
        <frame>
          <fileName></fileName>
        </frame>
      </frames>
      <coordinates>
        1036;54,1228;54
      </coordinates>
      <speed>5</speed>
    </image>
    <image>
      <frames>
        <frame>
          <fileName>f4a.png</fileName>
        </frame>
        <frame>
          <fileName>f4b.png</fileName>
        </frame>
        <frame>
          <fileName></fileName>
        </frame>
      </frames>
      <left>1100</left>
      <top>150</top>
      <speed>5</speed>
    </image>
    <image>
      <frames>
        <frame>
          <fileName>f3a.png</fileName>
        </frame>
        <frame>
          <fileName>f3b.png</fileName>
        </frame>
        <frame>
          <fileName></fileName>
        </frame>
      </frames>
      <left>1276</left>
      <top>118</top>
      <speed>5</speed>
    </image>
    <image>
      <frames>
        <frame>
          <fileName>f5a.png</fileName>
        </frame>
        <frame>
          <fileName>f5b.png</fileName>
        </frame>
        <frame>
          <fileName></fileName>
        </frame>
      </frames>
      <left>1228</left>
      <top>310</top>
      <speed>5</speed>
    </image>
    <image>
      <frames>
        <frame>
          <fileName from="mapzdarkfb">f1a.png</fileName>
        </frame>
        <frame>
          <fileName from="mapzdarkfb">f1b.png</fileName>
        </frame>
        <frame>
          <fileName></fileName>
        </frame>
      </frames>
      <coordinates>
        844;278,1004;182
      </coordinates>
      <speed>5</speed>
    </image>
    <image>
      <frames>
        <frame>
          <fileName from="mapzGraveyardDark">flower2.png</fileName>
        </frame>
        <frame>
          <fileName from="mapzGraveyardDark">flower3.png</fileName>
        </frame>
        <frame>
          <fileName from="mapzGraveyardDark">flower1.png</fileName>
        </frame>
      </frames>
      <coordinates>
        92;134,124;326,188;166,252;102,540;230,636;102,732;6,860;262,1052;198,1060;206,1116;294,1148;486
      </coordinates>
      <speed>5</speed>
    </image>
    <image>
      <frames>
        <frame>
          <fileName>frog1.png</fileName>
        </frame>
        <frame>
          <fileName>frog2.png</fileName>
        </frame>
        <frame>
          <fileName>frog3.png</fileName>
        </frame>
        <frame>
          <fileName>frog4.png</fileName>
        </frame>
        <returnBackwardToFirstFrame>true</returnBackwardToFirstFrame>
      </frames>
      <left>492</left>
      <top>67</top>
    </image>
  </images>
</doc>
