<?xml version="1.0"?>
<doc>
  <basic type="animations">
    <screenCanvasResolution>
      <width>880</width>
      <height>894</height>
    </screenCanvasResolution>
    <canvasResolution>
      <maxWidth>880</maxWidth>
      <maxHeight>894</maxHeight>
    </canvasResolution>
    <bgColor>#00000000</bgColor>
  </basic>
  <images>
    <image>
      <frames>
        <frame>
          <fileName>map1.png</fileName>
        </frame>
        <frame>
          <fileName>map2.png</fileName>
        </frame>
        <frame>
          <fileName></fileName>
        </frame>
      </frames>
      <left>0</left>
      <top>0</top>
      <speed>5</speed>
    </image>
    <image>
      <frames>
        <frame>
          <fileName from="mapzGraveyardDark">flower2.png</fileName>
        </frame>
        <frame>
          <fileName from="mapzGraveyardDark">flower3.png</fileName>
        </frame>
        <frame>
          <fileName from="mapzGraveyardDark">flower1.png</fileName>
        </frame>
      </frames>
      <left>47</left>
      <top>881</top>
      <speed>5</speed>
    </image>
    <image>
      <frames>
        <convertImageSequenceInFrames>
          <filePreName>ene-</filePreName>
          <startNumber>1</startNumber>
          <endNumber>29</endNumber>
          <formatNumber>#</formatNumber>
          <fileNameExtension>png</fileNameExtension>
        </convertImageSequenceInFrames>
        <!--<framesAnimationStop>true</framesAnimationStop>-->
      </frames>
      <events>
        <event>
          <eventType>TriggerActionByCurrentFrame</eventType>
          <eventActions>
            <eventAction>ChangeSpeedAnimation</eventAction>
          </eventActions>
          <newSpeedAnimation>50</newSpeedAnimation>
          <whenCurrentFrameIndexIs>27</whenCurrentFrameIndexIs>
        </event>
        <event>
          <eventType>TriggerActionByCurrentFrame</eventType>
          <eventActions>
            <eventAction>ChangeSpeedAnimation</eventAction>
          </eventActions>
          <newSpeedAnimation>2</newSpeedAnimation>
          <whenCurrentFrameIndexIs>0</whenCurrentFrameIndexIs>
        </event>
      </events>
      <left>298</left>
      <top>352</top>
      <speed>2</speed>
    </image>
    <image>
      <frames>
        <reUseTagFramesFromPreviousImage>true</reUseTagFramesFromPreviousImage>
      </frames>
      <events>
        <event>
          <eventType>TriggerActionByCurrentFrame</eventType>
          <eventActions>
            <eventAction>ChangeSpeedAnimation</eventAction>
          </eventActions>
          <newSpeedAnimation>60</newSpeedAnimation>
          <whenCurrentFrameIndexIs>27</whenCurrentFrameIndexIs>
        </event>
        <event>
          <eventType>TriggerActionByCurrentFrame</eventType>
          <eventActions>
            <eventAction>ChangeSpeedAnimation</eventAction>
          </eventActions>
          <newSpeedAnimation>2</newSpeedAnimation>
          <whenCurrentFrameIndexIs>0</whenCurrentFrameIndexIs>
        </event>
      </events>
      <left>118</left>
      <top>506</top>
      <speed>2</speed>
      <flipImage>Horizontal</flipImage>
    </image>
    <image>
      <frames>
        <reUseTagFramesFromPreviousImage>true</reUseTagFramesFromPreviousImage>
      </frames>
      <events>
        <event>
          <eventType>TriggerActionByCurrentFrame</eventType>
          <eventActions>
            <eventAction>ChangeSpeedAnimation</eventAction>
          </eventActions>
          <newSpeedAnimation>40</newSpeedAnimation>
          <whenCurrentFrameIndexIs>27</whenCurrentFrameIndexIs>
        </event>
        <event>
          <eventType>TriggerActionByCurrentFrame</eventType>
          <eventActions>
            <eventAction>ChangeSpeedAnimation</eventAction>
          </eventActions>
          <newSpeedAnimation>2</newSpeedAnimation>
          <whenCurrentFrameIndexIs>0</whenCurrentFrameIndexIs>
        </event>
      </events>
      <left>308</left>
      <top>637</top>
      <speed>2</speed>
      <!--<flipImage>Horizontal</flipImage>-->
    </image>
    <image>
      <frames>
        <reUseTagFramesFromPreviousImage>true</reUseTagFramesFromPreviousImage>
      </frames>
      <events>
        <event>
          <eventType>TriggerActionByCurrentFrame</eventType>
          <eventActions>
            <eventAction>ChangeSpeedAnimation</eventAction>
          </eventActions>
          <newSpeedAnimation>80</newSpeedAnimation>
          <whenCurrentFrameIndexIs>27</whenCurrentFrameIndexIs>
        </event>
        <event>
          <eventType>TriggerActionByCurrentFrame</eventType>
          <eventActions>
            <eventAction>ChangeSpeedAnimation</eventAction>
          </eventActions>
          <newSpeedAnimation>2</newSpeedAnimation>
          <whenCurrentFrameIndexIs>0</whenCurrentFrameIndexIs>
        </event>
      </events>
      <left>561</left>
      <top>493</top>
      <speed>2</speed>
      <flipImage>Horizontal</flipImage>
    </image>
    <image>
      <frames>
        <frame>
          <fileName from="mapzDarkMountainc">dsora1.png</fileName>
        </frame>
        <frame>
          <fileName from="mapzDarkMountainc">dsora2.png</fileName>
        </frame>
        <frame>
          <fileName from="mapzDarkMountainc">dsora3.png</fileName>
        </frame>
        <frame>
          <fileName from="mapzDarkMountainc">dsora2.png</fileName>
        </frame>
        <frame>
          <fileName from="mapzDarkMountainc">dsora3.png</fileName>
        </frame>
        <frame>
          <fileName from="mapzDarkMountainc">dsora2.png</fileName>
        </frame>
        <frame>
          <fileName from="mapzDarkMountainc">dsora3.png</fileName>
        </frame>
        <frame>
          <fileName from="mapzDarkMountainc">dsora4.png</fileName>
        </frame>
        <frame>
          <fileName from="mapzDarkMountainc">dsora5.png</fileName>
        </frame>
        <frame>
          <fileName from="mapzDarkMountainc">dsora6.png</fileName>
          <delay>20</delay>
        </frame>
        <frame>
          <fileName from="mapzDarkMountainc">dsora7.png</fileName>
          <delay>6</delay>
        </frame>
        <frame>
          <fileName from="mapzDarkMountainc">dsora8.png</fileName>
        </frame>
        <frame>
          <fileName from="mapzDarkMountainc">dsora7.png</fileName>
        </frame>
        <frame>
          <fileName from="mapzDarkMountainc">dsora6.png</fileName>
          <delay>14</delay>
        </frame>
        <frame>
          <fileName from="mapzDarkMountainc">dsora9.png</fileName>
          <delay>3</delay>
        </frame>
        <frame>
          <fileName from="mapzDarkMountainc">dsora10.png</fileName>
        </frame>
        <frame>
          <fileName from="mapzDarkMountainc">dsora11.png</fileName>
        </frame>
        <frame>
          <fileName from="mapzDarkMountainc">dsora12.png</fileName>
        </frame>
        <frame>
          <fileName from="mapzDarkMountainc">dsora0.png</fileName>
        </frame>
      </frames>
      <events>
        <event>
          <eventType>TriggerActionByCurrentFrame</eventType>
          <eventActions>
            <eventAction>EditAnimationByID</eventAction>
          </eventActions>
          <whenCurrentFrameIndexIs>12</whenCurrentFrameIndexIs>
          <editAnimationByIDOptions>
            <option>
              <imageID>Ball3</imageID>
              <editActions>
                <editAction>ResumeMove</editAction>
                <editAction>ChangeVisibleValue</editAction>
              </editActions>
              <newVisibleValue>true</newVisibleValue>
            </option>
          </editAnimationByIDOptions>
        </event>
        <event>
          <eventType>TriggerActionByCurrentFrame</eventType>
          <eventActions>
            <eventAction>StopAnimation</eventAction>
          </eventActions>
          <whenCurrentFrameIndexIs>18</whenCurrentFrameIndexIs>
        </event>
      </events>
      <left>208</left>
      <top>422</top>
      <speed>3</speed>
      <id>Zora3</id>
    </image>
    <image>
      <frames>
        <reUseTagFramesFromPreviousImage>true</reUseTagFramesFromPreviousImage>
        <currentFrame>18</currentFrame>
      </frames>
      <events>
        <event>
          <eventType>TriggerActionByCurrentFrame</eventType>
          <eventActions>
            <eventAction>EditAnimationByID</eventAction>
          </eventActions>
          <whenCurrentFrameIndexIs>12</whenCurrentFrameIndexIs>
          <editAnimationByIDOptions>
            <option>
              <imageID>Ball2</imageID>
              <editActions>
                <editAction>ResumeMove</editAction>
                <editAction>ChangeVisibleValue</editAction>
              </editActions>
              <newVisibleValue>true</newVisibleValue>
            </option>
          </editAnimationByIDOptions>
        </event>
        <event>
          <eventType>TriggerActionByCurrentFrame</eventType>
          <eventActions>
            <eventAction>StopAnimation</eventAction>
          </eventActions>
          <whenCurrentFrameIndexIs>18</whenCurrentFrameIndexIs>
        </event>
      </events>
      <left>514</left>
      <top>587</top>
      <speed>3</speed>
      <id>Zora2</id>
    </image>
    <image>
      <frames>
        <reUseTagFramesFromPreviousImage>true</reUseTagFramesFromPreviousImage>
      </frames>
      <events>
        <event>
          <eventType>TriggerActionByCurrentFrame</eventType>
          <eventActions>
            <eventAction>EditAnimationByID</eventAction>
          </eventActions>
          <whenCurrentFrameIndexIs>12</whenCurrentFrameIndexIs>
          <editAnimationByIDOptions>
            <option>
              <imageID>Ball</imageID>
              <editActions>
                <editAction>ResumeMove</editAction>
                <editAction>ChangeVisibleValue</editAction>
              </editActions>
              <newVisibleValue>true</newVisibleValue>
            </option>
          </editAnimationByIDOptions>
        </event>
        <event>
          <eventType>TriggerActionByCurrentFrame</eventType>
          <eventActions>
            <eventAction>StopAnimation</eventAction>
          </eventActions>
          <whenCurrentFrameIndexIs>18</whenCurrentFrameIndexIs>
        </event>
      </events>
      <left>654</left>
      <top>376</top>
      <speed>3</speed>
      <id>Zora</id>
    </image>
    <image>
      <frames>
        <frame>
          <fileName from="mapzDarkMountainc">ballsora1.png</fileName>
        </frame>
        <frame>
          <fileName from="mapzDarkMountainc">ballsora2.png</fileName>
        </frame>
        <frame>
          <fileName from="mapzDarkMountainc">ballsora3.png</fileName>
        </frame>
      </frames>
      <moveAnimation>
        <iniTop>0</iniTop>
        <maxTop>894</maxTop>
        <iniLeft>0</iniLeft>
        <maxLeft>880</maxLeft>
        <pixelsMoveTop>4</pixelsMoveTop>
        <pixelsMoveLeft>4</pixelsMoveLeft>
        <moveAnimationStop>true</moveAnimationStop>
        <returnToTheBeginning>true</returnToTheBeginning>
      </moveAnimation>
      <events>
        <event>
          <eventType>MoveAnimationMaxBottomReached</eventType>
          <eventActions>
            <eventAction>EditAnimationByID</eventAction>
            <eventAction>ChangeVisibleValue</eventAction>
            <eventAction>StopMove</eventAction>
          </eventActions>
          <newVisibleValue>false</newVisibleValue>
          <editAnimationByIDOptions>
            <option>
              <imageID>Zora3</imageID>
              <editActions>
                <editAction>ResumeAnimation</editAction>
              </editActions>
            </option>
          </editAnimationByIDOptions>
        </event>
      </events>
      <visible>false</visible>
      <left>222</left>
      <top>440</top>
      <speed>1</speed>
      <id>Ball3</id>
      <flipImage>Horizontal</flipImage>
    </image>
    <image>
      <frames>
        <reUseTagFramesFromPreviousImage>true</reUseTagFramesFromPreviousImage>
      </frames>
      <moveAnimation>
        <iniTop>0</iniTop>
        <maxTop>894</maxTop>
        <iniLeft>0</iniLeft>
        <maxLeft>880</maxLeft>
        <pixelsMoveTop>4</pixelsMoveTop>
        <pixelsMoveLeft>-4</pixelsMoveLeft>
        <!--<moveAnimationStop>true</moveAnimationStop>-->
        <returnToTheBeginning>true</returnToTheBeginning>
      </moveAnimation>
      <events>
        <event>
          <eventType>MoveAnimationMaxBottomReached</eventType>
          <eventActions>
            <eventAction>EditAnimationByID</eventAction>
            <eventAction>ChangeVisibleValue</eventAction>
            <eventAction>StopMove</eventAction>
          </eventActions>
          <newVisibleValue>false</newVisibleValue>
          <editAnimationByIDOptions>
            <option>
              <imageID>Zora2</imageID>
              <editActions>
                <editAction>ResumeAnimation</editAction>
              </editActions>
            </option>
          </editAnimationByIDOptions>
        </event>
      </events>
      <!--<visible>false</visible>-->
      <left>509</left>
      <top>604</top>
      <speed>1</speed>
      <id>Ball2</id>
    </image>
    <image>
      <frames>
        <reUseTagFramesFromPreviousImage>true</reUseTagFramesFromPreviousImage>
      </frames>
      <moveAnimation>
        <iniTop>0</iniTop>
        <maxTop>894</maxTop>
        <iniLeft>0</iniLeft>
        <maxLeft>880</maxLeft>
        <pixelsMoveTop>-4</pixelsMoveTop>
        <pixelsMoveLeft>-4</pixelsMoveLeft>
        <moveAnimationStop>true</moveAnimationStop>
        <returnToTheBeginning>true</returnToTheBeginning>
      </moveAnimation>
      <events>
        <event>
          <eventType>MoveAnimationMaxTopReached</eventType>
          <eventActions>
            <eventAction>EditAnimationByID</eventAction>
            <eventAction>ChangeVisibleValue</eventAction>
            <eventAction>StopMove</eventAction>
          </eventActions>
          <newVisibleValue>false</newVisibleValue>
          <editAnimationByIDOptions>
            <option>
              <imageID>Zora</imageID>
              <editActions>
                <editAction>ResumeAnimation</editAction>
              </editActions>
            </option>
          </editAnimationByIDOptions>
        </event>
      </events>
      <visible>false</visible>
      <left>649</left>
      <top>377</top>
      <speed>1</speed>
      <id>Ball</id>
      <flipImage>Vertical</flipImage>
    </image>
    <image>
      <frames>
        <frameCollection>
          <frame>
            <fileName from="mapzdarkfb">dcrow1.png</fileName>
          </frame>
          <frame>
            <fileName from="mapzdarkfb">dcrow2.png</fileName>
          </frame>
          <frame>
            <fileName from="mapzdarkfb">dcrow3.png</fileName>
          </frame>
          <frame>
            <fileName from="mapzdarkfb">dcrow4.png</fileName>
          </frame>
          <frame>
            <fileName from="mapzdarkfb">dcrow5.png</fileName>
          </frame>
          <frame>
            <fileName from="mapzdarkfb">dcrow6.png</fileName>
          </frame>
        </frameCollection>
        <frameCollection>
          <frame>
            <fileName from="mapzdarkfb">dcrow7.png</fileName>
          </frame>
          <frame>
            <fileName from="mapzdarkfb">dcrow6.png</fileName>
          </frame>
        </frameCollection>
        <framesAnimationStop>true</framesAnimationStop>
      </frames>
      <moveAnimation>
        <iniLeft>0</iniLeft>
        <iniTop>0</iniTop>
        <maxLeft>880</maxLeft>
        <maxTop>894</maxTop>
        <pixelsMoveTop>2</pixelsMoveTop>
        <pixelsMoveLeft>-2</pixelsMoveLeft>
        <returnToTheBeginning>true</returnToTheBeginning>
        <moveAnimationStop>true</moveAnimationStop>
      </moveAnimation>
      <imageTimer>
        <timerDelay>4000</timerDelay>
      </imageTimer>
      <events>
        <event>
          <eventType>FrameAnimationLoopEnds</eventType>
          <eventActions>
            <eventAction>ChangeFrameCollection</eventAction>
            <eventAction>ResumeMove</eventAction>
            <eventAction>ChangeSpeedAnimation</eventAction>
          </eventActions>
          <changeFrameCollectionIndexTo>1</changeFrameCollectionIndexTo>
          <newSpeedAnimation>1</newSpeedAnimation>
          <whenFrameCollectionIndexIs>0</whenFrameCollectionIndexIs>
        </event>
        <event>
          <eventType>MoveAnimationMaxLeftReached</eventType>
          <eventActions>
            <eventAction>ChangeFrameCollection</eventAction>
            <eventAction>StopAnimationAndMove</eventAction>
            <eventAction>ChangeSpeedAnimation</eventAction>
          </eventActions>
          <changeFrameCollectionIndexTo>0</changeFrameCollectionIndexTo>
          <newSpeedAnimation>2</newSpeedAnimation>
        </event>
        <event>
          <eventType>Timer</eventType>
          <eventActions>
            <eventAction>ResumeAnimation</eventAction>
          </eventActions>
        </event>
      </events>
      <speed>2</speed>
      <left>462</left>
      <top>314</top>
      <id>crow1</id>
    </image>
  </images>
</doc>
