<?xml version="1.0"?>
<doc>
  <basic type="animations">
    <screenCanvasResolution>
      <width>1024</width>
      <height>1025</height>
    </screenCanvasResolution>
    <canvasResolution>
      <maxWidth>1024</maxWidth>
      <maxHeight>1025</maxHeight>
    </canvasResolution>
    <bgColor>#00000000</bgColor>
  </basic>
  <images>
    <image>
      <frames>
        <frame>
          <fileName from="mapzGraveyardDark">flower2.png</fileName>
        </frame>
        <frame>
          <fileName from="mapzGraveyardDark">flower3.png</fileName>
        </frame>
        <frame>
          <fileName from="mapzGraveyardDark">flower1.png</fileName>
        </frame>
      </frames>
      <coordinates>
        145;976,241;944,721;912,785;720
      </coordinates>
      <speed>5</speed>
    </image>
    <image>
      <frames>
        <frameCollection>
          <frame>
            <fileName from="mapzdarkf">enea4.png</fileName>
            <delay>1</delay>
          </frame>
          <frame>
            <fileName from="mapzdarkf">enea5.png</fileName>
          </frame>
          <frame>
            <fileName from="mapzdarkf">enea6.png</fileName>
          </frame>
          <frame>
            <fileName from="mapzdarkf">enea7.png</fileName>
          </frame>
        </frameCollection>
        <frameCollection>
          <frame>
            <fileName from="mapzdarkf">enea4.png</fileName>
            <delay>3</delay>
          </frame>
          <frame>
            <fileName from="mapzdarkf">enea2.png</fileName>
          </frame>
          <frame>
            <fileName from="mapzdarkf">enea3.png</fileName>
          </frame>
          <repeatThisLoopForTimes>4</repeatThisLoopForTimes>
        </frameCollection>
        <framesAnimationSpeed>4</framesAnimationSpeed>
        <returnBackwardToFirstFrame>true</returnBackwardToFirstFrame>
      </frames>
      <moveAnimation>
        <!--<iniLeft>69</iniLeft>-->
        <iniTop>84</iniTop>
        <!--<maxLeft>155</maxLeft>-->
        <maxTop>264</maxTop>
        <pixelsMoveTop>4</pixelsMoveTop>
        <!--<pixelsMoveLeft>4</pixelsMoveLeft>-->
      </moveAnimation>
      <events>
        <event>
          <eventType>FrameAnimationReturnBackwardToFirstFrameEnds</eventType>
          <eventType>MoveAnimationMaxTopReached</eventType>
          <eventType>MoveAnimationMaxBottomReached</eventType>
          <!--<eventType>MoveAnimationMaxLeftReached</eventType>
          <eventType>MoveAnimationMaxRightReached</eventType>-->
          <eventActions>
            <eventAction>StopMove</eventAction>
            <eventAction>ChangeFrameCollection</eventAction>
          </eventActions>
          <whenFrameCollectionIndexIs>0</whenFrameCollectionIndexIs>
          <changeFrameCollectionIndexTo>1</changeFrameCollectionIndexTo>
        </event>
        <event>
          <eventType>FrameAnimationRepeatLoopEnds</eventType>
          <eventActions>
            <eventAction>ResumeMove</eventAction>
            <eventAction>ChangeFrameCollection</eventAction>
          </eventActions>
          <whenFrameCollectionIndexIs>1</whenFrameCollectionIndexIs>
          <changeFrameCollectionIndexTo>0</changeFrameCollectionIndexTo>
        </event>
      </events>
      <left>64</left>
      <top>150</top>
    </image>
    <image>
      <frames>
        <reUseTagFramesFromPreviousImage>true</reUseTagFramesFromPreviousImage>
        <framesAnimationSpeed>4</framesAnimationSpeed>
        <returnBackwardToFirstFrame>true</returnBackwardToFirstFrame>
        <!--<defaultFrameCollection>1</defaultFrameCollection>-->
      </frames>
      <moveAnimation>
        <iniLeft>88</iniLeft>
        <!--<iniTop>84</iniTop>-->
        <maxLeft>246</maxLeft>
        <!--<maxTop>264</maxTop>-->
        <!--<pixelsMoveTop>4</pixelsMoveTop>-->
        <pixelsMoveLeft>4</pixelsMoveLeft>
      </moveAnimation>
      <events>
        <event>
          <eventType>FrameAnimationReturnBackwardToFirstFrameEnds</eventType>
          <!--<eventType>MoveAnimationMaxTopReached</eventType>-->
          <!--<eventType>MoveAnimationMaxBottomReached</eventType>-->
          <eventType>MoveAnimationMaxLeftReached</eventType>
          <eventType>MoveAnimationMaxRightReached</eventType>
          <eventActions>
            <eventAction>StopMove</eventAction>
            <eventAction>ChangeFrameCollection</eventAction>
          </eventActions>
          <whenFrameCollectionIndexIs>0</whenFrameCollectionIndexIs>
          <changeFrameCollectionIndexTo>1</changeFrameCollectionIndexTo>
        </event>
        <event>
          <eventType>FrameAnimationRepeatLoopEnds</eventType>
          <eventActions>
            <eventAction>ResumeMove</eventAction>
            <eventAction>ChangeFrameCollection</eventAction>
          </eventActions>
          <whenFrameCollectionIndexIs>1</whenFrameCollectionIndexIs>
          <changeFrameCollectionIndexTo>0</changeFrameCollectionIndexTo>
        </event>
      </events>
      <left>246</left>
      <top>44</top>
    </image>
    <image>
      <frames>
        <reUseTagFramesFromPreviousImage>true</reUseTagFramesFromPreviousImage>
        <framesAnimationSpeed>4</framesAnimationSpeed>
        <returnBackwardToFirstFrame>true</returnBackwardToFirstFrame>
        <defaultFrameCollection>1</defaultFrameCollection>
      </frames>
      <moveAnimation>
        <iniLeft>130</iniLeft>
        <!--<iniTop>84</iniTop>-->
        <maxLeft>280</maxLeft>
        <!--<maxTop>264</maxTop>-->
        <!--<pixelsMoveTop>4</pixelsMoveTop>-->
        <pixelsMoveLeft>-4</pixelsMoveLeft>
        <moveAnimationStop>true</moveAnimationStop>
      </moveAnimation>
      <events>
        <event>
          <eventType>FrameAnimationReturnBackwardToFirstFrameEnds</eventType>
          <!--<eventType>MoveAnimationMaxTopReached</eventType>-->
          <!--<eventType>MoveAnimationMaxBottomReached</eventType>-->
          <eventType>MoveAnimationMaxLeftReached</eventType>
          <eventType>MoveAnimationMaxRightReached</eventType>
          <eventActions>
            <eventAction>StopMove</eventAction>
            <eventAction>ChangeFrameCollection</eventAction>
          </eventActions>
          <whenFrameCollectionIndexIs>0</whenFrameCollectionIndexIs>
          <changeFrameCollectionIndexTo>1</changeFrameCollectionIndexTo>
        </event>
        <event>
          <eventType>FrameAnimationRepeatLoopEnds</eventType>
          <eventActions>
            <eventAction>ResumeMove</eventAction>
            <eventAction>ChangeFrameCollection</eventAction>
          </eventActions>
          <whenFrameCollectionIndexIs>1</whenFrameCollectionIndexIs>
          <changeFrameCollectionIndexTo>0</changeFrameCollectionIndexTo>
        </event>
      </events>
      <left>142</left>
      <top>380</top>
    </image>
    <image>
      <frames>
        <reUseTagFramesFromPreviousImage>true</reUseTagFramesFromPreviousImage>
        <framesAnimationSpeed>4</framesAnimationSpeed>
        <returnBackwardToFirstFrame>true</returnBackwardToFirstFrame>
        <!--<defaultFrameCollection>1</defaultFrameCollection>-->
      </frames>
      <moveAnimation>
        <iniLeft>82</iniLeft>
        <iniTop>798</iniTop>
        <maxLeft>218</maxLeft>
        <maxTop>904</maxTop>
        <pixelsMoveTop>2</pixelsMoveTop>
        <pixelsMoveLeft>-4</pixelsMoveLeft>
        <!--<moveAnimationStop>true</moveAnimationStop>-->
      </moveAnimation>
      <events>
        <event>
          <eventType>FrameAnimationReturnBackwardToFirstFrameEnds</eventType>
          <eventType>MoveAnimationMaxTopReached</eventType>
          <eventType>MoveAnimationMaxBottomReached</eventType>
          <eventType>MoveAnimationMaxLeftReached</eventType>
          <eventType>MoveAnimationMaxRightReached</eventType>
          <eventActions>
            <eventAction>StopMove</eventAction>
            <eventAction>ChangeFrameCollection</eventAction>
          </eventActions>
          <whenFrameCollectionIndexIs>0</whenFrameCollectionIndexIs>
          <changeFrameCollectionIndexTo>1</changeFrameCollectionIndexTo>
        </event>
        <event>
          <eventType>FrameAnimationRepeatLoopEnds</eventType>
          <eventActions>
            <eventAction>ResumeMove</eventAction>
            <eventAction>ChangeFrameCollection</eventAction>
          </eventActions>
          <whenFrameCollectionIndexIs>1</whenFrameCollectionIndexIs>
          <changeFrameCollectionIndexTo>0</changeFrameCollectionIndexTo>
        </event>
      </events>
      <left>100</left>
      <top>800</top>
    </image>
    <image>
      <frames>
        <reUseTagFramesFromPreviousImage>true</reUseTagFramesFromPreviousImage>
        <framesAnimationSpeed>4</framesAnimationSpeed>
        <returnBackwardToFirstFrame>true</returnBackwardToFirstFrame>
        <!--<defaultFrameCollection>1</defaultFrameCollection>-->
      </frames>
      <moveAnimation>
        <iniLeft>574</iniLeft>
        <iniTop>120</iniTop>
        <maxLeft>684</maxLeft>
        <maxTop>140</maxTop>
        <pixelsMoveTop>2</pixelsMoveTop>
        <pixelsMoveLeft>-4</pixelsMoveLeft>
        <!--<moveAnimationStop>true</moveAnimationStop>-->
      </moveAnimation>
      <events>
        <event>
          <eventType>FrameAnimationReturnBackwardToFirstFrameEnds</eventType>
          <eventType>MoveAnimationMaxTopReached</eventType>
          <eventType>MoveAnimationMaxBottomReached</eventType>
          <eventType>MoveAnimationMaxLeftReached</eventType>
          <eventType>MoveAnimationMaxRightReached</eventType>
          <eventActions>
            <eventAction>StopMove</eventAction>
            <eventAction>ChangeFrameCollection</eventAction>
          </eventActions>
          <whenFrameCollectionIndexIs>0</whenFrameCollectionIndexIs>
          <changeFrameCollectionIndexTo>1</changeFrameCollectionIndexTo>
        </event>
        <event>
          <eventType>FrameAnimationRepeatLoopEnds</eventType>
          <eventActions>
            <eventAction>ResumeMove</eventAction>
            <eventAction>ChangeFrameCollection</eventAction>
          </eventActions>
          <whenFrameCollectionIndexIs>1</whenFrameCollectionIndexIs>
          <changeFrameCollectionIndexTo>0</changeFrameCollectionIndexTo>
        </event>
      </events>
      <left>600</left>
      <top>136</top>
    </image>
    <image>
      <frames>
        <reUseTagFramesFromPreviousImage>true</reUseTagFramesFromPreviousImage>
        <framesAnimationSpeed>4</framesAnimationSpeed>
        <returnBackwardToFirstFrame>true</returnBackwardToFirstFrame>
        <defaultFrameCollection>1</defaultFrameCollection>
      </frames>
      <moveAnimation>
        <iniLeft>692</iniLeft>
        <!--<iniTop>84</iniTop>-->
        <maxLeft>932</maxLeft>
        <!--<maxTop>264</maxTop>-->
        <!--<pixelsMoveTop>4</pixelsMoveTop>-->
        <pixelsMoveLeft>-4</pixelsMoveLeft>
        <moveAnimationStop>true</moveAnimationStop>
      </moveAnimation>
      <events>
        <event>
          <eventType>FrameAnimationReturnBackwardToFirstFrameEnds</eventType>
          <!--<eventType>MoveAnimationMaxTopReached</eventType>-->
          <!--<eventType>MoveAnimationMaxBottomReached</eventType>-->
          <eventType>MoveAnimationMaxLeftReached</eventType>
          <eventType>MoveAnimationMaxRightReached</eventType>
          <eventActions>
            <eventAction>StopMove</eventAction>
            <eventAction>ChangeFrameCollection</eventAction>
          </eventActions>
          <whenFrameCollectionIndexIs>0</whenFrameCollectionIndexIs>
          <changeFrameCollectionIndexTo>1</changeFrameCollectionIndexTo>
        </event>
        <event>
          <eventType>FrameAnimationRepeatLoopEnds</eventType>
          <eventActions>
            <eventAction>ResumeMove</eventAction>
            <eventAction>ChangeFrameCollection</eventAction>
          </eventActions>
          <whenFrameCollectionIndexIs>1</whenFrameCollectionIndexIs>
          <changeFrameCollectionIndexTo>0</changeFrameCollectionIndexTo>
        </event>
      </events>
      <left>800</left>
      <top>253</top>
    </image>
    <image>
      <frames>
        <reUseTagFramesFromPreviousImage>true</reUseTagFramesFromPreviousImage>
        <framesAnimationSpeed>4</framesAnimationSpeed>
        <returnBackwardToFirstFrame>true</returnBackwardToFirstFrame>
        <!--<defaultFrameCollection>1</defaultFrameCollection>-->
      </frames>
      <moveAnimation>
        <iniLeft>656</iniLeft>
        <iniTop>446</iniTop>
        <maxLeft>686</maxLeft>
        <maxTop>568</maxTop>
        <pixelsMoveTop>4</pixelsMoveTop>
        <pixelsMoveLeft>2</pixelsMoveLeft>
        <!--<moveAnimationStop>true</moveAnimationStop>-->
      </moveAnimation>
      <events>
        <event>
          <eventType>FrameAnimationReturnBackwardToFirstFrameEnds</eventType>
          <eventType>MoveAnimationMaxTopReached</eventType>
          <eventType>MoveAnimationMaxBottomReached</eventType>
          <eventType>MoveAnimationMaxLeftReached</eventType>
          <eventType>MoveAnimationMaxRightReached</eventType>
          <eventActions>
            <eventAction>StopMove</eventAction>
            <eventAction>ChangeFrameCollection</eventAction>
          </eventActions>
          <whenFrameCollectionIndexIs>0</whenFrameCollectionIndexIs>
          <changeFrameCollectionIndexTo>1</changeFrameCollectionIndexTo>
        </event>
        <event>
          <eventType>FrameAnimationRepeatLoopEnds</eventType>
          <eventActions>
            <eventAction>ResumeMove</eventAction>
            <eventAction>ChangeFrameCollection</eventAction>
          </eventActions>
          <whenFrameCollectionIndexIs>1</whenFrameCollectionIndexIs>
          <changeFrameCollectionIndexTo>0</changeFrameCollectionIndexTo>
        </event>
      </events>
      <left>660</left>
      <top>500</top>
    </image>
    <image>
      <frames>
        <reUseTagFramesFromPreviousImage>true</reUseTagFramesFromPreviousImage>
        <framesAnimationSpeed>4</framesAnimationSpeed>
        <returnBackwardToFirstFrame>true</returnBackwardToFirstFrame>
        <!--<defaultFrameCollection>1</defaultFrameCollection>-->
      </frames>
      <moveAnimation>
        <iniLeft>752</iniLeft>
        <iniTop>442</iniTop>
        <maxLeft>960</maxLeft>
        <maxTop>476</maxTop>
        <pixelsMoveTop>2</pixelsMoveTop>
        <pixelsMoveLeft>-4</pixelsMoveLeft>
        <!--<moveAnimationStop>true</moveAnimationStop>-->
      </moveAnimation>
      <events>
        <event>
          <eventType>FrameAnimationReturnBackwardToFirstFrameEnds</eventType>
          <eventType>MoveAnimationMaxTopReached</eventType>
          <eventType>MoveAnimationMaxBottomReached</eventType>
          <eventType>MoveAnimationMaxLeftReached</eventType>
          <eventType>MoveAnimationMaxRightReached</eventType>
          <eventActions>
            <eventAction>StopMove</eventAction>
            <eventAction>ChangeFrameCollection</eventAction>
          </eventActions>
          <whenFrameCollectionIndexIs>0</whenFrameCollectionIndexIs>
          <changeFrameCollectionIndexTo>1</changeFrameCollectionIndexTo>
        </event>
        <event>
          <eventType>FrameAnimationRepeatLoopEnds</eventType>
          <eventActions>
            <eventAction>ResumeMove</eventAction>
            <eventAction>ChangeFrameCollection</eventAction>
          </eventActions>
          <whenFrameCollectionIndexIs>1</whenFrameCollectionIndexIs>
          <changeFrameCollectionIndexTo>0</changeFrameCollectionIndexTo>
        </event>
      </events>
      <left>900</left>
      <top>450</top>
    </image>
    <image>
      <frames>
        <reUseTagFramesFromPreviousImage>true</reUseTagFramesFromPreviousImage>
        <framesAnimationSpeed>4</framesAnimationSpeed>
        <returnBackwardToFirstFrame>true</returnBackwardToFirstFrame>
        <!--<defaultFrameCollection>1</defaultFrameCollection>-->
      </frames>
      <moveAnimation>
        <iniLeft>480</iniLeft>
        <iniTop>746</iniTop>
        <maxLeft>590</maxLeft>
        <maxTop>806</maxTop>
        <pixelsMoveTop>4</pixelsMoveTop>
        <pixelsMoveLeft>4</pixelsMoveLeft>
        <!--<moveAnimationStop>true</moveAnimationStop>-->
      </moveAnimation>
      <events>
        <event>
          <eventType>FrameAnimationReturnBackwardToFirstFrameEnds</eventType>
          <eventType>MoveAnimationMaxTopReached</eventType>
          <eventType>MoveAnimationMaxBottomReached</eventType>
          <eventType>MoveAnimationMaxLeftReached</eventType>
          <eventType>MoveAnimationMaxRightReached</eventType>
          <eventActions>
            <eventAction>StopMove</eventAction>
            <eventAction>ChangeFrameCollection</eventAction>
          </eventActions>
          <whenFrameCollectionIndexIs>0</whenFrameCollectionIndexIs>
          <changeFrameCollectionIndexTo>1</changeFrameCollectionIndexTo>
        </event>
        <event>
          <eventType>FrameAnimationRepeatLoopEnds</eventType>
          <eventActions>
            <eventAction>ResumeMove</eventAction>
            <eventAction>ChangeFrameCollection</eventAction>
          </eventActions>
          <whenFrameCollectionIndexIs>1</whenFrameCollectionIndexIs>
          <changeFrameCollectionIndexTo>0</changeFrameCollectionIndexTo>
        </event>
      </events>
      <left>500</left>
      <top>800</top>
    </image>
    <image>
      <frames>
        <frameCollection>
          <frame>
            <fileName from="mapzdarkfb">ene1c.png</fileName>
            <delay>3</delay>
          </frame>
          <frame>
            <fileName from="mapzdarkfb">ene1d.png</fileName>
          </frame>
        </frameCollection>
        <frameCollection>
          <frame>
            <fileName from="mapzdarkfb">ene1e.png</fileName>
            <delay>5</delay>
          </frame>
        </frameCollection>
        <frameCollection>
          <frame>
            <fileName from="mapzdarkfb">ene1m.png</fileName>
            <delay>5</delay>
          </frame>
        </frameCollection>
        <frameCollection>
          <frame>
            <fileName from="mapzdarkfb">ene1g.png</fileName>
            <delay>5</delay>
          </frame>
        </frameCollection>
        <frameCollection>
          <frame>
            <fileName from="mapzdarkfb">ene1h.png</fileName>
            <delay>3</delay>
          </frame>
          <frame>
            <fileName from="mapzdarkfb">ene1i.png</fileName>
          </frame>
        </frameCollection>
        <frameCollection>
          <frame>
            <fileName from="mapzdarkfb">ene1a.png</fileName>
            <delay>3</delay>
          </frame>
          <frame>
            <fileName from="mapzdarkfb">ene1b.png</fileName>
          </frame>
        </frameCollection>
        <frameCollection>
          <frame>
            <fileName from="mapzdarkfb">ene1k.png</fileName>
            <delay>5</delay>
          </frame>
        </frameCollection>
        <frameCollection>
          <frame>
            <fileName from="mapzdarkfb">ene1f.png</fileName>
            <delay>5</delay>
          </frame>
        </frameCollection>
        <frameCollection>
          <frame>
            <fileName from="mapzdarkfb">ene1l.png</fileName>
            <delay>5</delay>
          </frame>
        </frameCollection>
        <frameCollection>
          <frame>
            <fileName from="mapzdarkfb">ene1s.png</fileName>
            <delay>5</delay>
          </frame>
        </frameCollection>
        <frameCollection>
          <frame>
            <fileName from="mapzdarkfb">ene1n.png</fileName>
          </frame>
        </frameCollection>
        <frameCollection>
          <frame>
            <fileName from="mapzdarkfb">ene1p.png</fileName>
          </frame>
          <frame>
            <fileName from="mapzdarkfb">ene1q.png</fileName>
          </frame>
        </frameCollection>
        <framesAnimationSpeed>3</framesAnimationSpeed>
      </frames>
      <moveAnimation>
        <iniLeft>144</iniLeft>
        <!--<iniTop>110</iniTop>-->
        <maxLeft>236</maxLeft>
        <!--<maxTop>122</maxTop>-->
        <pixelsMoveTop>0</pixelsMoveTop>
        <pixelsMoveLeft>2</pixelsMoveLeft>
      </moveAnimation>
      <flipImage>Horizontal</flipImage>
      <events>
        <event>
          <eventType>MoveAnimationMaxRightReached</eventType>
          <eventActions>
            <eventAction>StopMove</eventAction>
            <eventAction>ChangeFrameCollection</eventAction>
            <eventAction>UpdateMoveAnimation</eventAction>
            <eventAction>ChangeCustomCondition</eventAction>
          </eventActions>
          <newMoveAnimation>
            <!--<iniLeft>170</iniLeft>-->
            <iniTop>538</iniTop>
            <!--<maxLeft>312</maxLeft>-->
            <maxTop>678</maxTop>
            <pixelsMoveTop>-2</pixelsMoveTop>
            <pixelsMoveLeft>0</pixelsMoveLeft>
            <moveAnimationStop>true</moveAnimationStop>
          </newMoveAnimation>
          <newCustomCondition>ready</newCustomCondition>
          <whenFrameCollectionIndexIs>0</whenFrameCollectionIndexIs>
          <changeFrameCollectionIndexTo>3</changeFrameCollectionIndexTo>
        </event>
        <event>
          <eventType>FrameAnimationLoopEnds</eventType>
          <eventActions>
            <eventAction>ResumeMove</eventAction>
            <eventAction>FlipImage</eventAction>
            <eventAction>ChangeFrameCollection</eventAction>
          </eventActions>
          <whenFrameCollectionIndexIs>3</whenFrameCollectionIndexIs>
          <changeFrameCollectionIndexTo>4</changeFrameCollectionIndexTo>
        </event>
        <event>
          <eventType>MoveAnimationMaxTopReached</eventType>
          <eventActions>
            <eventAction>ChangeFrameCollection</eventAction>
            <eventAction>StopMove</eventAction>
          </eventActions>
          <whenFrameCollectionIndexIs>4</whenFrameCollectionIndexIs>
          <changeFrameCollectionIndexTo>9</changeFrameCollectionIndexTo>
        </event>
        <event>
          <eventType>FrameAnimationLoopEnds</eventType>
          <eventActions>
            <eventAction>ResumeMove</eventAction>
            <eventAction>ChangeFrameCollection</eventAction>
          </eventActions>
          <whenFrameCollectionIndexIs>9</whenFrameCollectionIndexIs>
          <changeFrameCollectionIndexTo>5</changeFrameCollectionIndexTo>
        </event>
        <event>
          <eventType>MoveAnimationMaxBottomReached</eventType>
          <eventActions>
            <eventAction>StopMove</eventAction>
            <eventAction>ChangeFrameCollection</eventAction>
            <eventAction>UpdateMoveAnimation</eventAction>
          </eventActions>
          <newMoveAnimation>
            <iniLeft>144</iniLeft>
            <!--<iniTop>110</iniTop>-->
            <maxLeft>236</maxLeft>
            <!--<maxTop>122</maxTop>-->
            <pixelsMoveTop>0</pixelsMoveTop>
            <pixelsMoveLeft>-2</pixelsMoveLeft>
            <moveAnimationStop>true</moveAnimationStop>
          </newMoveAnimation>
          <whenFrameCollectionIndexIs>5</whenFrameCollectionIndexIs>
          <changeFrameCollectionIndexTo>8</changeFrameCollectionIndexTo>
        </event>
        <event>
          <eventType>FrameAnimationLoopEnds</eventType>
          <eventActions>
            <eventAction>ResumeMove</eventAction>
            <eventAction>ChangeFrameCollection</eventAction>
          </eventActions>
          <whenFrameCollectionIndexIs>8</whenFrameCollectionIndexIs>
          <changeFrameCollectionIndexTo>0</changeFrameCollectionIndexTo>
        </event>
        <event>
          <eventType>MoveAnimationMaxLeftReached</eventType>
          <eventActions>
            <eventAction>StopMove</eventAction>
            <eventAction>ChangeFrameCollection</eventAction>
          </eventActions>
          <whenFrameCollectionIndexIs>0</whenFrameCollectionIndexIs>
          <changeFrameCollectionIndexTo>1</changeFrameCollectionIndexTo>
        </event>
        <event>
          <eventType>FrameAnimationLoopEnds</eventType>
          <eventActions>
            <eventAction>FlipImage</eventAction>
            <eventAction>ResumeMove</eventAction>
            <eventAction>ChangeFrameCollection</eventAction>
          </eventActions>
          <whenFrameCollectionIndexIs>1</whenFrameCollectionIndexIs>
          <changeFrameCollectionIndexTo>0</changeFrameCollectionIndexTo>
        </event>
        <event>
          <eventType>TriggerActionByPosition</eventType>
          <eventActions>
            <eventAction>StopMove</eventAction>
            <eventAction>ChangeFrameCollection</eventAction>
          </eventActions>
          <whenCustomConditionIs>ready</whenCustomConditionIs>
          <changeFrameCollectionIndexTo>11</changeFrameCollectionIndexTo>
          <whenCurrentPositionIs>228;678</whenCurrentPositionIs>
        </event>
        <event>
          <eventType>TriggerActionByCurrentFrame</eventType>
          <eventActions>
            <eventAction>EditAnimationByID</eventAction>
            <eventAction>StopAnimation</eventAction>
            <eventAction>ChangeCustomCondition</eventAction>
          </eventActions>
          <editAnimationByIDOptions>
            <option>
              <imageID>arrow2</imageID>
              <editActions>
                <editAction>ResumeMove</editAction>
                <editAction>ChangeVisibleValue</editAction>
              </editActions>
              <newVisibleValue>true</newVisibleValue>
            </option>
          </editAnimationByIDOptions>
          <whenCurrentFrameIndexIs>1</whenCurrentFrameIndexIs>
          <whenFrameCollectionIndexIs>11</whenFrameCollectionIndexIs>
          <newCustomCondition>stoppped</newCustomCondition>
        </event>
        <defaultCustomCondition>stoppped</defaultCustomCondition>
      </events>
      <left>150</left>
      <top>678</top>
      <id>ene2</id>
    </image>
    <image>
      <frames>
        <reUseTagFramesFromPreviousImage>true</reUseTagFramesFromPreviousImage>
        <framesAnimationSpeed>3</framesAnimationSpeed>
        <!--<defaultFrameCollection>5</defaultFrameCollection>-->
      </frames>
      <moveAnimation>
        <iniLeft>778</iniLeft>
        <maxLeft>938</maxLeft>
        <pixelsMoveTop>0</pixelsMoveTop>
        <pixelsMoveLeft>-2</pixelsMoveLeft>
      </moveAnimation>
      <events>
        <event>
          <eventType>MoveAnimationMaxLeftReached</eventType>
          <eventActions>
            <eventAction>StopMove</eventAction>
            <eventAction>ChangeFrameCollection</eventAction>
          </eventActions>
          <changeFrameCollectionIndexTo>1</changeFrameCollectionIndexTo>
        </event>
        <event>
          <eventType>FrameAnimationLoopEnds</eventType>
          <eventActions>
            <eventAction>ResumeMove</eventAction>
            <eventAction>ChangeFrameCollection</eventAction>
            <eventAction>FlipImage</eventAction>
          </eventActions>
          <whenFrameCollectionIndexIs>1</whenFrameCollectionIndexIs>
          <changeFrameCollectionIndexTo>0</changeFrameCollectionIndexTo>
        </event>
        <event>
          <eventType>MoveAnimationMaxRightReached</eventType>
          <eventActions>
            <eventAction>StopMove</eventAction>
            <eventAction>ChangeFrameCollection</eventAction>
          </eventActions>
          <changeFrameCollectionIndexTo>1</changeFrameCollectionIndexTo>
        </event>
      </events>
      <left>800</left>
      <top>564</top>
    </image>
    <image>
      <frames>
        <reUseTagFramesFromPreviousImage>true</reUseTagFramesFromPreviousImage>
        <framesAnimationSpeed>3</framesAnimationSpeed>
        <defaultFrameCollection>5</defaultFrameCollection>
      </frames>
      <moveAnimation>
        <iniTop>534</iniTop>
        <maxTop>670</maxTop>
        <pixelsMoveTop>2</pixelsMoveTop>
        <pixelsMoveLeft>0</pixelsMoveLeft>
      </moveAnimation>
      <events>
        <event>
          <eventType>MoveAnimationMaxTopReached</eventType>
          <eventActions>
            <eventAction>ChangeFrameCollection</eventAction>
            <eventAction>StopMove</eventAction>
          </eventActions>
          <whenFrameCollectionIndexIs>4</whenFrameCollectionIndexIs>
          <changeFrameCollectionIndexTo>9</changeFrameCollectionIndexTo>
        </event>
        <event>
          <eventType>FrameAnimationLoopEnds</eventType>
          <eventActions>
            <eventAction>ResumeMove</eventAction>
            <eventAction>ChangeFrameCollection</eventAction>
          </eventActions>
          <whenFrameCollectionIndexIs>9</whenFrameCollectionIndexIs>
          <changeFrameCollectionIndexTo>5</changeFrameCollectionIndexTo>
        </event>
        <event>
          <eventType>MoveAnimationMaxBottomReached</eventType>
          <eventActions>
            <eventAction>ChangeFrameCollection</eventAction>
          </eventActions>
          <whenFrameCollectionIndexIs>5</whenFrameCollectionIndexIs>
          <changeFrameCollectionIndexTo>4</changeFrameCollectionIndexTo>
        </event>
      </events>
      <left>110</left>
      <top>660</top>
    </image>
    <image>
      <frames>
        <reUseTagFramesFromPreviousImage>true</reUseTagFramesFromPreviousImage>
        <framesAnimationSpeed>3</framesAnimationSpeed>
      </frames>
      <moveAnimation>
        <iniLeft>604</iniLeft>
        <!--<iniTop>110</iniTop>-->
        <maxLeft>754</maxLeft>
        <!--<maxTop>122</maxTop>-->
        <pixelsMoveTop>0</pixelsMoveTop>
        <pixelsMoveLeft>-2</pixelsMoveLeft>
      </moveAnimation>
      <events>
        <event>
          <eventType>MoveAnimationMaxLeftReached</eventType>
          <eventActions>
            <eventAction>StopMove</eventAction>
            <eventAction>ChangeFrameCollection</eventAction>
            <eventAction>UpdateMoveAnimation</eventAction>
          </eventActions>
          <newMoveAnimation>
            <!--<iniLeft>170</iniLeft>-->
            <iniTop>220</iniTop>
            <!--<maxLeft>312</maxLeft>-->
            <maxTop>380</maxTop>
            <pixelsMoveTop>-2</pixelsMoveTop>
            <pixelsMoveLeft>0</pixelsMoveLeft>
            <moveAnimationStop>true</moveAnimationStop>
          </newMoveAnimation>
          <whenFrameCollectionIndexIs>0</whenFrameCollectionIndexIs>
          <changeFrameCollectionIndexTo>3</changeFrameCollectionIndexTo>
        </event>
        <event>
          <eventType>FrameAnimationLoopEnds</eventType>
          <eventActions>
            <eventAction>ResumeMove</eventAction>
            <eventAction>ChangeFrameCollection</eventAction>
          </eventActions>
          <whenFrameCollectionIndexIs>3</whenFrameCollectionIndexIs>
          <changeFrameCollectionIndexTo>4</changeFrameCollectionIndexTo>
        </event>
        <event>
          <eventType>MoveAnimationMaxTopReached</eventType>
          <eventActions>
            <eventAction>ChangeFrameCollection</eventAction>
            <eventAction>StopMove</eventAction>
          </eventActions>
          <whenFrameCollectionIndexIs>4</whenFrameCollectionIndexIs>
          <changeFrameCollectionIndexTo>9</changeFrameCollectionIndexTo>
        </event>
        <event>
          <eventType>FrameAnimationLoopEnds</eventType>
          <eventActions>
            <eventAction>ResumeMove</eventAction>
            <eventAction>ChangeFrameCollection</eventAction>
          </eventActions>
          <whenFrameCollectionIndexIs>9</whenFrameCollectionIndexIs>
          <changeFrameCollectionIndexTo>5</changeFrameCollectionIndexTo>
        </event>
        <event>
          <eventType>MoveAnimationMaxBottomReached</eventType>
          <eventActions>
            <eventAction>StopMove</eventAction>
            <eventAction>ChangeFrameCollection</eventAction>
            <eventAction>UpdateMoveAnimation</eventAction>
          </eventActions>
          <newMoveAnimation>
            <iniLeft>604</iniLeft>
            <!--<iniTop>110</iniTop>-->
            <maxLeft>754</maxLeft>
            <!--<maxTop>122</maxTop>-->
            <pixelsMoveTop>0</pixelsMoveTop>
            <pixelsMoveLeft>2</pixelsMoveLeft>
            <moveAnimationStop>true</moveAnimationStop>
          </newMoveAnimation>
          <whenFrameCollectionIndexIs>5</whenFrameCollectionIndexIs>
          <changeFrameCollectionIndexTo>2</changeFrameCollectionIndexTo>
        </event>
        <event>
          <eventType>FrameAnimationLoopEnds</eventType>
          <eventActions>
            <eventAction>ResumeMove</eventAction>
            <eventAction>FlipImage</eventAction>
            <eventAction>ChangeFrameCollection</eventAction>
          </eventActions>
          <whenFrameCollectionIndexIs>2</whenFrameCollectionIndexIs>
          <changeFrameCollectionIndexTo>0</changeFrameCollectionIndexTo>
        </event>
        <event>
          <eventType>MoveAnimationMaxRightReached</eventType>
          <eventActions>
            <eventAction>StopMove</eventAction>
            <eventAction>ChangeFrameCollection</eventAction>
          </eventActions>
          <whenFrameCollectionIndexIs>0</whenFrameCollectionIndexIs>
          <changeFrameCollectionIndexTo>1</changeFrameCollectionIndexTo>
        </event>
        <event>
          <eventType>FrameAnimationLoopEnds</eventType>
          <eventActions>
            <eventAction>FlipImage</eventAction>
            <eventAction>ResumeMove</eventAction>
            <eventAction>ChangeFrameCollection</eventAction>
          </eventActions>
          <whenFrameCollectionIndexIs>1</whenFrameCollectionIndexIs>
          <changeFrameCollectionIndexTo>0</changeFrameCollectionIndexTo>
        </event>
        <event>
          <eventType>TriggerActionByPosition</eventType>
          <eventActions>
            <eventAction>EditAnimationByID</eventAction>
            <eventAction>StopMove</eventAction>
            <eventAction>ChangeFrameCollection</eventAction>
          </eventActions>
          <editAnimationByIDOptions>
            <option>
              <imageID>arrow1</imageID>
              <editActions>
                <editAction>ResumeMove</editAction>
                <editAction>ChangeVisibleValue</editAction>
              </editActions>
              <newVisibleValue>true</newVisibleValue>
            </option>
          </editAnimationByIDOptions>
          <changeFrameCollectionIndexTo>10</changeFrameCollectionIndexTo>
          <whenFrameCollectionIndexIs>5</whenFrameCollectionIndexIs>
          <whenCurrentPositionIs>604;248</whenCurrentPositionIs>
        </event>
      </events>
      <left>700</left>
      <top>380</top>
      <id>ene1</id>
    </image>
    <image>
      <frames>
        <frameCollection>
          <frame>
            <fileName from="mapzdarkf">eneb2.png</fileName>
            <delay>10</delay>
          </frame>
          <frame>
            <fileName from="mapzdarkf">eneb1.png</fileName>
          </frame>
          <frame>
            <fileName from="mapzdarkf">eneb2.png</fileName>
          </frame>
        </frameCollection>
        <frameCollection>
          <frame>
            <fileName from="mapzdarkf">eneb1.png</fileName>
            <delay>1</delay>
          </frame>
          <frame>
            <fileName from="mapzdarkf">eneb3.png</fileName>
          </frame>
          <frame>
            <fileName from="mapzdarkf">eneb4.png</fileName>
          </frame>
        </frameCollection>
        <frameCollection>
          <frame>
            <fileName from="mapzdarkf">eneb6.png</fileName>
            <delay>10</delay>
          </frame>
          <frame>
            <fileName from="mapzdarkf">eneb5.png</fileName>
          </frame>
          <frame>
            <fileName from="mapzdarkf">eneb6.png</fileName>
          </frame>
        </frameCollection>
        <frameCollection>
          <frame>
            <fileName from="mapzdarkf">eneb5.png</fileName>
            <delay>1</delay>
          </frame>
          <frame>
            <fileName from="mapzdarkf">eneb7.png</fileName>
          </frame>
          <frame>
            <fileName from="mapzdarkf">eneb8.png</fileName>
          </frame>
        </frameCollection>
        <framesAnimationSpeed>1</framesAnimationSpeed>
        <defaultFrameCollection>1</defaultFrameCollection>
        <returnBackwardToFirstFrame>true</returnBackwardToFirstFrame>
      </frames>
      <moveAnimation>
        <iniLeft>32</iniLeft>
        <iniTop>748</iniTop>
        <maxLeft>216</maxLeft>
        <maxTop>776</maxTop>
        <pixelsMoveTop>1</pixelsMoveTop>
        <pixelsMoveLeft>3</pixelsMoveLeft>
      </moveAnimation>
      <imageTimer>
        <timerDelay>1500</timerDelay>
      </imageTimer>
      <events>
        <event>
          <eventType>MoveAnimationMaxLeftReached</eventType>
          <eventType>MoveAnimationMaxRightReached</eventType>
          <eventActions>
            <eventAction>FlipImage</eventAction>
          </eventActions>
        </event>
        <event>
          <eventType>MoveAnimationMaxTopReached</eventType>
          <eventActions>
            <eventAction>ChangeFrameCollection</eventAction>
            <eventAction>ChangeCustomCondition</eventAction>
            <eventAction>FlipImage</eventAction>
          </eventActions>
          <changeFrameCollectionIndexTo>1</changeFrameCollectionIndexTo>
          <newCustomCondition>movingDown</newCustomCondition>
        </event>
        <event>
          <eventType>MoveAnimationMaxBottomReached</eventType>
          <eventActions>
            <eventAction>ChangeFrameCollection</eventAction>
            <eventAction>ChangeCustomCondition</eventAction>
            <eventAction>FlipImage</eventAction>
          </eventActions>
          <changeFrameCollectionIndexTo>3</changeFrameCollectionIndexTo>
          <newCustomCondition>movingUp</newCustomCondition>
        </event>
        <event>
          <eventType>Timer</eventType>
          <eventActions>
            <eventAction>StopMove</eventAction>
            <eventAction>ChangeFrameCollection</eventAction>
          </eventActions>
          <changeFrameCollectionIndexTo>2</changeFrameCollectionIndexTo>
          <whenFrameCollectionIndexIs>3</whenFrameCollectionIndexIs>
        </event>
        <event>
          <eventType>Timer</eventType>
          <eventActions>
            <eventAction>ResumeMove</eventAction>
            <eventAction>ChangeFrameCollection</eventAction>
          </eventActions>
          <changeFrameCollectionIndexTo>3</changeFrameCollectionIndexTo>
          <whenFrameCollectionIndexIs>2</whenFrameCollectionIndexIs>
        </event>
        <event>
          <eventType>Timer</eventType>
          <eventActions>
            <eventAction>StopMove</eventAction>
            <eventAction>ChangeFrameCollection</eventAction>
          </eventActions>
          <changeFrameCollectionIndexTo>0</changeFrameCollectionIndexTo>
          <whenFrameCollectionIndexIs>1</whenFrameCollectionIndexIs>
        </event>
        <event>
          <eventType>Timer</eventType>
          <eventActions>
            <eventAction>ResumeMove</eventAction>
            <eventAction>ChangeFrameCollection</eventAction>
          </eventActions>
          <changeFrameCollectionIndexTo>1</changeFrameCollectionIndexTo>
          <whenFrameCollectionIndexIs>0</whenFrameCollectionIndexIs>
        </event> 
      </events>
      <flipImage>Horizontal</flipImage>
      <left>200</left>
      <top>770</top>
    </image>
    <image>
      <frames>
        <reUseTagFramesFromPreviousImage>true</reUseTagFramesFromPreviousImage>
        <framesAnimationSpeed>3</framesAnimationSpeed>
        <defaultFrameCollection>1</defaultFrameCollection>
        <returnBackwardToFirstFrame>true</returnBackwardToFirstFrame>
      </frames>
      <moveAnimation>
        <iniLeft>764</iniLeft>
        <iniTop>602</iniTop>
        <maxLeft>924</maxLeft>
        <maxTop>694</maxTop>
        <pixelsMoveTop>1</pixelsMoveTop>
        <pixelsMoveLeft>3</pixelsMoveLeft>
      </moveAnimation>
      <imageTimer>
        <timerDelay>4000</timerDelay>
      </imageTimer>
      <events>
        <event>
          <eventType>MoveAnimationMaxLeftReached</eventType>
          <eventType>MoveAnimationMaxRightReached</eventType>
          <eventActions>
            <eventAction>FlipImage</eventAction>
          </eventActions>
        </event>
        <event>
          <eventType>MoveAnimationMaxTopReached</eventType>
          <eventActions>
            <eventAction>ChangeFrameCollection</eventAction>
            <eventAction>ChangeCustomCondition</eventAction>
            <eventAction>FlipImage</eventAction>
          </eventActions>
          <changeFrameCollectionIndexTo>1</changeFrameCollectionIndexTo>
          <newCustomCondition>movingDown</newCustomCondition>
        </event>
        <event>
          <eventType>MoveAnimationMaxBottomReached</eventType>
          <eventActions>
            <eventAction>ChangeFrameCollection</eventAction>
            <eventAction>ChangeCustomCondition</eventAction>
            <eventAction>FlipImage</eventAction>
          </eventActions>
          <changeFrameCollectionIndexTo>3</changeFrameCollectionIndexTo>
          <newCustomCondition>movingUp</newCustomCondition>
        </event>
        <event>
          <eventType>Timer</eventType>
          <eventActions>
            <eventAction>StopMove</eventAction>
            <eventAction>ChangeFrameCollection</eventAction>
          </eventActions>
          <changeFrameCollectionIndexTo>2</changeFrameCollectionIndexTo>
          <whenFrameCollectionIndexIs>3</whenFrameCollectionIndexIs>
        </event>
        <event>
          <eventType>Timer</eventType>
          <eventActions>
            <eventAction>ResumeMove</eventAction>
            <eventAction>ChangeFrameCollection</eventAction>
          </eventActions>
          <changeFrameCollectionIndexTo>3</changeFrameCollectionIndexTo>
          <whenFrameCollectionIndexIs>2</whenFrameCollectionIndexIs>
        </event>
        <event>
          <eventType>Timer</eventType>
          <eventActions>
            <eventAction>StopMove</eventAction>
            <eventAction>ChangeFrameCollection</eventAction>
          </eventActions>
          <changeFrameCollectionIndexTo>0</changeFrameCollectionIndexTo>
          <whenFrameCollectionIndexIs>1</whenFrameCollectionIndexIs>
        </event>
        <event>
          <eventType>Timer</eventType>
          <eventActions>
            <eventAction>ResumeMove</eventAction>
            <eventAction>ChangeFrameCollection</eventAction>
          </eventActions>
          <changeFrameCollectionIndexTo>1</changeFrameCollectionIndexTo>
          <whenFrameCollectionIndexIs>0</whenFrameCollectionIndexIs>
        </event> 
      </events>
      <flipImage>Horizontal</flipImage>
      <left>800</left>
      <top>610</top>
    </image>
    <image>
      <frames>
        <frameCollection>
          <frame>
            <fileName from="mapzGraveyardDark">eneb1.png</fileName>
          </frame>
          <frame>
            <fileName from="mapzGraveyardDark">eneb2.png</fileName>
          </frame>
        </frameCollection>
        <frameCollection>
          <frame>
            <fileName from="mapzGraveyardDark">eneb5.png</fileName>
          </frame>
          <frame>
            <fileName from="mapzGraveyardDark">eneb6.png</fileName>
          </frame>
        </frameCollection>
        <frameCollection>
          <frame>
            <fileName from="mapzGraveyardDark">eneb7.png</fileName>
          </frame>
        </frameCollection>
        <defaultFrameCollection>1</defaultFrameCollection>
      </frames>
      <moveAnimation>
        <iniTop>750</iniTop>
        <maxTop>860</maxTop>
        <pixelsMoveTop>-2</pixelsMoveTop>
        <moveAnimationSpeed>1</moveAnimationSpeed>
      </moveAnimation>
      <events>
        <event>
          <eventType>MoveAnimationMaxBottomReached</eventType>
          <eventActions>
            <eventAction>StopMove</eventAction>
            <eventAction>ChangeFrameCollection</eventAction>
            <eventAction>ChangeSpeedAnimation</eventAction>
            <eventAction>EditAnimationByID</eventAction>
          </eventActions>
          <editAnimationByIDOptions>
            <option>
              <imageID>bomb</imageID>
              <editActions>
                <editAction>ResumeAnimation</editAction>
                <editAction>ChangeVisibleValue</editAction>
              </editActions>
              <newVisibleValue>true</newVisibleValue>
            </option>
          </editAnimationByIDOptions>
          <changeFrameCollectionIndexTo>2</changeFrameCollectionIndexTo>
          <newSpeedAnimation>1</newSpeedAnimation>
        </event>
        <event>
          <eventType>MoveAnimationMaxTopReached</eventType>
          <eventActions>
            <eventAction>ChangeFrameCollection</eventAction>
          </eventActions>
          <changeFrameCollectionIndexTo>0</changeFrameCollectionIndexTo>
        </event>
      </events>
      <left>338</left>
      <top>750</top>
      <speed>3</speed>
      <id>bomber</id>
    </image>
    <image>
      <frames>
        <convertImageSequenceInFrames from="mapzGraveyardDark">
          <filePreName>bomb</filePreName>
          <startNumber>1</startNumber>
          <endNumber>33</endNumber>
          <formatNumber>#</formatNumber>
          <fileNameExtension>png</fileNameExtension>
        </convertImageSequenceInFrames>
        <framesAnimationStop>true</framesAnimationStop>
      </frames>
      <events>
        <event>
          <eventType>FrameAnimationLoopEnds</eventType>
          <eventActions>
            <eventAction>ChangeVisibleValue</eventAction>
            <eventAction>StopAnimation</eventAction>
          </eventActions>
          <newVisibleValue>false</newVisibleValue>
        </event>
        <event>
          <eventType>TriggerActionByCurrentFrame</eventType>
          <eventActions>
            <eventAction>ChangeFrameCollection</eventAction>
            <eventAction>ResumeMove</eventAction>
            <eventAction>ChangeSpeedAnimation</eventAction>
          </eventActions>
          <ids>bomber</ids>
          <newSpeedAnimation>3</newSpeedAnimation>
          <whenCurrentFrameIndexIs>15</whenCurrentFrameIndexIs>
          <changeFrameCollectionIndexTo>1</changeFrameCollectionIndexTo>
        </event>
      </events>
      <left>321</left>
      <top>853</top>
      <visible>false</visible>
      <id>bomb</id>
    </image>
    <image>
      <frames>
        <frame>
          <fileName from="mapzGraveyardDark">eneb3.png</fileName>
        </frame>
        <frame>
          <fileName from="mapzGraveyardDark">eneb4.png</fileName>
        </frame>
      </frames>
      <moveAnimation>
        <iniLeft>444</iniLeft>
        <maxLeft>584</maxLeft>
        <pixelsMoveLeft>-1</pixelsMoveLeft>
        <moveAnimationSpeed>2</moveAnimationSpeed>
      </moveAnimation>
      <events>
        <event>
          <eventType>MoveAnimationMaxLeftReached</eventType>
          <eventType>MoveAnimationMaxRightReached</eventType>
          <eventActions>
            <eventAction>FlipImage</eventAction>
          </eventActions>
        </event>
      </events>
      <left>500</left>
      <top>338</top>
      <speed>5</speed>
      <flipImage>Horizontal</flipImage>
    </image>
    <image>
      <frames>
        <reUseTagFramesFromPreviousImage>true</reUseTagFramesFromPreviousImage>
      </frames>
      <moveAnimation>
        <iniLeft>730</iniLeft>
        <maxLeft>918</maxLeft>
        <pixelsMoveLeft>1</pixelsMoveLeft>
        <moveAnimationSpeed>1</moveAnimationSpeed>
      </moveAnimation>
      <events>
        <event>
          <eventType>MoveAnimationMaxLeftReached</eventType>
          <eventType>MoveAnimationMaxRightReached</eventType>
          <eventActions>
            <eventAction>FlipImage</eventAction>
          </eventActions>
        </event>
      </events>
      <left>800</left>
      <top>848</top>
      <speed>5</speed>
    </image>
    <image>
      <fileName from="mapzdarkfb">ene1o.png</fileName>
      <moveAnimation>
        <iniTop>248</iniTop>
        <maxTop>380</maxTop>
        <pixelsMoveTop>4</pixelsMoveTop>
        <returnToTheBeginning>true</returnToTheBeginning>
        <moveAnimationStop>true</moveAnimationStop>
      </moveAnimation>
      <events>
        <event>
          <eventType>MoveAnimationMaxBottomReached</eventType>
          <eventActions>
            <eventAction>StopMove</eventAction>
            <eventAction>ChangeVisibleValue</eventAction>
          </eventActions>
          <newVisibleValue>false</newVisibleValue>
        </event>
        <event>
          <eventType>TriggerActionByPosition</eventType>
          <eventActions>
            <eventAction>ResumeMove</eventAction>
            <eventAction>ChangeFrameCollection</eventAction>
          </eventActions>
          <ids>ene1</ids>
          <changeFrameCollectionIndexTo>5</changeFrameCollectionIndexTo>
          <whenCurrentPositionIs>604;276</whenCurrentPositionIs>
        </event>
      </events>
      <left>604</left>
      <top>248</top>
      <speed>1</speed>
      <visible>false</visible>
      <id>arrow1</id>
    </image>
    <image>
      <fileName from="mapzdarkfb">ene1r.png</fileName>
      <moveAnimation>
        <iniLeft>64</iniLeft>
        <maxLeft>228</maxLeft>
        <pixelsMoveLeft>-4</pixelsMoveLeft>
        <returnToTheBeginning>true</returnToTheBeginning>
        <moveAnimationStop>true</moveAnimationStop>
      </moveAnimation>
      <events>
        <event>
          <eventType>MoveAnimationMaxLeftReached</eventType>
          <eventActions>
            <eventAction>StopMove</eventAction>
            <eventAction>ChangeVisibleValue</eventAction>
          </eventActions>
          <newVisibleValue>false</newVisibleValue>
        </event>
        <event>
          <eventType>TriggerActionByPosition</eventType>
          <eventActions>
            <eventAction>ChangeFrameCollection</eventAction>
            <eventAction>ResumeAnimationAndMove</eventAction>
          </eventActions>
          <ids>ene2</ids>
          <changeFrameCollectionIndexTo>0</changeFrameCollectionIndexTo>
          <whenCurrentPositionIs>212;678</whenCurrentPositionIs>
        </event>
      </events>
      <left>228</left>
      <top>678</top>
      <speed>1</speed>
      <visible>false</visible>
      <id>arrow2</id>
    </image>
  </images>
</doc>
