<?xml version="1.0"?>
<doc>
  <basic type="animations">
    <screenCanvasResolution>
      <width>1024</width>
      <height>1023</height>
    </screenCanvasResolution>
    <canvasResolution>
      <maxWidth>1024</maxWidth>
      <maxHeight>1023</maxHeight>
    </canvasResolution>
    <bgColor>#ff000000</bgColor>
  </basic>
  <images>
    <image>
      <fileName>map9.png</fileName>
    </image>
    <image>
      <frames>
        <frame>
          <fileName>map9b2.png</fileName>
        </frame>
        <frame>
          <fileName>map9b3.png</fileName>
        </frame>
        <frame>
          <fileName></fileName>
        </frame>
        <currentFrame>2</currentFrame>
      </frames>
      <left>0</left>
      <top>480</top>
      <speed>5</speed>
    </image>
    <image>
      <frames>
        <frame>
          <fileName>map9pa2.png</fileName>
        </frame>
        <frame>
          <fileName>map9pa3.png</fileName>
        </frame>
        <frame>
          <fileName></fileName>
        </frame>
        <currentFrame>2</currentFrame>
      </frames>
      <left>0</left>
      <top>0</top>
      <speed>5</speed>
    </image>
    <image>
      <frames>
        <frame>
          <fileName>map9pb2.png</fileName>
        </frame>
        <frame>
          <fileName>map9pb3.png</fileName>
        </frame>
        <frame>
          <fileName></fileName>
        </frame>
        <currentFrame>2</currentFrame>
      </frames>
      <left>231</left>
      <top>0</top>
      <speed>5</speed>
    </image>
    <image>
      <frames>
        <frame>
          <fileName>map9pc2.png</fileName>
        </frame>
        <frame>
          <fileName>map9pc3.png</fileName>
        </frame>
        <frame>
          <fileName></fileName>
        </frame>
        <currentFrame>2</currentFrame>
      </frames>
      <left>857</left>
      <top>0</top>
      <speed>5</speed>
    </image>
    <image>
      <frames>
        <frame>
          <fileName>map9pd2.png</fileName>
        </frame>
        <frame>
          <fileName>map9pd3.png</fileName>
        </frame>
        <frame>
          <fileName></fileName>
        </frame>
        <currentFrame>2</currentFrame>
      </frames>
      <left>442</left>
      <top>391</top>
      <speed>5</speed>
    </image>
    <image>
      <frames>
        <frame>
          <fileName>flower1.png</fileName>
        </frame>
        <frame>
          <fileName>flower2.png</fileName>
        </frame>
        <frame>
          <fileName>flower3.png</fileName>
        </frame>
      </frames>
      <coordinates>241;399</coordinates>
      <speed>5</speed>
    </image>
    <image>
      <frames>
        <frameCollection>
          <frame>
            <fileName>soraab18.png</fileName>
          </frame>
          <frame>
            <fileName>soraab17.png</fileName>
          </frame>
        </frameCollection>
        <frameCollection>
          <frame>
            <fileName>soraab32.png</fileName>
          </frame>
          <frame>
            <fileName>soraab33.png</fileName>
          </frame>
        </frameCollection>
      </frames>
      <moveAnimation>
        <iniTop>215</iniTop>
        <maxTop>415</maxTop>
        <pixelsMoveTop>2</pixelsMoveTop>
        <pixelsMoveLeft>0</pixelsMoveLeft>
      </moveAnimation>
      <events>
        <event>
          <eventType>MoveAnimationMaxTopReached</eventType>
          <eventActions>
            <eventAction>ChangeFrameCollection</eventAction>
          </eventActions>
          <changeFrameCollectionIndexTo>0</changeFrameCollectionIndexTo>
        </event>
        <event>
          <eventType>MoveAnimationMaxBottomReached</eventType>
          <eventActions>
            <eventAction>ChangeFrameCollection</eventAction>
          </eventActions>
          <changeFrameCollectionIndexTo>1</changeFrameCollectionIndexTo>
        </event>
      </events>
      <speed>4</speed>
      <id>ball</id>
      <left>98</left>
      <top>215</top>
    </image>
    <image>
      <frames>
        <frame>
          <fileName>sora4.png</fileName>
        </frame>
        <frame>
          <fileName>sora5.png</fileName>
        </frame>
      </frames>
      <coordinates>144;332,294;308</coordinates>
      <speed>4</speed>
    </image>
    <image>
      <frames>
        <frameCollection>
          <frame>
            <fileName>soraab32.png</fileName>
          </frame>
          <frame>
            <fileName>soraab33.png</fileName>
          </frame>
        </frameCollection>
        <frameCollection>
          <frame>
            <fileName>soraab1.png</fileName>
          </frame>
          <frame>
            <fileName>soraab2.png</fileName>
          </frame>
          <frame>
            <fileName>soraab3.png</fileName>
          </frame>
          <frame>
            <fileName>soraab2.png</fileName>
          </frame>
          <frame>
            <fileName>soraab3.png</fileName>
          </frame>
          <frame>
            <fileName>soraab2.png</fileName>
          </frame>
          <frame>
            <fileName>soraab3.png</fileName>
          </frame>
          <frame>
            <fileName>soraab25.png</fileName>
          </frame>
          <frame>
            <fileName>soraab26.png</fileName>
          </frame>
          <frame>
            <fileName>soraab27.png</fileName>
          </frame>
          <frame>
            <fileName>soraab28.png</fileName>
          </frame>
          <frame>
            <fileName>soraab29.png</fileName>
          </frame>
          <frame>
            <fileName>soraab30.png</fileName>
          </frame>
          <frame>
            <fileName>soraab31.png</fileName>
          </frame>
          <frame>
            <fileName>soraab30.png</fileName>
          </frame>
          <frame>
            <fileName>soraab29.png</fileName>
          </frame>
          <frame>
            <fileName>soraab28.png</fileName>
          </frame>
          <frame>
            <fileName>soraab27.png</fileName>
          </frame>
          <frame>
            <fileName>soraab26.png</fileName>
          </frame>
          <frame>
            <fileName>soraab25.png</fileName>
          </frame>
        </frameCollection>
        <frameCollection>
          <frame>
            <fileName>soraab19.png</fileName>
          </frame>
          <frame>
            <fileName>soraab20.png</fileName>
          </frame>
          <frame>
            <fileName>soraab21.png</fileName>
          </frame>
          <frame>
            <fileName>soraab22.png</fileName>
          </frame>
          <frame>
            <fileName></fileName>
          </frame>
        </frameCollection>
      </frames>
      <moveAnimation>
        <iniTop>108</iniTop>
        <maxTop>226</maxTop>
        <pixelsMoveTop>-2</pixelsMoveTop>
        <pixelsMoveLeft>0</pixelsMoveLeft>
      </moveAnimation>
      <events>
        <event>
          <eventType>TriggerActionByCurrentFrame</eventType>
          <eventActions>
            <eventAction>ResumeMove</eventAction>
            <eventAction>ChangeFrameCollection</eventAction>
          </eventActions>
          <whenCurrentFrameIndexIs>19</whenCurrentFrameIndexIs>
          <changeFrameCollectionIndexTo>0</changeFrameCollectionIndexTo>
        </event>
        <event>
          <eventType>MoveAnimationMaxTopReached</eventType>
          <eventActions>
            <eventAction>StopMove</eventAction>
            <eventAction>ChangeFrameCollection</eventAction>
          </eventActions>
          <changeFrameCollectionIndexTo>2</changeFrameCollectionIndexTo>
        </event>
        <event>
          <eventType>TriggerActionByCurrentFrame</eventType>
          <eventActions>
            <eventAction>EditPosition</eventAction>
            <eventAction>ChangeFrameCollection</eventAction>
          </eventActions>
          <newCoordinates>454;226</newCoordinates>
          <whenCurrentFrameIndexIs>4</whenCurrentFrameIndexIs>
          <whenFrameCollectionIndexIs>2</whenFrameCollectionIndexIs>
          <changeFrameCollectionIndexTo>1</changeFrameCollectionIndexTo>
        </event>
      </events>
      <speed>4</speed>
      <left>454</left>
      <top>226</top>
    </image>
    <image>
      <frames>
        <frameCollection>
          <frame>
            <fileName>soraab23.png</fileName>
          </frame>
          <frame>
            <fileName>soraab24.png</fileName>
          </frame>
        </frameCollection>
        <frameCollection>
          <frame>
            <fileName>soraab1.png</fileName>
          </frame>
          <frame>
            <fileName>soraab2.png</fileName>
          </frame>
          <frame>
            <fileName>soraab3.png</fileName>
          </frame>
          <frame>
            <fileName>soraab2.png</fileName>
          </frame>
          <frame>
            <fileName>soraab3.png</fileName>
          </frame>
          <frame>
            <fileName>soraab2.png</fileName>
          </frame>
          <frame>
            <fileName>soraab3.png</fileName>
          </frame>
          <frame>
            <fileName>soraab4.png</fileName>
          </frame>
          <frame>
            <fileName>soraab5.png</fileName>
          </frame>
          <frame>
            <fileName>soraab6.png</fileName>
          </frame>
          <frame>
            <fileName>soraab7.png</fileName>
          </frame>
          <frame>
            <fileName>soraab8.png</fileName>
          </frame>
          <frame>
            <fileName>soraab9.png</fileName>
          </frame>
          <frame>
            <fileName>soraab10.png</fileName>
          </frame>
          <frame>
            <fileName>soraab11.png</fileName>
          </frame>
          <frame>
            <fileName>soraab10.png</fileName>
          </frame>
          <frame>
            <fileName>soraab9.png</fileName>
          </frame>
          <frame>
            <fileName>soraab8.png</fileName>
          </frame>
          <frame>
            <fileName>soraab7.png</fileName>
          </frame>
          <frame>
            <fileName>soraab6.png</fileName>
          </frame>
        </frameCollection>
        <frameCollection>
          <frame>
            <fileName>soraab19.png</fileName>
          </frame>
          <frame>
            <fileName>soraab20.png</fileName>
          </frame>
          <frame>
            <fileName>soraab21.png</fileName>
          </frame>
          <frame>
            <fileName>soraab22.png</fileName>
          </frame>
          <frame>
            <fileName></fileName>
          </frame>
        </frameCollection>
        <defaultFrameCollection>1</defaultFrameCollection>
        <currentFrame>1</currentFrame>
      </frames>
      <moveAnimation>
        <iniTop>232</iniTop>
        <maxTop>356</maxTop>
        <iniLeft>544</iniLeft>
        <maxLeft>670</maxLeft>
        <pixelsMoveTop>-2</pixelsMoveTop>
        <pixelsMoveLeft>2</pixelsMoveLeft>
        <moveAnimationStop>true</moveAnimationStop>
      </moveAnimation>
      <events>
        <event>
          <eventType>TriggerActionByCurrentFrame</eventType>
          <eventActions>
            <eventAction>ResumeMove</eventAction>
            <eventAction>ChangeFrameCollection</eventAction>
          </eventActions>
          <whenCurrentFrameIndexIs>19</whenCurrentFrameIndexIs>
          <whenFrameCollectionIndexIs>1</whenFrameCollectionIndexIs>
          <changeFrameCollectionIndexTo>0</changeFrameCollectionIndexTo>
        </event>
        <event>
          <eventType>MoveAnimationMaxTopReached</eventType>
          <eventActions>
            <eventAction>UpdateMoveAnimation</eventAction>
          </eventActions>
          <newMoveAnimation>
            <iniLeft>668</iniLeft>
            <maxLeft>844</maxLeft>
            <pixelsMoveLeft>2</pixelsMoveLeft>
          </newMoveAnimation>
        </event>
        <event>
          <eventType>MoveAnimationMaxRightReached</eventType>
          <eventActions>
            <eventAction>FlipImage</eventAction>
          </eventActions>
        </event>
        <event>
          <eventType>MoveAnimationMaxLeftReached</eventType>
          <eventActions>
            <eventAction>UpdateMoveAnimation</eventAction>
          </eventActions>
          <whenCurrentPositionIs>668;232</whenCurrentPositionIs>
          <newMoveAnimation>
            <iniLeft>544</iniLeft>
            <maxLeft>670</maxLeft>
            <iniTop>232</iniTop>
            <maxTop>356</maxTop>
            <pixelsMoveLeft>-2</pixelsMoveLeft>
            <pixelsMoveTop>2</pixelsMoveTop>
          </newMoveAnimation>
        </event>
        <event>
          <eventType>MoveAnimationMaxBottomReached</eventType>
          <eventActions>
            <eventAction>StopMove</eventAction>
            <eventAction>ChangeFrameCollection</eventAction>
            <eventAction>FlipImage</eventAction>
          </eventActions>
          <changeFrameCollectionIndexTo>2</changeFrameCollectionIndexTo>
        </event>
        <event>
          <eventType>TriggerActionByCurrentFrame</eventType>
          <eventActions>
            <eventAction>ChangeFrameCollection</eventAction>
          </eventActions>
          <whenCurrentFrameIndexIs>4</whenCurrentFrameIndexIs>
          <whenFrameCollectionIndexIs>2</whenFrameCollectionIndexIs>
          <changeFrameCollectionIndexTo>1</changeFrameCollectionIndexTo>
        </event>
      </events>
      <speed>4</speed>
      <left>544</left>
      <top>356</top>
    </image>
    <image>
      <frames>
        <frame>
          <fileName>sora1.png</fileName>
        </frame>
        <frame>
          <fileName>sora2.png</fileName>
        </frame>
        <frame>
          <fileName>sora3.png</fileName>
        </frame>
        <frame>
          <fileName>sora2.png</fileName>
        </frame>
        <frame>
          <fileName>sora3.png</fileName>
        </frame>
        <frame>
          <fileName>sora2.png</fileName>
        </frame>
        <frame>
          <fileName>sora3.png</fileName>
        </frame>
        <frame>
          <fileName>sora4.png</fileName>
        </frame>
        <frame>
          <fileName>sora5.png</fileName>
        </frame>
        <frame>
          <fileName>sora6.png</fileName>
          <delay>20</delay>
        </frame>
        <frame>
          <fileName>sora7.png</fileName>
          <delay>6</delay>
        </frame>
        <frame>
          <fileName>sora8.png</fileName>
        </frame>
        <frame>
          <fileName>sora7.png</fileName>
        </frame>
        <frame>
          <fileName>sora6.png</fileName>
          <delay>14</delay>
        </frame>
        <frame>
          <fileName>sora9.png</fileName>
          <delay>3</delay>
        </frame>
        <frame>
          <fileName>sora10.png</fileName>
        </frame>
        <frame>
          <fileName>sora11.png</fileName>
        </frame>
        <frame>
          <fileName>sora12.png</fileName>
        </frame>
        <frame>
          <fileName>sora0.png</fileName>
        </frame>
      </frames>
      <events>
        <event>
          <eventType>TriggerActionByCurrentFrame</eventType>
          <eventActions>
            <eventAction>EditAnimationByID</eventAction>
          </eventActions>
          <whenCurrentFrameIndexIs>12</whenCurrentFrameIndexIs>
          <editAnimationByIDOptions>
            <option>
              <imageID>Ball3</imageID>
              <editActions>
                <editAction>ResumeMove</editAction>
                <editAction>ChangeVisibleValue</editAction>
              </editActions>
              <newVisibleValue>true</newVisibleValue>
            </option>
          </editAnimationByIDOptions>
        </event>
        <event>
          <eventType>TriggerActionByCurrentFrame</eventType>
          <eventActions>
            <eventAction>StopAnimation</eventAction>
          </eventActions>
          <whenCurrentFrameIndexIs>18</whenCurrentFrameIndexIs>
        </event>
      </events>
      <left>177</left>
      <top>109</top>
      <speed>3</speed>
      <id>Zora3</id>
    </image>
    <image>
      <frames>
        <reUseTagFramesFromPreviousImage>true</reUseTagFramesFromPreviousImage>
      </frames>
      <events>
        <event>
          <eventType>TriggerActionByCurrentFrame</eventType>
          <eventActions>
            <eventAction>EditAnimationByID</eventAction>
          </eventActions>
          <whenCurrentFrameIndexIs>12</whenCurrentFrameIndexIs>
          <editAnimationByIDOptions>
            <option>
              <imageID>Ball5</imageID>
              <editActions>
                <editAction>ResumeMove</editAction>
                <editAction>ChangeVisibleValue</editAction>
              </editActions>
              <newVisibleValue>true</newVisibleValue>
            </option>
          </editAnimationByIDOptions>
        </event>
        <event>
          <eventType>TriggerActionByCurrentFrame</eventType>
          <eventActions>
            <eventAction>StopAnimation</eventAction>
          </eventActions>
          <whenCurrentFrameIndexIs>18</whenCurrentFrameIndexIs>
        </event>
      </events>
      <left>409</left>
      <top>166</top>
      <speed>3</speed>
      <id>Zora5</id>
    </image>
    <image>
      <frames>
        <reUseTagFramesFromPreviousImage>true</reUseTagFramesFromPreviousImage>
      </frames>
      <events>
        <event>
          <eventType>TriggerActionByCurrentFrame</eventType>
          <eventActions>
            <eventAction>EditAnimationByID</eventAction>
          </eventActions>
          <whenCurrentFrameIndexIs>12</whenCurrentFrameIndexIs>
          <editAnimationByIDOptions>
            <option>
              <imageID>Ball6</imageID>
              <editActions>
                <editAction>ResumeMove</editAction>
                <editAction>ChangeVisibleValue</editAction>
              </editActions>
              <newVisibleValue>true</newVisibleValue>
            </option>
          </editAnimationByIDOptions>
        </event>
        <event>
          <eventType>TriggerActionByCurrentFrame</eventType>
          <eventActions>
            <eventAction>StopAnimation</eventAction>
          </eventActions>
          <whenCurrentFrameIndexIs>18</whenCurrentFrameIndexIs>
        </event>
      </events>
      <left>622</left>
      <top>220</top>
      <speed>3</speed>
      <id>Zora6</id>
    </image>
    <image>
      <frames>
        <reUseTagFramesFromPreviousImage>true</reUseTagFramesFromPreviousImage>
      </frames>
      <events>
        <event>
          <eventType>TriggerActionByCurrentFrame</eventType>
          <eventActions>
            <eventAction>EditAnimationByID</eventAction>
          </eventActions>
          <whenCurrentFrameIndexIs>12</whenCurrentFrameIndexIs>
          <editAnimationByIDOptions>
            <option>
              <imageID>Ball7</imageID>
              <editActions>
                <editAction>ResumeMove</editAction>
                <editAction>ChangeVisibleValue</editAction>
              </editActions>
              <newVisibleValue>true</newVisibleValue>
            </option>
          </editAnimationByIDOptions>
        </event>
        <event>
          <eventType>TriggerActionByCurrentFrame</eventType>
          <eventActions>
            <eventAction>StopAnimation</eventAction>
          </eventActions>
          <whenCurrentFrameIndexIs>18</whenCurrentFrameIndexIs>
        </event>
      </events>
      <left>753</left>
      <top>114</top>
      <speed>3</speed>
      <id>Zora7</id>
    </image>





    <image>
      <frames>
        <reUseTagFramesFromPreviousImage>true</reUseTagFramesFromPreviousImage>
      </frames>
      <events>
        <event>
          <eventType>TriggerActionByCurrentFrame</eventType>
          <eventActions>
            <eventAction>EditAnimationByID</eventAction>
          </eventActions>
          <whenCurrentFrameIndexIs>12</whenCurrentFrameIndexIs>
          <editAnimationByIDOptions>
            <option>
              <imageID>Balln1</imageID>
              <editActions>
                <editAction>ResumeMove</editAction>
                <editAction>ChangeVisibleValue</editAction>
              </editActions>
              <newVisibleValue>true</newVisibleValue>
            </option>
          </editAnimationByIDOptions>
        </event>
        <event>
          <eventType>TriggerActionByCurrentFrame</eventType>
          <eventActions>
            <eventAction>StopAnimation</eventAction>
          </eventActions>
          <whenCurrentFrameIndexIs>18</whenCurrentFrameIndexIs>
        </event>
      </events>
      <left>113</left>
      <top>774</top>
      <speed>3</speed>
      <id>Zoran1</id>
    </image>
    <image>
      <frames>
        <reUseTagFramesFromPreviousImage>true</reUseTagFramesFromPreviousImage>
        <framesAnimationStop>true</framesAnimationStop>
      </frames>
      <imageTimer>
        <timerDelay>5000</timerDelay>
      </imageTimer>
      <events>
        <defaultCustomCondition>run</defaultCustomCondition>
        <event>
          <eventType>Timer</eventType>
          <eventActions>
            <eventAction>ChangeVisibleValue</eventAction>
            <eventAction>ChangeCustomCondition</eventAction>
            <eventAction>RunTimerOnlyForNumberTimes</eventAction>
            <eventAction>ResumeAnimation</eventAction>
          </eventActions>
          <whenCustomConditionIs>run</whenCustomConditionIs>
          <newVisibleValue>true</newVisibleValue>
          <newCustomCondition>stop</newCustomCondition>
          <runTimerOnlyTimes>1</runTimerOnlyTimes>
        </event>
        <event>
          <eventType>TriggerActionByCurrentFrame</eventType>
          <eventActions>
            <eventAction>EditAnimationByID</eventAction>
          </eventActions>
          <whenCurrentFrameIndexIs>12</whenCurrentFrameIndexIs>
          <editAnimationByIDOptions>
            <option>
              <imageID>Balln2</imageID>
              <editActions>
                <editAction>ResumeMove</editAction>
                <editAction>ChangeVisibleValue</editAction>
              </editActions>
              <newVisibleValue>true</newVisibleValue>
            </option>
          </editAnimationByIDOptions>
        </event>
        <event>
          <eventType>TriggerActionByCurrentFrame</eventType>
          <eventActions>
            <eventAction>StopAnimation</eventAction>
          </eventActions>
          <whenCurrentFrameIndexIs>18</whenCurrentFrameIndexIs>
        </event>
      </events>
      <left>328</left>
      <top>777</top>
      <speed>3</speed>
      <id>Zoran2</id>
      <visible>false</visible>
    </image>
    <image>
      <frames>
        <reUseTagFramesFromPreviousImage>true</reUseTagFramesFromPreviousImage>
      </frames>
      <events>
        <event>
          <eventType>TriggerActionByCurrentFrame</eventType>
          <eventActions>
            <eventAction>EditAnimationByID</eventAction>
          </eventActions>
          <whenCurrentFrameIndexIs>12</whenCurrentFrameIndexIs>
          <editAnimationByIDOptions>
            <option>
              <imageID>Balln3</imageID>
              <editActions>
                <editAction>ResumeMove</editAction>
                <editAction>ChangeVisibleValue</editAction>
              </editActions>
              <newVisibleValue>true</newVisibleValue>
            </option>
          </editAnimationByIDOptions>
        </event>
        <event>
          <eventType>TriggerActionByCurrentFrame</eventType>
          <eventActions>
            <eventAction>StopAnimation</eventAction>
          </eventActions>
          <whenCurrentFrameIndexIs>18</whenCurrentFrameIndexIs>
        </event>
      </events>
      <left>716</left>
      <top>719</top>
      <speed>3</speed>
      <id>Zoran3</id>
    </image>
    <image>
      <frames>
        <reUseTagFramesFromPreviousImage>true</reUseTagFramesFromPreviousImage>
        <framesAnimationStop>true</framesAnimationStop>
      </frames>
      <imageTimer>
        <timerDelay>6000</timerDelay>
      </imageTimer>
      <events>
        <defaultCustomCondition>run</defaultCustomCondition>
        <event>
          <eventType>Timer</eventType>
          <eventActions>
            <eventAction>ChangeVisibleValue</eventAction>
            <eventAction>ChangeCustomCondition</eventAction>
            <eventAction>RunTimerOnlyForNumberTimes</eventAction>
            <eventAction>ResumeAnimation</eventAction>
          </eventActions>
          <whenCustomConditionIs>run</whenCustomConditionIs>
          <newVisibleValue>true</newVisibleValue>
          <newCustomCondition>stop</newCustomCondition>
          <runTimerOnlyTimes>1</runTimerOnlyTimes>
        </event>
        <event>
          <eventType>TriggerActionByCurrentFrame</eventType>
          <eventActions>
            <eventAction>EditAnimationByID</eventAction>
          </eventActions>
          <whenCurrentFrameIndexIs>12</whenCurrentFrameIndexIs>
          <editAnimationByIDOptions>
            <option>
              <imageID>Balln4</imageID>
              <editActions>
                <editAction>ResumeMove</editAction>
                <editAction>ChangeVisibleValue</editAction>
              </editActions>
              <newVisibleValue>true</newVisibleValue>
            </option>
          </editAnimationByIDOptions>
        </event>
        <event>
          <eventType>TriggerActionByCurrentFrame</eventType>
          <eventActions>
            <eventAction>StopAnimation</eventAction>
          </eventActions>
          <whenCurrentFrameIndexIs>18</whenCurrentFrameIndexIs>
        </event>
      </events>
      <left>929</left>
      <top>718</top>
      <speed>3</speed>
      <id>Zoran4</id>
      <visible>false</visible>
    </image>






    <image>
      <frames>
        <frame>
          <fileName>ballsora1.png</fileName>
        </frame>
        <frame>
          <fileName>ballsora2.png</fileName>
        </frame>
        <frame>
          <fileName>ballsora3.png</fileName>
        </frame>
      </frames>
      <moveAnimation>
        <iniTop>0</iniTop>
        <maxTop>480</maxTop>
        <iniLeft>0</iniLeft>
        <maxLeft>1024</maxLeft>
        <pixelsMoveTop>2</pixelsMoveTop>
        <pixelsMoveLeft>-2</pixelsMoveLeft>
        <moveAnimationStop>true</moveAnimationStop>
        <returnToTheBeginning>true</returnToTheBeginning>
      </moveAnimation>
      <events>
        <event>
          <eventType>MoveAnimationMaxLeftReached</eventType>
          <eventActions>
            <eventAction>EditAnimationByID</eventAction>
            <eventAction>ChangeVisibleValue</eventAction>
            <eventAction>StopMove</eventAction>
          </eventActions>
          <newVisibleValue>false</newVisibleValue>
          <editAnimationByIDOptions>
            <option>
              <imageID>Zora3</imageID>
              <editActions>
                <editAction>ResumeAnimation</editAction>
              </editActions>
            </option>
          </editAnimationByIDOptions>
        </event>
      </events>
      <visible>false</visible>
      <left>170</left>
      <top>124</top>
      <speed>1</speed>
      <id>Ball3</id>
    </image>
    <image>
      <frames>
        <reUseTagFramesFromPreviousImage>true</reUseTagFramesFromPreviousImage>
      </frames>
      <moveAnimation>
        <iniTop>0</iniTop>
        <maxTop>480</maxTop>
        <iniLeft>0</iniLeft>
        <maxLeft>1024</maxLeft>
        <pixelsMoveTop>2</pixelsMoveTop>
        <pixelsMoveLeft>2</pixelsMoveLeft>
        <moveAnimationStop>true</moveAnimationStop>
        <returnToTheBeginning>true</returnToTheBeginning>
      </moveAnimation>
      <events>
        <event>
          <eventType>MoveAnimationMaxBottomReached</eventType>
          <eventActions>
            <eventAction>EditAnimationByID</eventAction>
            <eventAction>ChangeVisibleValue</eventAction>
            <eventAction>StopMove</eventAction>
          </eventActions>
          <newVisibleValue>false</newVisibleValue>
          <editAnimationByIDOptions>
            <option>
              <imageID>Zora5</imageID>
              <editActions>
                <editAction>ResumeAnimation</editAction>
              </editActions>
            </option>
          </editAnimationByIDOptions>
        </event>
      </events>
      <visible>false</visible>
      <left>422</left>
      <top>181</top>
      <speed>1</speed>
      <id>Ball5</id>
      <flipImage>Horizontal</flipImage>
    </image>
    <image>
      <frames>
        <reUseTagFramesFromPreviousImage>true</reUseTagFramesFromPreviousImage>
      </frames>
      <moveAnimation>
        <iniTop>0</iniTop>
        <maxTop>480</maxTop>
        <iniLeft>0</iniLeft>
        <maxLeft>1024</maxLeft>
        <pixelsMoveTop>2</pixelsMoveTop>
        <pixelsMoveLeft>-2</pixelsMoveLeft>
        <moveAnimationStop>true</moveAnimationStop>
        <returnToTheBeginning>true</returnToTheBeginning>
      </moveAnimation>
      <events>
        <event>
          <eventType>MoveAnimationMaxBottomReached</eventType>
          <eventActions>
            <eventAction>EditAnimationByID</eventAction>
            <eventAction>ChangeVisibleValue</eventAction>
            <eventAction>StopMove</eventAction>
          </eventActions>
          <newVisibleValue>false</newVisibleValue>
          <editAnimationByIDOptions>
            <option>
              <imageID>Zora6</imageID>
              <editActions>
                <editAction>ResumeAnimation</editAction>
              </editActions>
            </option>
          </editAnimationByIDOptions>
        </event>
      </events>
      <visible>false</visible>
      <left>615</left>
      <top>234</top>
      <speed>1</speed>
      <id>Ball6</id>
    </image>
    <image>
      <frames>
        <reUseTagFramesFromPreviousImage>true</reUseTagFramesFromPreviousImage>
      </frames>
      <moveAnimation>
        <iniTop>0</iniTop>
        <maxTop>480</maxTop>
        <iniLeft>0</iniLeft>
        <maxLeft>1024</maxLeft>
        <pixelsMoveTop>2</pixelsMoveTop>
        <pixelsMoveLeft>2</pixelsMoveLeft>
        <moveAnimationStop>true</moveAnimationStop>
        <returnToTheBeginning>true</returnToTheBeginning>
      </moveAnimation>
      <events>
        <event>
          <eventType>MoveAnimationMaxRightReached</eventType>
          <eventActions>
            <eventAction>EditAnimationByID</eventAction>
            <eventAction>ChangeVisibleValue</eventAction>
            <eventAction>StopMove</eventAction>
          </eventActions>
          <newVisibleValue>false</newVisibleValue>
          <editAnimationByIDOptions>
            <option>
              <imageID>Zora7</imageID>
              <editActions>
                <editAction>ResumeAnimation</editAction>
              </editActions>
            </option>
          </editAnimationByIDOptions>
        </event>
      </events>
      <visible>false</visible>
      <left>765</left>
      <top>129</top>
      <speed>1</speed>
      <id>Ball7</id>
      <flipImage>Horizontal</flipImage>
    </image>








    <image>
      <frames>
        <reUseTagFramesFromPreviousImage>true</reUseTagFramesFromPreviousImage>
      </frames>
      <moveAnimation>
        <iniLeft>126</iniLeft>
        <iniTop>789</iniTop>
        <maxLeft>360</maxLeft>
        <maxTop>1022</maxTop>
        <pixelsMoveTop>2</pixelsMoveTop>
        <pixelsMoveLeft>2</pixelsMoveLeft>
        <moveAnimationStop>true</moveAnimationStop>
        <returnToTheBeginning>true</returnToTheBeginning>
      </moveAnimation>
      <events>
        <event>
          <eventType>MoveAnimationMaxBottomReached</eventType>
          <eventActions>
            <eventAction>EditAnimationByID</eventAction>
            <eventAction>ChangeVisibleValue</eventAction>
            <eventAction>StopMove</eventAction>
          </eventActions>
          <newVisibleValue>false</newVisibleValue>
          <editAnimationByIDOptions>
            <option>
              <imageID>Zoran1</imageID>
              <editActions>
                <editAction>ResumeAnimation</editAction>
              </editActions>
            </option>
          </editAnimationByIDOptions>
        </event>
      </events>
      <visible>false</visible>
      <left>126</left>
      <top>789</top>
      <speed>1</speed>
      <id>Balln1</id>
      <flipImage>Horizontal</flipImage>
    </image>
    <image>
      <frames>
        <reUseTagFramesFromPreviousImage>true</reUseTagFramesFromPreviousImage>
      </frames>
      <moveAnimation>
        <iniLeft>92</iniLeft>
        <iniTop>792</iniTop>
        <maxLeft>322</maxLeft>
        <maxTop>1022</maxTop>
        <pixelsMoveTop>2</pixelsMoveTop>
        <pixelsMoveLeft>-2</pixelsMoveLeft>
        <moveAnimationStop>true</moveAnimationStop>
        <returnToTheBeginning>true</returnToTheBeginning>
      </moveAnimation>
      <events>
        <event>
          <eventType>MoveAnimationMaxLeftReached</eventType>
          <eventActions>
            <eventAction>EditAnimationByID</eventAction>
            <eventAction>ChangeVisibleValue</eventAction>
            <eventAction>StopMove</eventAction>
          </eventActions>
          <newVisibleValue>false</newVisibleValue>
          <editAnimationByIDOptions>
            <option>
              <imageID>Zoran2</imageID>
              <editActions>
                <editAction>ResumeAnimation</editAction>
              </editActions>
            </option>
          </editAnimationByIDOptions>
        </event>
      </events>
      <visible>false</visible>
      <left>322</left>
      <top>792</top>
      <speed>1</speed>
      <id>Balln2</id>
      <!--<flipImage>Horizontal</flipImage>-->
    </image>
    <image>
      <frames>
        <reUseTagFramesFromPreviousImage>true</reUseTagFramesFromPreviousImage>
      </frames>
      <moveAnimation>
        <iniLeft>423</iniLeft>
        <iniTop>735</iniTop>
        <maxLeft>710</maxLeft>
        <maxTop>1022</maxTop>
        <pixelsMoveTop>2</pixelsMoveTop>
        <pixelsMoveLeft>-2</pixelsMoveLeft>
        <moveAnimationStop>true</moveAnimationStop>
        <returnToTheBeginning>true</returnToTheBeginning>
      </moveAnimation>
      <events>
        <event>
          <eventType>MoveAnimationMaxLeftReached</eventType>
          <eventActions>
            <eventAction>EditAnimationByID</eventAction>
            <eventAction>ChangeVisibleValue</eventAction>
            <eventAction>StopMove</eventAction>
          </eventActions>
          <newVisibleValue>false</newVisibleValue>
          <editAnimationByIDOptions>
            <option>
              <imageID>Zoran3</imageID>
              <editActions>
                <editAction>ResumeAnimation</editAction>
              </editActions>
            </option>
          </editAnimationByIDOptions>
        </event>
      </events>
      <visible>false</visible>
      <left>710</left>
      <top>735</top>
      <speed>1</speed>
      <id>Balln3</id>
      <!--<flipImage>Horizontal</flipImage>-->
    </image>
    <image>
      <frames>
        <reUseTagFramesFromPreviousImage>true</reUseTagFramesFromPreviousImage>
      </frames>
      <moveAnimation>
        <iniLeft>635</iniLeft>
        <iniTop>430</iniTop>
        <maxLeft>923</maxLeft>
        <maxTop>717</maxTop>
        <pixelsMoveTop>-2</pixelsMoveTop>
        <pixelsMoveLeft>-2</pixelsMoveLeft>
        <moveAnimationStop>true</moveAnimationStop>
        <returnToTheBeginning>true</returnToTheBeginning>
      </moveAnimation>
      <events>
        <event>
          <eventType>MoveAnimationMaxTopReached</eventType>
          <eventActions>
            <eventAction>EditAnimationByID</eventAction>
            <eventAction>ChangeVisibleValue</eventAction>
            <eventAction>StopMove</eventAction>
          </eventActions>
          <newVisibleValue>false</newVisibleValue>
          <editAnimationByIDOptions>
            <option>
              <imageID>Zoran4</imageID>
              <editActions>
                <editAction>ResumeAnimation</editAction>
              </editActions>
            </option>
          </editAnimationByIDOptions>
        </event>
      </events>
      <visible>false</visible>
      <left>923</left>
      <top>717</top>
      <speed>1</speed>
      <id>Balln4</id>
      <flipImage>Vertical</flipImage>
    </image>
    <image>
      <frames>
        <frame>
          <fileName>soraab23.png</fileName>
        </frame>
        <frame>
          <fileName>soraab24.png</fileName>
        </frame>
        <currentFrame>2</currentFrame>
      </frames>
      <pathAnimation>
        <pathAnimationCoordinates>
          <iniLeft>197</iniLeft>
          <iniTop>459</iniTop>
          <maxLeft>327</maxLeft>
          <maxTop>589</maxTop>
        </pathAnimationCoordinates>
        <pixelsMove>1</pixelsMove>
        <pathAnimationSpeed>2</pathAnimationSpeed>
      </pathAnimation>
      <events>
        <event>
          <eventType>PathAnimationStartPointReached</eventType>
          <eventActions>
            <eventAction>FlipImage</eventAction>
          </eventActions>
        </event>
        <event>
          <eventType>PathAnimationEndPointReached</eventType>
          <eventActions>
            <eventAction>FlipImage</eventAction>
          </eventActions>
        </event>
      </events>
      <speed>4</speed>
    </image>
    <image>
      <frames>
        <reUseTagFramesFromPreviousImage>true</reUseTagFramesFromPreviousImage>
      </frames>
      <moveAnimation>
        <iniLeft>206</iniLeft>
        <maxLeft>406</maxLeft>
        <pixelsMoveTop>0</pixelsMoveTop>
        <pixelsMoveLeft>2</pixelsMoveLeft>
      </moveAnimation>
      <events>
        <event>
          <eventType>MoveAnimationMaxLeftReached</eventType>
          <eventActions>
            <eventAction>FlipImage</eventAction>
          </eventActions>
        </event>
        <event>
          <eventType>MoveAnimationMaxRightReached</eventType>
          <eventActions>
            <eventAction>FlipImage</eventAction>
          </eventActions>
        </event>
      </events>
      <left>208</left>
      <top>785</top>
      <speed>4</speed>
    </image>
    <image>
      <frames>
        <reUseTagFramesFromPreviousImage>true</reUseTagFramesFromPreviousImage>
      </frames>
      <moveAnimation>
        <iniLeft>500</iniLeft>
        <maxLeft>650</maxLeft>
        <pixelsMoveTop>0</pixelsMoveTop>
        <pixelsMoveLeft>-2</pixelsMoveLeft>
      </moveAnimation>
      <events>
        <event>
          <eventType>MoveAnimationMaxLeftReached</eventType>
          <eventActions>
            <eventAction>FlipImage</eventAction>
          </eventActions>
        </event>
        <event>
          <eventType>MoveAnimationMaxRightReached</eventType>
          <eventActions>
            <eventAction>FlipImage</eventAction>
          </eventActions>
        </event>
      </events>
      <left>600</left>
      <top>851</top>
      <speed>4</speed>
      <flipImage>Horizontal</flipImage>
    </image>
    <image>
      <frames>
        <reUseTagFramesFromPreviousImage>true</reUseTagFramesFromPreviousImage>
      </frames>
      <moveAnimation>
        <iniLeft>774</iniLeft>
        <maxLeft>924</maxLeft>
        <pixelsMoveTop>0</pixelsMoveTop>
        <pixelsMoveLeft>2</pixelsMoveLeft>
      </moveAnimation>
      <events>
        <event>
          <eventType>MoveAnimationMaxLeftReached</eventType>
          <eventActions>
            <eventAction>FlipImage</eventAction>
          </eventActions>
        </event>
        <event>
          <eventType>MoveAnimationMaxRightReached</eventType>
          <eventActions>
            <eventAction>FlipImage</eventAction>
          </eventActions>
        </event>
      </events>
      <left>800</left>
      <top>848</top>
      <speed>4</speed>
    </image>
    <image>
      <frames>
        <frameCollection>
          <frame>
            <fileName>soraab18.png</fileName>
          </frame>
          <frame>
            <fileName>soraab17.png</fileName>
          </frame>
        </frameCollection>
        <frameCollection>
          <frame>
            <fileName>soraab32.png</fileName>
          </frame>
          <frame>
            <fileName>soraab33.png</fileName>
          </frame>
        </frameCollection>
      </frames>
      <moveAnimation>
        <iniTop>776</iniTop>
        <maxTop>956</maxTop>
        <pixelsMoveTop>2</pixelsMoveTop>
        <pixelsMoveLeft>0</pixelsMoveLeft>
      </moveAnimation>
      <events>
        <event>
          <eventType>MoveAnimationMaxTopReached</eventType>
          <eventActions>
            <eventAction>ChangeFrameCollection</eventAction>
          </eventActions>
          <changeFrameCollectionIndexTo>0</changeFrameCollectionIndexTo>
        </event>
        <event>
          <eventType>MoveAnimationMaxBottomReached</eventType>
          <eventActions>
            <eventAction>ChangeFrameCollection</eventAction>
          </eventActions>
          <changeFrameCollectionIndexTo>1</changeFrameCollectionIndexTo>
        </event>
      </events>
      <speed>4</speed>
      <left>145</left>
      <top>800</top>
    </image>
  </images>
</doc>
