<?xml version="1.0"?>
<doc>
  <basic type="animations">
    <screenCanvasResolution>
      <width>512</width>
      <height>1024</height>
    </screenCanvasResolution>
    <canvasResolution>
      <maxWidth>512</maxWidth>
      <maxHeight>1024</maxHeight>
    </canvasResolution>
    <bgColor>#00000000</bgColor>
  </basic>
  <images>
    <image>
      <frames>
        <frame>
          <fileName>mapb1.png</fileName>
        </frame>
        <frame>
          <fileName>mapb2.png</fileName>
        </frame>
        <frame>
          <fileName></fileName>
        </frame>
        <currentFrame>2</currentFrame>
      </frames>
      <left>0</left>
      <top>0</top>
      <speed>5</speed>
    </image>
    <image>
      <frames>
        <frame>
          <fileName>mapc1.png</fileName>
        </frame>
        <frame>
          <fileName>mapc2.png</fileName>
        </frame>
        <frame>
          <fileName></fileName>
        </frame>
        <currentFrame>2</currentFrame>
      </frames>
      <left>41</left>
      <top>347</top>
      <speed>5</speed>
    </image>
    <image>
      <frames>
        <frame>
          <fileName>mapd1.png</fileName>
        </frame>
        <frame>
          <fileName>mapd2.png</fileName>
        </frame>
        <frame>
          <fileName></fileName>
        </frame>
        <currentFrame>2</currentFrame>
      </frames>
      <left>199</left>
      <top>0</top>
      <speed>5</speed>
    </image>
    <image>
      <frames>
        <frame>
          <fileName from="mapzGraveyardDark">flower2.png</fileName>
        </frame>
        <frame>
          <fileName from="mapzGraveyardDark">flower3.png</fileName>
        </frame>
        <frame>
          <fileName from="mapzGraveyardDark">flower1.png</fileName>
        </frame>
      </frames>
      <left>401</left>
      <top>175</top>
      <speed>5</speed>
    </image>

    <image>
      <frames>
        <frameCollection>
          <frame>
            <fileName from="mapzdarkfb">ene1c.png</fileName>
            <delay>3</delay>
          </frame>
          <frame>
            <fileName from="mapzdarkfb">ene1d.png</fileName>
          </frame>
        </frameCollection>
        <frameCollection>
          <frame>
            <fileName from="mapzdarkfb">ene1e.png</fileName>
            <delay>5</delay>
          </frame>
        </frameCollection>
        <frameCollection>
          <frame>
            <fileName from="mapzdarkfb">ene1m.png</fileName>
            <delay>5</delay>
          </frame>
        </frameCollection>
        <frameCollection>
          <frame>
            <fileName from="mapzdarkfb">ene1g.png</fileName>
            <delay>5</delay>
          </frame>
        </frameCollection>
        <frameCollection>
          <frame>
            <fileName from="mapzdarkfb">ene1h.png</fileName>
            <delay>3</delay>
          </frame>
          <frame>
            <fileName from="mapzdarkfb">ene1i.png</fileName>
          </frame>
        </frameCollection>
        <frameCollection>
          <frame>
            <fileName from="mapzdarkfb">ene1a.png</fileName>
            <delay>3</delay>
          </frame>
          <frame>
            <fileName from="mapzdarkfb">ene1b.png</fileName>
          </frame>
        </frameCollection>
        <frameCollection>
          <frame>
            <fileName from="mapzdarkfb">ene1k.png</fileName>
            <delay>5</delay>
          </frame>
        </frameCollection>
        <frameCollection>
          <frame>
            <fileName from="mapzdarkfb">ene1f.png</fileName>
            <delay>5</delay>
          </frame>
        </frameCollection>
        <frameCollection>
          <frame>
            <fileName from="mapzdarkfb">ene1l.png</fileName>
            <delay>5</delay>
          </frame>
        </frameCollection>
        <frameCollection>
          <frame>
            <fileName from="mapzdarkfb">ene1s.png</fileName>
            <delay>5</delay>
          </frame>
        </frameCollection>
        <frameCollection>
          <frame>
            <fileName from="mapzdarkfb">ene1n.png</fileName>
          </frame>
        </frameCollection>
        <frameCollection>
          <frame>
            <fileName from="mapzdarkfb">ene1p.png</fileName>
          </frame>
          <frame>
            <fileName from="mapzdarkfb">ene1q.png</fileName>
          </frame>
        </frameCollection>
        <framesAnimationSpeed>3</framesAnimationSpeed>
      </frames>
      <moveAnimation>
        <iniLeft>138</iniLeft>
        <!--<iniTop>110</iniTop>-->
        <maxLeft>318</maxLeft>
        <!--<maxTop>122</maxTop>-->
        <pixelsMoveTop>0</pixelsMoveTop>
        <pixelsMoveLeft>-2</pixelsMoveLeft>
      </moveAnimation>
      <events>
        <event>
          <eventType>MoveAnimationMaxLeftReached</eventType>
          <eventActions>
            <eventAction>StopMove</eventAction>
            <eventAction>ChangeFrameCollection</eventAction>
            <eventAction>UpdateMoveAnimation</eventAction>
          </eventActions>
          <newMoveAnimation>
            <!--<iniLeft>170</iniLeft>-->
            <iniTop>746</iniTop>
            <!--<maxLeft>312</maxLeft>-->
            <maxTop>946</maxTop>
            <pixelsMoveTop>-2</pixelsMoveTop>
            <pixelsMoveLeft>0</pixelsMoveLeft>
            <moveAnimationStop>true</moveAnimationStop>
          </newMoveAnimation>
          <whenFrameCollectionIndexIs>0</whenFrameCollectionIndexIs>
          <changeFrameCollectionIndexTo>3</changeFrameCollectionIndexTo>
        </event>
        <event>
          <eventType>FrameAnimationLoopEnds</eventType>
          <eventActions>
            <eventAction>ResumeMove</eventAction>
            <eventAction>ChangeFrameCollection</eventAction>
          </eventActions>
          <whenFrameCollectionIndexIs>3</whenFrameCollectionIndexIs>
          <changeFrameCollectionIndexTo>4</changeFrameCollectionIndexTo>
        </event>
        <event>
          <eventType>MoveAnimationMaxTopReached</eventType>
          <eventActions>
            <eventAction>ChangeFrameCollection</eventAction>
            <eventAction>StopMove</eventAction>
          </eventActions>
          <whenFrameCollectionIndexIs>4</whenFrameCollectionIndexIs>
          <changeFrameCollectionIndexTo>9</changeFrameCollectionIndexTo>
        </event>
        <event>
          <eventType>FrameAnimationLoopEnds</eventType>
          <eventActions>
            <eventAction>ResumeMove</eventAction>
            <eventAction>ChangeFrameCollection</eventAction>
          </eventActions>
          <whenFrameCollectionIndexIs>9</whenFrameCollectionIndexIs>
          <changeFrameCollectionIndexTo>5</changeFrameCollectionIndexTo>
        </event>
        <event>
          <eventType>MoveAnimationMaxBottomReached</eventType>
          <eventActions>
            <eventAction>StopMove</eventAction>
            <eventAction>ChangeFrameCollection</eventAction>
            <eventAction>UpdateMoveAnimation</eventAction>
          </eventActions>
          <newMoveAnimation>
            <iniLeft>138</iniLeft>
            <!--<iniTop>110</iniTop>-->
            <maxLeft>318</maxLeft>
            <!--<maxTop>122</maxTop>-->
            <pixelsMoveTop>0</pixelsMoveTop>
            <pixelsMoveLeft>2</pixelsMoveLeft>
            <moveAnimationStop>true</moveAnimationStop>
          </newMoveAnimation>
          <whenFrameCollectionIndexIs>5</whenFrameCollectionIndexIs>
          <changeFrameCollectionIndexTo>2</changeFrameCollectionIndexTo>
        </event>
        <event>
          <eventType>FrameAnimationLoopEnds</eventType>
          <eventActions>
            <eventAction>ResumeMove</eventAction>
            <eventAction>FlipImage</eventAction>
            <eventAction>ChangeFrameCollection</eventAction>
          </eventActions>
          <whenFrameCollectionIndexIs>2</whenFrameCollectionIndexIs>
          <changeFrameCollectionIndexTo>0</changeFrameCollectionIndexTo>
        </event>
        <event>
          <eventType>MoveAnimationMaxRightReached</eventType>
          <eventActions>
            <eventAction>StopMove</eventAction>
            <eventAction>ChangeFrameCollection</eventAction>
          </eventActions>
          <whenFrameCollectionIndexIs>0</whenFrameCollectionIndexIs>
          <changeFrameCollectionIndexTo>1</changeFrameCollectionIndexTo>
        </event>
        <event>
          <eventType>FrameAnimationLoopEnds</eventType>
          <eventActions>
            <eventAction>FlipImage</eventAction>
            <eventAction>ResumeMove</eventAction>
            <eventAction>ChangeFrameCollection</eventAction>
          </eventActions>
          <whenFrameCollectionIndexIs>1</whenFrameCollectionIndexIs>
          <changeFrameCollectionIndexTo>0</changeFrameCollectionIndexTo>
        </event>
        <event>
          <eventType>TriggerActionByPosition</eventType>
          <eventActions>
            <eventAction>EditAnimationByID</eventAction>
            <eventAction>StopMove</eventAction>
            <eventAction>ChangeFrameCollection</eventAction>
          </eventActions>
          <editAnimationByIDOptions>
            <option>
              <imageID>arrow1</imageID>
              <editActions>
                <editAction>ResumeMove</editAction>
                <editAction>ChangeVisibleValue</editAction>
              </editActions>
              <newVisibleValue>true</newVisibleValue>
            </option>
          </editAnimationByIDOptions>
          <changeFrameCollectionIndexTo>10</changeFrameCollectionIndexTo>
          <whenFrameCollectionIndexIs>5</whenFrameCollectionIndexIs>
          <whenCurrentPositionIs>138;756</whenCurrentPositionIs>
        </event>
      </events>
      <left>300</left>
      <top>946</top>
      <id>ene1</id>
    </image>
    <image>
      <frames>
        <reUseTagFramesFromPreviousImage>true</reUseTagFramesFromPreviousImage>
        <framesAnimationSpeed>3</framesAnimationSpeed>
        <!--<defaultFrameCollection>4</defaultFrameCollection>-->
      </frames>
      <moveAnimation>
        <iniLeft>206</iniLeft>
        <!--<iniTop>110</iniTop>-->
        <maxLeft>298</maxLeft>
        <!--<maxTop>122</maxTop>-->
        <pixelsMoveTop>0</pixelsMoveTop>
        <pixelsMoveLeft>2</pixelsMoveLeft>
      </moveAnimation>
      <flipImage>Horizontal</flipImage>
      <events>
        <event>
          <eventType>MoveAnimationMaxRightReached</eventType>
          <eventActions>
            <eventAction>StopMove</eventAction>
            <eventAction>ChangeFrameCollection</eventAction>
            <eventAction>UpdateMoveAnimation</eventAction>
            <eventAction>ChangeCustomCondition</eventAction>
          </eventActions>
          <newMoveAnimation>
            <!--<iniLeft>170</iniLeft>-->
            <iniTop>744</iniTop>
            <!--<maxLeft>312</maxLeft>-->
            <maxTop>856</maxTop>
            <pixelsMoveTop>-2</pixelsMoveTop>
            <pixelsMoveLeft>0</pixelsMoveLeft>
            <moveAnimationStop>true</moveAnimationStop>
          </newMoveAnimation>
          <newCustomCondition>ready</newCustomCondition>
          <whenFrameCollectionIndexIs>0</whenFrameCollectionIndexIs>
          <changeFrameCollectionIndexTo>3</changeFrameCollectionIndexTo>
        </event>
        <event>
          <eventType>FrameAnimationLoopEnds</eventType>
          <eventActions>
            <eventAction>ResumeMove</eventAction>
            <eventAction>FlipImage</eventAction>
            <eventAction>ChangeFrameCollection</eventAction>
          </eventActions>
          <whenFrameCollectionIndexIs>3</whenFrameCollectionIndexIs>
          <changeFrameCollectionIndexTo>4</changeFrameCollectionIndexTo>
        </event>
        <event>
          <eventType>MoveAnimationMaxTopReached</eventType>
          <eventActions>
            <eventAction>ChangeFrameCollection</eventAction>
            <eventAction>StopMove</eventAction>
          </eventActions>
          <whenFrameCollectionIndexIs>4</whenFrameCollectionIndexIs>
          <changeFrameCollectionIndexTo>9</changeFrameCollectionIndexTo>
        </event>
        <event>
          <eventType>FrameAnimationLoopEnds</eventType>
          <eventActions>
            <eventAction>ResumeMove</eventAction>
            <eventAction>ChangeFrameCollection</eventAction>
          </eventActions>
          <whenFrameCollectionIndexIs>9</whenFrameCollectionIndexIs>
          <changeFrameCollectionIndexTo>5</changeFrameCollectionIndexTo>
        </event>
        <event>
          <eventType>MoveAnimationMaxBottomReached</eventType>
          <eventActions>
            <eventAction>StopMove</eventAction>
            <eventAction>ChangeFrameCollection</eventAction>
            <eventAction>UpdateMoveAnimation</eventAction>
          </eventActions>
          <newMoveAnimation>
            <iniLeft>206</iniLeft>
            <!--<iniTop>110</iniTop>-->
            <maxLeft>298</maxLeft>
            <!--<maxTop>122</maxTop>-->
            <pixelsMoveTop>0</pixelsMoveTop>
            <pixelsMoveLeft>-2</pixelsMoveLeft>
            <moveAnimationStop>true</moveAnimationStop>
          </newMoveAnimation>
          <whenFrameCollectionIndexIs>5</whenFrameCollectionIndexIs>
          <changeFrameCollectionIndexTo>8</changeFrameCollectionIndexTo>
        </event>
        <event>
          <eventType>FrameAnimationLoopEnds</eventType>
          <eventActions>
            <eventAction>ResumeMove</eventAction>
            <eventAction>ChangeFrameCollection</eventAction>
          </eventActions>
          <whenFrameCollectionIndexIs>8</whenFrameCollectionIndexIs>
          <changeFrameCollectionIndexTo>0</changeFrameCollectionIndexTo>
        </event>
        <event>
          <eventType>MoveAnimationMaxLeftReached</eventType>
          <eventActions>
            <eventAction>StopMove</eventAction>
            <eventAction>ChangeFrameCollection</eventAction>
          </eventActions>
          <whenFrameCollectionIndexIs>0</whenFrameCollectionIndexIs>
          <changeFrameCollectionIndexTo>1</changeFrameCollectionIndexTo>
        </event>
        <event>
          <eventType>FrameAnimationLoopEnds</eventType>
          <eventActions>
            <eventAction>FlipImage</eventAction>
            <eventAction>ResumeMove</eventAction>
            <eventAction>ChangeFrameCollection</eventAction>
          </eventActions>
          <whenFrameCollectionIndexIs>1</whenFrameCollectionIndexIs>
          <changeFrameCollectionIndexTo>0</changeFrameCollectionIndexTo>
        </event>
        <event>
          <eventType>TriggerActionByPosition</eventType>
          <eventActions>
            <eventAction>StopMove</eventAction>
            <eventAction>ChangeFrameCollection</eventAction>
          </eventActions>
          <whenCustomConditionIs>ready</whenCustomConditionIs>
          <changeFrameCollectionIndexTo>11</changeFrameCollectionIndexTo>
          <whenCurrentPositionIs>268;856</whenCurrentPositionIs>
        </event>
        <event>
          <eventType>TriggerActionByCurrentFrame</eventType>
          <eventActions>
            <eventAction>EditAnimationByID</eventAction>
            <eventAction>StopAnimation</eventAction>
            <eventAction>ChangeCustomCondition</eventAction>
          </eventActions>
          <editAnimationByIDOptions>
            <option>
              <imageID>arrow2</imageID>
              <editActions>
                <editAction>ResumeMove</editAction>
                <editAction>ChangeVisibleValue</editAction>
              </editActions>
              <newVisibleValue>true</newVisibleValue>
            </option>
          </editAnimationByIDOptions>
          <whenCurrentFrameIndexIs>1</whenCurrentFrameIndexIs>
          <whenFrameCollectionIndexIs>11</whenFrameCollectionIndexIs>
          <newCustomCondition>stoppped</newCustomCondition>
        </event>
        <defaultCustomCondition>stoppped</defaultCustomCondition>
      </events>
      <left>210</left>
      <top>856</top>
      <id>ene2</id>
    </image>
    <image>
      <frames>
        <reUseTagFramesFromPreviousImage>true</reUseTagFramesFromPreviousImage>
        <framesAnimationSpeed>3</framesAnimationSpeed>
        <!--<defaultFrameCollection>5</defaultFrameCollection>-->
      </frames>
      <moveAnimation>
        <iniLeft>78</iniLeft>
        <maxLeft>248</maxLeft>
        <pixelsMoveTop>0</pixelsMoveTop>
        <pixelsMoveLeft>-2</pixelsMoveLeft>
      </moveAnimation>
      <events>
        <event>
          <eventType>MoveAnimationMaxLeftReached</eventType>
          <eventActions>
            <eventAction>StopMove</eventAction>
            <eventAction>ChangeFrameCollection</eventAction>
          </eventActions>
          <changeFrameCollectionIndexTo>1</changeFrameCollectionIndexTo>
        </event>
        <event>
          <eventType>FrameAnimationLoopEnds</eventType>
          <eventActions>
            <eventAction>ResumeMove</eventAction>
            <eventAction>ChangeFrameCollection</eventAction>
            <eventAction>FlipImage</eventAction>
          </eventActions>
          <whenFrameCollectionIndexIs>1</whenFrameCollectionIndexIs>
          <changeFrameCollectionIndexTo>0</changeFrameCollectionIndexTo>
        </event>
        <event>
          <eventType>MoveAnimationMaxRightReached</eventType>
          <eventActions>
            <eventAction>StopMove</eventAction>
            <eventAction>ChangeFrameCollection</eventAction>
          </eventActions>
          <changeFrameCollectionIndexTo>1</changeFrameCollectionIndexTo>
        </event>
      </events>
      <left>200</left>
      <top>696</top>
    </image>
    <image>
      <frames>
        <reUseTagFramesFromPreviousImage>true</reUseTagFramesFromPreviousImage>
        <framesAnimationSpeed>3</framesAnimationSpeed>
        <defaultFrameCollection>5</defaultFrameCollection>
      </frames>
      <moveAnimation>
        <iniTop>166</iniTop>
        <maxTop>366</maxTop>
        <pixelsMoveTop>2</pixelsMoveTop>
        <pixelsMoveLeft>0</pixelsMoveLeft>
      </moveAnimation>
      <events>
        <event>
          <eventType>MoveAnimationMaxTopReached</eventType>
          <eventActions>
            <eventAction>ChangeFrameCollection</eventAction>
            <eventAction>StopMove</eventAction>
          </eventActions>
          <whenFrameCollectionIndexIs>4</whenFrameCollectionIndexIs>
          <changeFrameCollectionIndexTo>9</changeFrameCollectionIndexTo>
        </event>
        <event>
          <eventType>FrameAnimationLoopEnds</eventType>
          <eventActions>
            <eventAction>ResumeMove</eventAction>
            <eventAction>ChangeFrameCollection</eventAction>
          </eventActions>
          <whenFrameCollectionIndexIs>9</whenFrameCollectionIndexIs>
          <changeFrameCollectionIndexTo>5</changeFrameCollectionIndexTo>
        </event>
        <event>
          <eventType>MoveAnimationMaxBottomReached</eventType>
          <eventActions>
            <eventAction>ChangeFrameCollection</eventAction>
          </eventActions>
          <whenFrameCollectionIndexIs>5</whenFrameCollectionIndexIs>
          <changeFrameCollectionIndexTo>4</changeFrameCollectionIndexTo>
        </event>
      </events>
      <left>361</left>
      <top>200</top>
    </image>
    <image>
      <frames>
        <reUseTagFramesFromPreviousImage>true</reUseTagFramesFromPreviousImage>
        <framesAnimationSpeed>3</framesAnimationSpeed>
        <defaultFrameCollection>4</defaultFrameCollection>
      </frames>
      <moveAnimation>
        <iniTop>186</iniTop>
        <maxTop>306</maxTop>
        <pixelsMoveTop>-2</pixelsMoveTop>
        <pixelsMoveLeft>0</pixelsMoveLeft>
      </moveAnimation>
      <events>
        <event>
          <eventType>MoveAnimationMaxTopReached</eventType>
          <eventActions>
            <eventAction>ChangeFrameCollection</eventAction>
            <eventAction>StopMove</eventAction>
          </eventActions>
          <whenFrameCollectionIndexIs>4</whenFrameCollectionIndexIs>
          <changeFrameCollectionIndexTo>9</changeFrameCollectionIndexTo>
        </event>
        <event>
          <eventType>FrameAnimationLoopEnds</eventType>
          <eventActions>
            <eventAction>ResumeMove</eventAction>
            <eventAction>ChangeFrameCollection</eventAction>
          </eventActions>
          <whenFrameCollectionIndexIs>9</whenFrameCollectionIndexIs>
          <changeFrameCollectionIndexTo>5</changeFrameCollectionIndexTo>
        </event>
        <event>
          <eventType>MoveAnimationMaxBottomReached</eventType>
          <eventActions>
            <eventAction>ChangeFrameCollection</eventAction>
          </eventActions>
          <whenFrameCollectionIndexIs>5</whenFrameCollectionIndexIs>
          <changeFrameCollectionIndexTo>4</changeFrameCollectionIndexTo>
        </event>
      </events>
      <left>411</left>
      <top>300</top>
    </image>
    <image>
      <frames>
        <frameCollection>
          <frame>
            <fileName from="mapzdarkf">eneb2.png</fileName>
            <delay>10</delay>
          </frame>
          <frame>
            <fileName from="mapzdarkf">eneb1.png</fileName>
          </frame>
          <frame>
            <fileName from="mapzdarkf">eneb2.png</fileName>
          </frame>
        </frameCollection>
        <frameCollection>
          <frame>
            <fileName from="mapzdarkf">eneb1.png</fileName>
            <delay>1</delay>
          </frame>
          <frame>
            <fileName from="mapzdarkf">eneb3.png</fileName>
          </frame>
          <frame>
            <fileName from="mapzdarkf">eneb4.png</fileName>
          </frame>
        </frameCollection>
        <frameCollection>
          <frame>
            <fileName from="mapzdarkf">eneb6.png</fileName>
            <delay>10</delay>
          </frame>
          <frame>
            <fileName from="mapzdarkf">eneb5.png</fileName>
          </frame>
          <frame>
            <fileName from="mapzdarkf">eneb6.png</fileName>
          </frame>
        </frameCollection>
        <frameCollection>
          <frame>
            <fileName from="mapzdarkf">eneb5.png</fileName>
            <delay>1</delay>
          </frame>
          <frame>
            <fileName from="mapzdarkf">eneb7.png</fileName>
          </frame>
          <frame>
            <fileName from="mapzdarkf">eneb8.png</fileName>
          </frame>
        </frameCollection>
        <framesAnimationSpeed>1</framesAnimationSpeed>
        <defaultFrameCollection>1</defaultFrameCollection>
        <returnBackwardToFirstFrame>true</returnBackwardToFirstFrame>
      </frames>
      <moveAnimation>
        <iniLeft>96</iniLeft>
        <iniTop>136</iniTop>
        <maxLeft>194</maxLeft>
        <maxTop>246</maxTop>
        <pixelsMoveTop>3</pixelsMoveTop>
        <pixelsMoveLeft>2</pixelsMoveLeft>
      </moveAnimation>
      <imageTimer>
        <timerDelay>1500</timerDelay>
      </imageTimer>
      <events>
        <event>
          <eventType>MoveAnimationMaxLeftReached</eventType>
          <eventType>MoveAnimationMaxRightReached</eventType>
          <eventActions>
            <eventAction>FlipImage</eventAction>
          </eventActions>
        </event>
        <event>
          <eventType>MoveAnimationMaxTopReached</eventType>
          <eventActions>
            <eventAction>ChangeFrameCollection</eventAction>
            <eventAction>ChangeCustomCondition</eventAction>
            <eventAction>FlipImage</eventAction>
          </eventActions>
          <changeFrameCollectionIndexTo>1</changeFrameCollectionIndexTo>
          <newCustomCondition>movingDown</newCustomCondition>
        </event>
        <event>
          <eventType>MoveAnimationMaxBottomReached</eventType>
          <eventActions>
            <eventAction>ChangeFrameCollection</eventAction>
            <eventAction>ChangeCustomCondition</eventAction>
            <eventAction>FlipImage</eventAction>
          </eventActions>
          <changeFrameCollectionIndexTo>3</changeFrameCollectionIndexTo>
          <newCustomCondition>movingUp</newCustomCondition>
        </event>
        <event>
          <eventType>Timer</eventType>
          <eventActions>
            <eventAction>StopMove</eventAction>
            <eventAction>ChangeFrameCollection</eventAction>
          </eventActions>
          <changeFrameCollectionIndexTo>2</changeFrameCollectionIndexTo>
          <whenFrameCollectionIndexIs>3</whenFrameCollectionIndexIs>
        </event>
        <event>
          <eventType>Timer</eventType>
          <eventActions>
            <eventAction>ResumeMove</eventAction>
            <eventAction>ChangeFrameCollection</eventAction>
          </eventActions>
          <changeFrameCollectionIndexTo>3</changeFrameCollectionIndexTo>
          <whenFrameCollectionIndexIs>2</whenFrameCollectionIndexIs>
        </event>
        <event>
          <eventType>Timer</eventType>
          <eventActions>
            <eventAction>StopMove</eventAction>
            <eventAction>ChangeFrameCollection</eventAction>
          </eventActions>
          <changeFrameCollectionIndexTo>0</changeFrameCollectionIndexTo>
          <whenFrameCollectionIndexIs>1</whenFrameCollectionIndexIs>
        </event>
        <event>
          <eventType>Timer</eventType>
          <eventActions>
            <eventAction>ResumeMove</eventAction>
            <eventAction>ChangeFrameCollection</eventAction>
          </eventActions>
          <changeFrameCollectionIndexTo>1</changeFrameCollectionIndexTo>
          <whenFrameCollectionIndexIs>0</whenFrameCollectionIndexIs>
        </event> 
      </events>
      <flipImage>Horizontal</flipImage>
      <left>160</left>
      <top>200</top>
    </image>
    <image>
      <frames>
        <frameCollection>
          <frame>
            <fileName from="mapzdarkfc">dsoldier1.png</fileName>
          </frame>
          <frame>
            <fileName from="mapzdarkfc">dsoldier4.png</fileName>
          </frame>
          <frame>
            <fileName from="mapzdarkfc">dsoldier1.png</fileName>
          </frame>
          <frame>
            <fileName from="mapzdarkfc">dsoldier5.png</fileName>
          </frame>
          <repeatThisLoopForTimes>2</repeatThisLoopForTimes>
        </frameCollection>
        <frameCollection>
          <frame>
            <fileName from="mapzdarkfc">dsoldier2.png</fileName>
          </frame>
          <frame>
            <fileName from="mapzdarkfc">dsoldier3.png</fileName>
          </frame>
          <frame>
            <fileName from="mapzdarkfc">dsoldier1.png</fileName>
          </frame>
          <frame>
            <fileName from="mapzdarkfc">dsoldier3.png</fileName>
          </frame>
        </frameCollection>
        <defaultFrameCollection>1</defaultFrameCollection>
      </frames>
      <moveAnimation>
        <iniLeft>50</iniLeft>
        <maxLeft>170</maxLeft>
        <pixelsMoveLeft>2</pixelsMoveLeft>
      </moveAnimation>
      <events>
        <event>
          <eventType>MoveAnimationMaxLeftReached</eventType>
          <eventActions>
            <eventAction>StopMove</eventAction>
            <eventAction>ChangeFrameCollection</eventAction>
            <eventAction>ChangeSpeedAnimation</eventAction>
          </eventActions>
          <newSpeedAnimation>24</newSpeedAnimation>
          <whenFrameCollectionIndexIs>1</whenFrameCollectionIndexIs>
          <changeFrameCollectionIndexTo>0</changeFrameCollectionIndexTo>
        </event>
        <event>
          <eventType>FrameAnimationRepeatLoopEnds</eventType>
          <eventActions>
            <eventAction>ResumeMove</eventAction>
            <eventAction>ChangeFrameCollection</eventAction>
            <eventAction>ChangeSpeedAnimation</eventAction>
            <eventAction>FlipImage</eventAction>
          </eventActions>
          <newSpeedAnimation>4</newSpeedAnimation>
          <whenFrameCollectionIndexIs>0</whenFrameCollectionIndexIs>
          <changeFrameCollectionIndexTo>1</changeFrameCollectionIndexTo>
        </event>
        <event>
          <eventType>MoveAnimationMaxRightReached</eventType>
          <eventActions>
            <eventAction>StopMove</eventAction>
            <eventAction>ChangeFrameCollection</eventAction>
            <eventAction>ChangeSpeedAnimation</eventAction>
          </eventActions>
          <newSpeedAnimation>24</newSpeedAnimation>
          <whenFrameCollectionIndexIs>1</whenFrameCollectionIndexIs>
          <changeFrameCollectionIndexTo>0</changeFrameCollectionIndexTo>
        </event>
      </events>
      <left>100</left>
      <top>278</top>
      <speed>4</speed>
    </image>
    <image>
      <frames>
        <frameCollection>
          <frame>
            <fileName from="mapzGraveyardDark">eneb1.png</fileName>
          </frame>
          <frame>
            <fileName from="mapzGraveyardDark">eneb2.png</fileName>
          </frame>
        </frameCollection>
        <frameCollection>
          <frame>
            <fileName from="mapzGraveyardDark">eneb5.png</fileName>
          </frame>
          <frame>
            <fileName from="mapzGraveyardDark">eneb6.png</fileName>
          </frame>
        </frameCollection>
        <defaultFrameCollection>1</defaultFrameCollection>
      </frames>
      <moveAnimation>
        <iniTop>64</iniTop>
        <maxTop>194</maxTop>
        <pixelsMoveTop>-1</pixelsMoveTop>
        <moveAnimationSpeed>1</moveAnimationSpeed>
      </moveAnimation>
      <events>
        <event>
          <eventType>MoveAnimationMaxBottomReached</eventType>
          <eventActions>
            <eventAction>ChangeFrameCollection</eventAction>
          </eventActions>
          <changeFrameCollectionIndexTo>1</changeFrameCollectionIndexTo>
        </event>
        <event>
          <eventType>MoveAnimationMaxTopReached</eventType>
          <eventActions>
            <eventAction>ChangeFrameCollection</eventAction>
          </eventActions>
          <changeFrameCollectionIndexTo>0</changeFrameCollectionIndexTo>
        </event>
      </events>
      <left>66</left>
      <top>100</top>
      <speed>6</speed>
    </image>
    <image>
      <frames>
        <reUseTagFramesFromPreviousImage>true</reUseTagFramesFromPreviousImage>
        <defaultFrameCollection>1</defaultFrameCollection>
      </frames>
      <moveAnimation>
        <iniTop>820</iniTop>
        <maxTop>930</maxTop>
        <pixelsMoveTop>-1</pixelsMoveTop>
        <moveAnimationSpeed>1</moveAnimationSpeed>
      </moveAnimation>
      <events>
        <event>
          <eventType>MoveAnimationMaxBottomReached</eventType>
          <eventActions>
            <eventAction>ChangeFrameCollection</eventAction>
          </eventActions>
          <changeFrameCollectionIndexTo>1</changeFrameCollectionIndexTo>
        </event>
        <event>
          <eventType>MoveAnimationMaxTopReached</eventType>
          <eventActions>
            <eventAction>ChangeFrameCollection</eventAction>
          </eventActions>
          <changeFrameCollectionIndexTo>0</changeFrameCollectionIndexTo>
        </event>
      </events>
      <left>72</left>
      <top>900</top>
      <speed>6</speed>
    </image>
    <image>
      <fileName from="mapzdarkfb">ene1o.png</fileName>
      <moveAnimation>
        <iniTop>756</iniTop>
        <maxTop>956</maxTop>
        <pixelsMoveTop>4</pixelsMoveTop>
        <returnToTheBeginning>true</returnToTheBeginning>
        <moveAnimationStop>true</moveAnimationStop>
      </moveAnimation>
      <events>
        <event>
          <eventType>MoveAnimationMaxBottomReached</eventType>
          <eventActions>
            <eventAction>StopMove</eventAction>
            <eventAction>ChangeVisibleValue</eventAction>
          </eventActions>
          <newVisibleValue>false</newVisibleValue>
        </event>
        <event>
          <eventType>TriggerActionByPosition</eventType>
          <eventActions>
            <eventAction>ResumeMove</eventAction>
            <eventAction>ChangeFrameCollection</eventAction>
          </eventActions>
          <ids>ene1</ids>
          <changeFrameCollectionIndexTo>5</changeFrameCollectionIndexTo>
          <whenCurrentPositionIs>138;796</whenCurrentPositionIs>
        </event>
      </events>
      <left>138</left>
      <top>756</top>
      <speed>1</speed>
      <visible>false</visible>
      <id>arrow1</id>
    </image>
    <image>
      <fileName from="mapzdarkfb">ene1r.png</fileName>
      <moveAnimation>
        <iniLeft>104</iniLeft>
        <maxLeft>268</maxLeft>
        <pixelsMoveLeft>-4</pixelsMoveLeft>
        <returnToTheBeginning>true</returnToTheBeginning>
        <moveAnimationStop>true</moveAnimationStop>
      </moveAnimation>
      <events>
        <event>
          <eventType>MoveAnimationMaxLeftReached</eventType>
          <eventActions>
            <eventAction>StopMove</eventAction>
            <eventAction>ChangeVisibleValue</eventAction>
          </eventActions>
          <newVisibleValue>false</newVisibleValue>
        </event>
        <event>
          <eventType>TriggerActionByPosition</eventType>
          <eventActions>
            <eventAction>ChangeFrameCollection</eventAction>
            <eventAction>ResumeAnimationAndMove</eventAction>
          </eventActions>
          <ids>ene2</ids>
          <changeFrameCollectionIndexTo>0</changeFrameCollectionIndexTo>
          <whenCurrentPositionIs>212;856</whenCurrentPositionIs>
        </event>
      </events>
      <left>268</left>
      <top>856</top>
      <speed>1</speed>
      <visible>false</visible>
      <id>arrow2</id>
    </image>
  </images>
</doc>
