<?xml version="1.0"?>
<doc>
  <basic type="animations">
    <screenCanvasResolution>
      <width>1120</width>
      <height>1024</height>
    </screenCanvasResolution>
    <canvasResolution>
      <maxWidth>1120</maxWidth>
      <maxHeight>1024</maxHeight>
    </canvasResolution>
    <bgColor>#00000000</bgColor>
  </basic>
  <images>
    <image>
      <fileName from="mapzDarkMountain">back.png</fileName>
      <moveEndLessAnimation>
        <direction>Down</direction>
        <pixelsMove>1</pixelsMove>
      </moveEndLessAnimation>
      <speed>2</speed>
    </image>
    <image>
      <fileName from="mapzDarkMountain">back.png</fileName>
      <moveEndLessAnimation>
        <direction>Down</direction>
        <pixelsMove>1</pixelsMove>
      </moveEndLessAnimation>
      <speed>2</speed>
      <left>252</left>
    </image>
    <image>
      <fileName from="mapzDarkMountain">back.png</fileName>
      <moveEndLessAnimation>
        <direction>Down</direction>
        <pixelsMove>1</pixelsMove>
      </moveEndLessAnimation>
      <speed>2</speed>
      <left>504</left>
    </image>
    <image>
      <fileName from="mapzDarkMountain">back.png</fileName>
      <moveEndLessAnimation>
        <direction>Down</direction>
        <pixelsMove>1</pixelsMove>
      </moveEndLessAnimation>
      <speed>2</speed>
      <left>756</left>
    </image>
    <image>
      <fileName from="mapzDarkMountain">back.png</fileName>
      <moveEndLessAnimation>
        <direction>Down</direction>
        <pixelsMove>1</pixelsMove>
      </moveEndLessAnimation>
      <speed>2</speed>
      <left>1008</left>
    </image>
    <image>
      <fileName>map.png</fileName>
    </image>
    
    <image>
      <frames>
        <frame>
          <fileName>ene1b.png</fileName>
        </frame>
        <frame>
          <fileName>ene1c.png</fileName>
        </frame>
      </frames>
      <moveAnimation>
        <iniLeft>410</iniLeft>
        <!--<iniTop>110</iniTop>-->
        <maxLeft>540</maxLeft>
        <!--<maxTop>122</maxTop>-->
        <pixelsMoveTop>0</pixelsMoveTop>
        <pixelsMoveLeft>-2</pixelsMoveLeft>
      </moveAnimation>
      <imageTimer>
        <timerDelay>1000</timerDelay>
      </imageTimer>
      <events>
        <event>
          <eventType>MoveAnimationMaxLeftReached</eventType>
          <eventActions>
            <eventAction>FlipImage</eventAction>
          </eventActions>
        </event>
        <event>
          <eventType>MoveAnimationMaxRightReached</eventType>
          <eventActions>
            <eventAction>FlipImage</eventAction>
          </eventActions>
        </event>
        <event>
          <eventType>Timer</eventType>
          <eventActions>
            <eventAction>ChangeTimerDelay</eventAction>
            <eventAction>StopAnimationAndMove</eventAction>
            <eventAction>ChangeCustomCondition</eventAction>
          </eventActions>
          <whenCustomConditionIs>running</whenCustomConditionIs>
          <newTimerDelay>1000</newTimerDelay>
          <newCustomCondition>stoppped</newCustomCondition>
        </event>
        <event>
          <eventType>Timer</eventType>
          <eventActions>
            <eventAction>ChangeTimerDelay</eventAction>
            <eventAction>ResumeAnimationAndMove</eventAction>
            <eventAction>ChangeCustomCondition</eventAction>
          </eventActions>
          <whenCustomConditionIs>stoppped</whenCustomConditionIs>
          <newTimerDelay>3000</newTimerDelay>
          <newCustomCondition>running</newCustomCondition>
        </event>
        <defaultCustomCondition>running</defaultCustomCondition>
      </events>
      <left>500</left>
      <top>185</top>
      <speed>1</speed>
    </image>
    <image>
      <frames>
        <frameCollection>
          <frame>
            <fileName>ene1g.png</fileName>
          </frame>
          <frame>
            <fileName>ene1h.png</fileName>
          </frame>
        </frameCollection>
        <frameCollection>
        <frame>
          <fileName>ene1d.png</fileName>
        </frame>
        <frame>
          <fileName>ene1e.png</fileName>
        </frame>
        </frameCollection>
      </frames>
      <moveAnimation>
        <iniTop>144</iniTop>
        <maxTop>232</maxTop>
        <pixelsMoveTop>2</pixelsMoveTop>
      </moveAnimation>
      <imageTimer>
        <timerDelay>2000</timerDelay>
      </imageTimer>
      <events>
        <event>
          <eventType>MoveAnimationMaxTopReached</eventType>
          <eventActions>
            <eventAction>ChangeFrameCollection</eventAction>
          </eventActions>
          <changeFrameCollectionIndexTo>0</changeFrameCollectionIndexTo>
        </event>
        <event>
          <eventType>MoveAnimationMaxBottomReached</eventType>
          <eventActions>
            <eventAction>ChangeFrameCollection</eventAction>
          </eventActions>
          <changeFrameCollectionIndexTo>1</changeFrameCollectionIndexTo>
        </event>
        <event>
          <eventType>Timer</eventType>
          <eventActions>
            <eventAction>ChangeTimerDelay</eventAction>
            <eventAction>StopAnimationAndMove</eventAction>
            <eventAction>ChangeCustomCondition</eventAction>
          </eventActions>
          <whenCustomConditionIs>running</whenCustomConditionIs>
          <newTimerDelay>1000</newTimerDelay>
          <newCustomCondition>stoppped</newCustomCondition>
        </event>
        <event>
          <eventType>Timer</eventType>
          <eventActions>
            <eventAction>ChangeTimerDelay</eventAction>
            <eventAction>ResumeAnimationAndMove</eventAction>
            <eventAction>ChangeCustomCondition</eventAction>
          </eventActions>
          <whenCustomConditionIs>stoppped</whenCustomConditionIs>
          <newTimerDelay>3000</newTimerDelay>
          <newCustomCondition>running</newCustomCondition>
        </event>
        <defaultCustomCondition>running</defaultCustomCondition>
      </events>
      <left>588</left>
      <top>185</top>
      <speed>1</speed>
    </image>
    <image>
      <frames>
        <reUseTagFramesFromPreviousImage>true</reUseTagFramesFromPreviousImage>
        <defaultFrameCollection>1</defaultFrameCollection>
      </frames>
      <moveAnimation>
        <iniTop>148</iniTop>
        <maxTop>238</maxTop>
        <pixelsMoveTop>-2</pixelsMoveTop>
      </moveAnimation>
      <imageTimer>
        <timerDelay>2500</timerDelay>
      </imageTimer>
      <events>
        <event>
          <eventType>MoveAnimationMaxTopReached</eventType>
          <eventActions>
            <eventAction>ChangeFrameCollection</eventAction>
          </eventActions>
          <changeFrameCollectionIndexTo>0</changeFrameCollectionIndexTo>
        </event>
        <event>
          <eventType>MoveAnimationMaxBottomReached</eventType>
          <eventActions>
            <eventAction>ChangeFrameCollection</eventAction>
          </eventActions>
          <changeFrameCollectionIndexTo>1</changeFrameCollectionIndexTo>
        </event>
        <event>
          <eventType>Timer</eventType>
          <eventActions>
            <eventAction>ChangeTimerDelay</eventAction>
            <eventAction>StopAnimationAndMove</eventAction>
            <eventAction>ChangeCustomCondition</eventAction>
          </eventActions>
          <whenCustomConditionIs>running</whenCustomConditionIs>
          <newTimerDelay>1000</newTimerDelay>
          <newCustomCondition>stoppped</newCustomCondition>
        </event>
        <event>
          <eventType>Timer</eventType>
          <eventActions>
            <eventAction>ChangeTimerDelay</eventAction>
            <eventAction>ResumeAnimationAndMove</eventAction>
            <eventAction>ChangeCustomCondition</eventAction>
          </eventActions>
          <whenCustomConditionIs>stoppped</whenCustomConditionIs>
          <newTimerDelay>3000</newTimerDelay>
          <newCustomCondition>running</newCustomCondition>
        </event>
        <defaultCustomCondition>running</defaultCustomCondition>
      </events>
      <left>178</left>
      <top>200</top>
      <speed>1</speed>
    </image>
  </images>
</doc>
