<?xml version="1.0"?>
<doc>
  <basic type="animations">
    <screenCanvasResolution>
      <width>1168</width>
      <height>480</height>
    </screenCanvasResolution>
    <canvasResolution>
      <maxWidth>1168</maxWidth>
      <maxHeight>480</maxHeight>
    </canvasResolution>
    <bgColor>#00000000</bgColor>
  </basic>
  <images>
    <image>
      <fileName>map.png</fileName>
    </image>
    <image>
      <frames>
        <frame>
          <fileName>lake1.png</fileName>
        </frame>
        <frame>
          <fileName>lake2.png</fileName>
        </frame>
        <frame>
          <fileName>lake3.png</fileName>
        </frame>
        <frame>
          <fileName></fileName>
        </frame>
      </frames>
      <speed>6</speed>
      <left>255</left>
      <top>271</top>
    </image>
    <image>
      <frames>
        <frame>
          <fileName>door1.png</fileName>
        </frame>
        <frame>
          <fileName>door2.png</fileName>
        </frame>
        <frame>
          <fileName>door3.png</fileName>
        </frame>
        <frame>
          <fileName></fileName>
        </frame>
      </frames>
      <speed>6</speed>
      <left>128</left>
      <top>368</top>
    </image>
    <image>
      <frames>
        <frame>
          <fileName>lakeB1.png</fileName>
        </frame>
        <frame>
          <fileName>lakeB2.png</fileName>
        </frame>
        <frame>
          <fileName>lakeB3.png</fileName>
        </frame>
        <frame>
          <fileName></fileName>
        </frame>
      </frames>
      <speed>6</speed>
      <left>816</left>
      <top>416</top>
    </image>
    <image>
      <frames>
        <frame>
          <fileName>lakeC1.png</fileName>
        </frame>
        <frame>
          <fileName>lakeC2.png</fileName>
        </frame>
        <frame>
          <fileName>lakeC3.png</fileName>
        </frame>
        <frame>
          <fileName></fileName>
        </frame>
      </frames>
      <speed>6</speed>
      <left>1072</left>
      <top>0</top>
    </image>
    <image>
      <frames>
        <frame>
          <fileName>flow1.png</fileName>
        </frame>
        <frame>
          <fileName>flow2.png</fileName>
        </frame>
        <frame>
          <fileName>flow3.png</fileName>
        </frame>
        <frame>
          <fileName></fileName>
        </frame>
      </frames>
      <speed>6</speed>
      <left>401</left>
      <top>0</top>
    </image>
    <image>
      <frames>
        <frame>
          <fileName>warp1.png</fileName>
        </frame>
        <frame>
          <fileName>warp2.png</fileName>
        </frame>
        <frame>
          <fileName>warp3.png</fileName>
        </frame>
        <frame>
          <fileName>warp4.png</fileName>
        </frame>
      </frames>
      <speed>2</speed>
      <left>159</left>
      <top>175</top>
    </image>
    <image>
      <frames>
        <frame>
          <fileName from="zdxMabe">f1.png</fileName>
        </frame>
        <frame>
          <fileName from="zdxMabe">f2.png</fileName>
        </frame>
        <frame>
          <fileName from="zdxMabe">f3.png</fileName>
        </frame>
        <frame>
          <fileName from="zdxMabe">f4.png</fileName>
        </frame>
      </frames>
      <coordinates>
        33;160,81;16,113;96,193;80,305;64,529;144,561;128,577;32,561;208,593;416,641;0,657;80,657;176,689;48,705;16,721;144,721;208,721;288,753;0,769;240,769;320,
        769;368,785;224,801;304,817;160,833;64,833;208,849;384,865;400,1009;64,1025;176,1041;16,1089;16,1121;0,1121;128,1121;224,1137;272,1153;208,1153;240,1153;368
      </coordinates>
      <speed>6</speed>
    </image>
    <image>
      <frames>
        <frameCollection>
          <frame>
            <fileName>eneA0.png</fileName>
          </frame>
        </frameCollection>
        <frameCollection>
          <frame>
            <fileName>eneA1.png</fileName>
            <delay>14</delay>
          </frame>
        </frameCollection>
        <frameCollection>
          <frame>
            <fileName>eneA2.png</fileName>
            <delay>1</delay>
          </frame>
          <frame>
            <fileName>eneA3.png</fileName>
          </frame>
          <frame>
            <fileName>eneA4.png</fileName>
          </frame>
          <frame>
            <fileName>eneA5.png</fileName>
          </frame>
          <frame>
            <fileName>eneA6.png</fileName>
          </frame>
          <frame>
            <fileName>eneA7.png</fileName>
          </frame>
          <frame>
            <fileName>eneA8.png</fileName>
          </frame>
          <frame>
            <fileName>eneA9.png</fileName>
            <delay>1</delay>
          </frame>
          <frame>
            <fileName>eneA10.png</fileName>
            <delay>10</delay>
          </frame>
        </frameCollection>
        <returnBackwardToFirstFrame>true</returnBackwardToFirstFrame>
      </frames>
      <events>
        <event>
          <eventType>FrameAnimationLoopEnds</eventType>
          <eventActions>
            <eventAction>ChangeFrameCollection</eventAction>
          </eventActions>
          <changeFrameCollectionIndexTo>1</changeFrameCollectionIndexTo>
          <whenFrameCollectionIndexIs>0</whenFrameCollectionIndexIs>
        </event>
        <event>
          <eventType>FrameAnimationLoopEnds</eventType>
          <eventActions>
            <eventAction>ChangeFrameCollection</eventAction>
          </eventActions>
          <changeFrameCollectionIndexTo>2</changeFrameCollectionIndexTo>
          <whenFrameCollectionIndexIs>1</whenFrameCollectionIndexIs>
        </event>
        <event>
          <eventType>FrameAnimationReturnBackwardToFirstFrameEnds</eventType>
          <eventActions>
            <eventAction>ChangeFrameCollection</eventAction>
            <eventAction>ChangeSpeedAnimationForFrames</eventAction>
          </eventActions>
          <newSpeedAnimationForFrames>40</newSpeedAnimationForFrames>
          <changeFrameCollectionIndexTo>0</changeFrameCollectionIndexTo>
          <whenFrameCollectionIndexIs>2</whenFrameCollectionIndexIs>
        </event>
      </events>
      <speed>40</speed>
      <left>247</left>
      <top>131</top>
    </image>
    <image>
      <frames>
        <reUseTagFramesFromPreviousImage>true</reUseTagFramesFromPreviousImage>
        <returnBackwardToFirstFrame>true</returnBackwardToFirstFrame>
      </frames>
      <events>
        <event>
          <eventType>FrameAnimationLoopEnds</eventType>
          <eventActions>
            <eventAction>ChangeFrameCollection</eventAction>
          </eventActions>
          <changeFrameCollectionIndexTo>1</changeFrameCollectionIndexTo>
          <whenFrameCollectionIndexIs>0</whenFrameCollectionIndexIs>
        </event>
        <event>
          <eventType>FrameAnimationLoopEnds</eventType>
          <eventActions>
            <eventAction>ChangeFrameCollection</eventAction>
          </eventActions>
          <changeFrameCollectionIndexTo>2</changeFrameCollectionIndexTo>
          <whenFrameCollectionIndexIs>1</whenFrameCollectionIndexIs>
        </event>
        <event>
          <eventType>FrameAnimationReturnBackwardToFirstFrameEnds</eventType>
          <eventActions>
            <eventAction>ChangeFrameCollection</eventAction>
            <eventAction>ChangeSpeedAnimationForFrames</eventAction>
          </eventActions>
          <newSpeedAnimationForFrames>20</newSpeedAnimationForFrames>
          <changeFrameCollectionIndexTo>0</changeFrameCollectionIndexTo>
          <whenFrameCollectionIndexIs>2</whenFrameCollectionIndexIs>
        </event>
      </events>
      <speed>20</speed>
      <left>296</left>
      <top>179</top>
      <flipImage>Horizontal</flipImage>
    </image>
    <image>
      <frames>
        <reUseTagFramesFromPreviousImage>true</reUseTagFramesFromPreviousImage>
        <returnBackwardToFirstFrame>true</returnBackwardToFirstFrame>
      </frames>
      <events>
        <event>
          <eventType>FrameAnimationLoopEnds</eventType>
          <eventActions>
            <eventAction>ChangeFrameCollection</eventAction>
          </eventActions>
          <changeFrameCollectionIndexTo>1</changeFrameCollectionIndexTo>
          <whenFrameCollectionIndexIs>0</whenFrameCollectionIndexIs>
        </event>
        <event>
          <eventType>FrameAnimationLoopEnds</eventType>
          <eventActions>
            <eventAction>ChangeFrameCollection</eventAction>
          </eventActions>
          <changeFrameCollectionIndexTo>2</changeFrameCollectionIndexTo>
          <whenFrameCollectionIndexIs>1</whenFrameCollectionIndexIs>
        </event>
        <event>
          <eventType>FrameAnimationReturnBackwardToFirstFrameEnds</eventType>
          <eventActions>
            <eventAction>ChangeFrameCollection</eventAction>
            <eventAction>ChangeSpeedAnimationForFrames</eventAction>
          </eventActions>
          <newSpeedAnimationForFrames>25</newSpeedAnimationForFrames>
          <changeFrameCollectionIndexTo>0</changeFrameCollectionIndexTo>
          <whenFrameCollectionIndexIs>2</whenFrameCollectionIndexIs>
        </event>
      </events>
      <speed>25</speed>
      <left>264</left>
      <top>19</top>
      <flipImage>Horizontal</flipImage>
    </image>
    <image>
      <frames>
        <reUseTagFramesFromPreviousImage>true</reUseTagFramesFromPreviousImage>
        <returnBackwardToFirstFrame>true</returnBackwardToFirstFrame>
      </frames>
      <events>
        <event>
          <eventType>FrameAnimationLoopEnds</eventType>
          <eventActions>
            <eventAction>ChangeFrameCollection</eventAction>
          </eventActions>
          <changeFrameCollectionIndexTo>1</changeFrameCollectionIndexTo>
          <whenFrameCollectionIndexIs>0</whenFrameCollectionIndexIs>
        </event>
        <event>
          <eventType>FrameAnimationLoopEnds</eventType>
          <eventActions>
            <eventAction>ChangeFrameCollection</eventAction>
          </eventActions>
          <changeFrameCollectionIndexTo>2</changeFrameCollectionIndexTo>
          <whenFrameCollectionIndexIs>1</whenFrameCollectionIndexIs>
        </event>
        <event>
          <eventType>FrameAnimationReturnBackwardToFirstFrameEnds</eventType>
          <eventActions>
            <eventAction>ChangeFrameCollection</eventAction>
            <eventAction>ChangeSpeedAnimationForFrames</eventAction>
          </eventActions>
          <newSpeedAnimationForFrames>30</newSpeedAnimationForFrames>
          <changeFrameCollectionIndexTo>0</changeFrameCollectionIndexTo>
          <whenFrameCollectionIndexIs>2</whenFrameCollectionIndexIs>
        </event>
      </events>
      <speed>45</speed>
      <left>392</left>
      <top>131</top>
      <flipImage>Horizontal</flipImage>
    </image>
    <image>
      <frames>
        <reUseTagFramesFromPreviousImage>true</reUseTagFramesFromPreviousImage>
        <returnBackwardToFirstFrame>true</returnBackwardToFirstFrame>
      </frames>
      <events>
        <event>
          <eventType>FrameAnimationLoopEnds</eventType>
          <eventActions>
            <eventAction>ChangeFrameCollection</eventAction>
          </eventActions>
          <changeFrameCollectionIndexTo>1</changeFrameCollectionIndexTo>
          <whenFrameCollectionIndexIs>0</whenFrameCollectionIndexIs>
        </event>
        <event>
          <eventType>FrameAnimationLoopEnds</eventType>
          <eventActions>
            <eventAction>ChangeFrameCollection</eventAction>
          </eventActions>
          <changeFrameCollectionIndexTo>2</changeFrameCollectionIndexTo>
          <whenFrameCollectionIndexIs>1</whenFrameCollectionIndexIs>
        </event>
        <event>
          <eventType>FrameAnimationReturnBackwardToFirstFrameEnds</eventType>
          <eventActions>
            <eventAction>ChangeFrameCollection</eventAction>
            <eventAction>ChangeSpeedAnimationForFrames</eventAction>
          </eventActions>
          <newSpeedAnimationForFrames>30</newSpeedAnimationForFrames>
          <changeFrameCollectionIndexTo>0</changeFrameCollectionIndexTo>
          <whenFrameCollectionIndexIs>2</whenFrameCollectionIndexIs>
        </event>
      </events>
      <speed>65</speed>
      <left>743</left>
      <top>19</top>
    </image>
    <image>
      <frames>
        <frameCollection>
          <frame>
            <fileName>eneB0.png</fileName>
          </frame>
        </frameCollection>
        <frameCollection>
          <frame>
            <fileName>eneB1.png</fileName>
            <delay>11</delay>
          </frame>
        </frameCollection>
        <frameCollection>
          <frame>
            <fileName>eneB2.png</fileName>
            <delay>1</delay>
          </frame>
          <frame>
            <fileName>eneB3.png</fileName>
          </frame>
          <frame>
            <fileName>eneB4.png</fileName>
          </frame>
          <frame>
            <fileName>eneB5.png</fileName>
          </frame>
          <frame>
            <fileName>eneB6.png</fileName>
          </frame>
          <frame>
            <fileName>eneB7.png</fileName>
          </frame>
          <frame>
            <fileName>eneB8.png</fileName>
          </frame>
          <frame>
            <fileName>eneB9.png</fileName>
            <delay>1</delay>
          </frame>
          <frame>
            <fileName>eneB10.png</fileName>
            <delay>10</delay>
          </frame>
        </frameCollection>
        <returnBackwardToFirstFrame>true</returnBackwardToFirstFrame>
      </frames>
      <events>
        <event>
          <eventType>FrameAnimationLoopEnds</eventType>
          <eventActions>
            <eventAction>ChangeFrameCollection</eventAction>
          </eventActions>
          <changeFrameCollectionIndexTo>1</changeFrameCollectionIndexTo>
          <whenFrameCollectionIndexIs>0</whenFrameCollectionIndexIs>
        </event>
        <event>
          <eventType>FrameAnimationLoopEnds</eventType>
          <eventActions>
            <eventAction>ChangeFrameCollection</eventAction>
          </eventActions>
          <changeFrameCollectionIndexTo>2</changeFrameCollectionIndexTo>
          <whenFrameCollectionIndexIs>1</whenFrameCollectionIndexIs>
        </event>
        <event>
          <eventType>FrameAnimationReturnBackwardToFirstFrameEnds</eventType>
          <eventActions>
            <eventAction>ChangeFrameCollection</eventAction>
            <eventAction>ChangeSpeedAnimationForFrames</eventAction>
          </eventActions>
          <newSpeedAnimationForFrames>50</newSpeedAnimationForFrames>
          <changeFrameCollectionIndexTo>0</changeFrameCollectionIndexTo>
          <whenFrameCollectionIndexIs>2</whenFrameCollectionIndexIs>
        </event>
      </events>
      <speed>50</speed>
      <left>263</left>
      <top>64</top>
    </image>
    <image>
      <frames>
        <reUseTagFramesFromPreviousImage>true</reUseTagFramesFromPreviousImage>
        <returnBackwardToFirstFrame>true</returnBackwardToFirstFrame>
      </frames>
      <events>
        <event>
          <eventType>FrameAnimationLoopEnds</eventType>
          <eventActions>
            <eventAction>ChangeFrameCollection</eventAction>
          </eventActions>
          <changeFrameCollectionIndexTo>1</changeFrameCollectionIndexTo>
          <whenFrameCollectionIndexIs>0</whenFrameCollectionIndexIs>
        </event>
        <event>
          <eventType>FrameAnimationLoopEnds</eventType>
          <eventActions>
            <eventAction>ChangeFrameCollection</eventAction>
          </eventActions>
          <changeFrameCollectionIndexTo>2</changeFrameCollectionIndexTo>
          <whenFrameCollectionIndexIs>1</whenFrameCollectionIndexIs>
        </event>
        <event>
          <eventType>FrameAnimationReturnBackwardToFirstFrameEnds</eventType>
          <eventActions>
            <eventAction>ChangeFrameCollection</eventAction>
            <eventAction>ChangeSpeedAnimationForFrames</eventAction>
          </eventActions>
          <newSpeedAnimationForFrames>15</newSpeedAnimationForFrames>
          <changeFrameCollectionIndexTo>0</changeFrameCollectionIndexTo>
          <whenFrameCollectionIndexIs>2</whenFrameCollectionIndexIs>
        </event>
      </events>
      <speed>15</speed>
      <left>312</left>
      <top>16</top>
      <flipImage>Horizontal</flipImage>
    </image>
    <image>
      <frames>
        <frameCollection>
          <frame>
            <fileName from="zdxMabe">ene1.png</fileName>
          </frame>
          <frame>
            <fileName from="zdxMabe">ene2.png</fileName>
          </frame>
        </frameCollection>
        <frameCollection>
          <frame>
            <fileName from="zdxMabe">ene5.png</fileName>
          </frame>
          <frame>
            <fileName from="zdxMabe">ene6.png</fileName>
          </frame>
        </frameCollection>
      </frames>
      <moveAnimation>
        <iniTop>276</iniTop>
        <maxTop>332</maxTop>
        <pixelsMoveTop>2</pixelsMoveTop>
      </moveAnimation>
      <imageTimer>
        <timerDelay>460</timerDelay>
      </imageTimer>
      <events>
        <event>
          <eventType>MoveAnimationMaxTopReached</eventType>
          <eventActions>
            <eventAction>ChangeFrameCollection</eventAction>
          </eventActions>
          <changeFrameCollectionIndexTo>0</changeFrameCollectionIndexTo>
        </event>
        <event>
          <eventType>MoveAnimationMaxBottomReached</eventType>
          <eventActions>
            <eventAction>ChangeFrameCollection</eventAction>
          </eventActions>
          <changeFrameCollectionIndexTo>1</changeFrameCollectionIndexTo>
        </event>
        <event>
          <eventType>Timer</eventType>
          <eventActions>
            <eventAction>ChangeTimerDelay</eventAction>
            <eventAction>StopAnimationAndMove</eventAction>
            <eventAction>ChangeCustomCondition</eventAction>
          </eventActions>
          <whenCustomConditionIs>running</whenCustomConditionIs>
          <newTimerDelay>300</newTimerDelay>
          <newCustomCondition>stoppped</newCustomCondition>
        </event>
        <event>
          <eventType>Timer</eventType>
          <eventActions>
            <eventAction>ChangeTimerDelay</eventAction>
            <eventAction>ResumeAnimationAndMove</eventAction>
            <eventAction>ChangeCustomCondition</eventAction>
          </eventActions>
          <whenCustomConditionIs>stoppped</whenCustomConditionIs>
          <newTimerDelay>800</newTimerDelay>
          <newCustomCondition>running</newCustomCondition>
        </event>
        <defaultCustomCondition>running</defaultCustomCondition>
      </events>
      <left>208</left>
      <top>280</top>
      <speed>1</speed>
    </image>
    <image>
      <frames>
        <reUseTagFramesFromPreviousImage>true</reUseTagFramesFromPreviousImage>
      </frames>
      <moveAnimation>
        <iniTop>300</iniTop>
        <maxTop>332</maxTop>
        <pixelsMoveTop>2</pixelsMoveTop>
      </moveAnimation>
      <imageTimer>
        <timerDelay>460</timerDelay>
      </imageTimer>
      <events>
        <event>
          <eventType>MoveAnimationMaxTopReached</eventType>
          <eventActions>
            <eventAction>ChangeFrameCollection</eventAction>
          </eventActions>
          <changeFrameCollectionIndexTo>0</changeFrameCollectionIndexTo>
        </event>
        <event>
          <eventType>MoveAnimationMaxBottomReached</eventType>
          <eventActions>
            <eventAction>ChangeFrameCollection</eventAction>
          </eventActions>
          <changeFrameCollectionIndexTo>1</changeFrameCollectionIndexTo>
        </event>
        <event>
          <eventType>Timer</eventType>
          <eventActions>
            <eventAction>ChangeTimerDelay</eventAction>
            <eventAction>StopAnimationAndMove</eventAction>
            <eventAction>ChangeCustomCondition</eventAction>
          </eventActions>
          <whenCustomConditionIs>running</whenCustomConditionIs>
          <newTimerDelay>300</newTimerDelay>
          <newCustomCondition>stoppped</newCustomCondition>
        </event>
        <event>
          <eventType>Timer</eventType>
          <eventActions>
            <eventAction>ChangeTimerDelay</eventAction>
            <eventAction>ResumeAnimationAndMove</eventAction>
            <eventAction>ChangeCustomCondition</eventAction>
          </eventActions>
          <whenCustomConditionIs>stoppped</whenCustomConditionIs>
          <newTimerDelay>800</newTimerDelay>
          <newCustomCondition>running</newCustomCondition>
        </event>
        <defaultCustomCondition>running</defaultCustomCondition>
      </events>
      <left>632</left>
      <top>300</top>
      <speed>1</speed>
    </image>
    <image>
      <frames>
        <reUseTagFramesFromPreviousImage>true</reUseTagFramesFromPreviousImage>
      </frames>
      <moveAnimation>
        <iniTop>100</iniTop>
        <maxTop>170</maxTop>
        <pixelsMoveTop>2</pixelsMoveTop>
      </moveAnimation>
      <imageTimer>
        <timerDelay>570</timerDelay>
      </imageTimer>
      <events>
        <event>
          <eventType>MoveAnimationMaxTopReached</eventType>
          <eventActions>
            <eventAction>ChangeFrameCollection</eventAction>
          </eventActions>
          <changeFrameCollectionIndexTo>0</changeFrameCollectionIndexTo>
        </event>
        <event>
          <eventType>MoveAnimationMaxBottomReached</eventType>
          <eventActions>
            <eventAction>ChangeFrameCollection</eventAction>
          </eventActions>
          <changeFrameCollectionIndexTo>1</changeFrameCollectionIndexTo>
        </event>
        <event>
          <eventType>Timer</eventType>
          <eventActions>
            <eventAction>ChangeTimerDelay</eventAction>
            <eventAction>StopAnimationAndMove</eventAction>
            <eventAction>ChangeCustomCondition</eventAction>
          </eventActions>
          <whenCustomConditionIs>running</whenCustomConditionIs>
          <newTimerDelay>300</newTimerDelay>
          <newCustomCondition>stoppped</newCustomCondition>
        </event>
        <event>
          <eventType>Timer</eventType>
          <eventActions>
            <eventAction>ChangeTimerDelay</eventAction>
            <eventAction>ResumeAnimationAndMove</eventAction>
            <eventAction>ChangeCustomCondition</eventAction>
          </eventActions>
          <whenCustomConditionIs>stoppped</whenCustomConditionIs>
          <newTimerDelay>850</newTimerDelay>
          <newCustomCondition>running</newCustomCondition>
        </event>
        <defaultCustomCondition>running</defaultCustomCondition>
      </events>
      <left>610</left>
      <top>150</top>
      <speed>1</speed>
    </image>
    <image>
      <frames>
        <reUseTagFramesFromPreviousImage>true</reUseTagFramesFromPreviousImage>
      </frames>
      <moveAnimation>
        <iniTop>114</iniTop>
        <maxTop>174</maxTop>
        <pixelsMoveTop>2</pixelsMoveTop>
      </moveAnimation>
      <imageTimer>
        <timerDelay>600</timerDelay>
      </imageTimer>
      <events>
        <event>
          <eventType>MoveAnimationMaxTopReached</eventType>
          <eventActions>
            <eventAction>ChangeFrameCollection</eventAction>
          </eventActions>
          <changeFrameCollectionIndexTo>0</changeFrameCollectionIndexTo>
        </event>
        <event>
          <eventType>MoveAnimationMaxBottomReached</eventType>
          <eventActions>
            <eventAction>ChangeFrameCollection</eventAction>
          </eventActions>
          <changeFrameCollectionIndexTo>1</changeFrameCollectionIndexTo>
        </event>
        <event>
          <eventType>Timer</eventType>
          <eventActions>
            <eventAction>ChangeTimerDelay</eventAction>
            <eventAction>StopAnimationAndMove</eventAction>
            <eventAction>ChangeCustomCondition</eventAction>
          </eventActions>
          <whenCustomConditionIs>running</whenCustomConditionIs>
          <newTimerDelay>300</newTimerDelay>
          <newCustomCondition>stoppped</newCustomCondition>
        </event>
        <event>
          <eventType>Timer</eventType>
          <eventActions>
            <eventAction>ChangeTimerDelay</eventAction>
            <eventAction>ResumeAnimationAndMove</eventAction>
            <eventAction>ChangeCustomCondition</eventAction>
          </eventActions>
          <whenCustomConditionIs>stoppped</whenCustomConditionIs>
          <newTimerDelay>600</newTimerDelay>
          <newCustomCondition>running</newCustomCondition>
        </event>
        <defaultCustomCondition>running</defaultCustomCondition>
      </events>
      <left>764</left>
      <top>116</top>
      <speed>1</speed>
    </image>
    <image>
      <frames>
        <frame>
          <fileName from="zdxMabe">ene3.png</fileName>
        </frame>
        <frame>
          <fileName from="zdxMabe">ene4.png</fileName>
        </frame>
        <framesAnimationSpeed>3</framesAnimationSpeed>
      </frames>
      <moveAnimation>
        <iniLeft>128</iniLeft>
        <maxLeft>184</maxLeft>
        <pixelsMoveLeft>-2</pixelsMoveLeft>
      </moveAnimation>
      <imageTimer>
        <timerDelay>800</timerDelay>
      </imageTimer>
      <events>
        <event>
          <eventType>MoveAnimationMaxLeftReached</eventType>
          <eventActions>
            <eventAction>FlipImage</eventAction>
          </eventActions>
        </event>
        <event>
          <eventType>MoveAnimationMaxRightReached</eventType>
          <eventActions>
            <eventAction>FlipImage</eventAction>
            <eventAction>ChangeTimerDelay</eventAction>
            <eventAction>StopAnimationAndMove</eventAction>
            <eventAction>ChangeCustomCondition</eventAction>
          </eventActions>
          <newTimerDelay>300</newTimerDelay>
          <newCustomCondition>stoppped</newCustomCondition>
        </event>
        <event>
          <eventType>Timer</eventType>
          <eventActions>
            <eventAction>ChangeTimerDelay</eventAction>
            <eventAction>StopAnimationAndMove</eventAction>
            <eventAction>ChangeCustomCondition</eventAction>
          </eventActions>
          <whenCustomConditionIs>running</whenCustomConditionIs>
          <newTimerDelay>300</newTimerDelay>
          <newCustomCondition>stoppped</newCustomCondition>
        </event>
        <event>
          <eventType>Timer</eventType>
          <eventActions>
            <eventAction>ChangeTimerDelay</eventAction>
            <eventAction>ResumeAnimationAndMove</eventAction>
            <eventAction>ChangeCustomCondition</eventAction>
          </eventActions>
          <whenCustomConditionIs>stoppped</whenCustomConditionIs>
          <newTimerDelay>800</newTimerDelay>
          <newCustomCondition>running</newCustomCondition>
        </event>
        <defaultCustomCondition>running</defaultCustomCondition>
      </events>
      <left>140</left>
      <top>320</top>
      <speed>1</speed>
    </image>
    <image>
      <frames>
        <reUseTagFramesFromPreviousImage>true</reUseTagFramesFromPreviousImage>
        <framesAnimationSpeed>3</framesAnimationSpeed>
        <defaultFrameCollection>1</defaultFrameCollection>
      </frames>
      <moveAnimation>
        <iniLeft>145</iniLeft>
        <maxLeft>212</maxLeft>
        <pixelsMoveLeft>2</pixelsMoveLeft>
      </moveAnimation>
      <imageTimer>
        <timerDelay>800</timerDelay>
      </imageTimer>
      <events>
        <event>
          <eventType>MoveAnimationMaxLeftReached</eventType>
          <eventActions>
            <eventAction>FlipImage</eventAction>
          </eventActions>
        </event>
        <event>
          <eventType>MoveAnimationMaxRightReached</eventType>
          <eventActions>
            <eventAction>FlipImage</eventAction>
            <eventAction>ChangeTimerDelay</eventAction>
            <eventAction>StopAnimationAndMove</eventAction>
            <eventAction>ChangeCustomCondition</eventAction>
          </eventActions>
          <newTimerDelay>300</newTimerDelay>
          <newCustomCondition>stoppped</newCustomCondition>
        </event>
        <event>
          <eventType>Timer</eventType>
          <eventActions>
            <eventAction>ChangeTimerDelay</eventAction>
            <eventAction>StopAnimationAndMove</eventAction>
            <eventAction>ChangeCustomCondition</eventAction>
          </eventActions>
          <whenCustomConditionIs>running</whenCustomConditionIs>
          <newTimerDelay>300</newTimerDelay>
          <newCustomCondition>stoppped</newCustomCondition>
        </event>
        <event>
          <eventType>Timer</eventType>
          <eventActions>
            <eventAction>ChangeTimerDelay</eventAction>
            <eventAction>ResumeAnimationAndMove</eventAction>
            <eventAction>ChangeCustomCondition</eventAction>
          </eventActions>
          <whenCustomConditionIs>stoppped</whenCustomConditionIs>
          <newTimerDelay>800</newTimerDelay>
          <newCustomCondition>running</newCustomCondition>
        </event>
        <defaultCustomCondition>running</defaultCustomCondition>
      </events>
      <left>190</left>
      <top>140</top>
      <speed>1</speed>
      <flipImage>Horizontal</flipImage>
    </image>
    <image>
      <frames>
        <reUseTagFramesFromPreviousImage>true</reUseTagFramesFromPreviousImage>
        <framesAnimationSpeed>3</framesAnimationSpeed>
      </frames>
      <moveAnimation>
        <iniLeft>592</iniLeft>
        <maxLeft>648</maxLeft>
        <pixelsMoveLeft>-2</pixelsMoveLeft>
      </moveAnimation>
      <imageTimer>
        <timerDelay>800</timerDelay>
      </imageTimer>
      <events>
        <event>
          <eventType>MoveAnimationMaxLeftReached</eventType>
          <eventActions>
            <eventAction>FlipImage</eventAction>
          </eventActions>
        </event>
        <event>
          <eventType>MoveAnimationMaxRightReached</eventType>
          <eventActions>
            <eventAction>FlipImage</eventAction>
            <eventAction>ChangeTimerDelay</eventAction>
            <eventAction>StopAnimationAndMove</eventAction>
            <eventAction>ChangeCustomCondition</eventAction>
          </eventActions>
          <newTimerDelay>300</newTimerDelay>
          <newCustomCondition>stoppped</newCustomCondition>
        </event>
        <event>
          <eventType>Timer</eventType>
          <eventActions>
            <eventAction>ChangeTimerDelay</eventAction>
            <eventAction>StopAnimationAndMove</eventAction>
            <eventAction>ChangeCustomCondition</eventAction>
          </eventActions>
          <whenCustomConditionIs>running</whenCustomConditionIs>
          <newTimerDelay>300</newTimerDelay>
          <newCustomCondition>stoppped</newCustomCondition>
        </event>
        <event>
          <eventType>Timer</eventType>
          <eventActions>
            <eventAction>ChangeTimerDelay</eventAction>
            <eventAction>ResumeAnimationAndMove</eventAction>
            <eventAction>ChangeCustomCondition</eventAction>
          </eventActions>
          <whenCustomConditionIs>stoppped</whenCustomConditionIs>
          <newTimerDelay>800</newTimerDelay>
          <newCustomCondition>running</newCustomCondition>
        </event>
        <defaultCustomCondition>running</defaultCustomCondition>
      </events>
      <left>600</left>
      <top>332</top>
      <speed>1</speed>
    </image>
    <image>
      <frames>
        <reUseTagFramesFromPreviousImage>true</reUseTagFramesFromPreviousImage>
        <framesAnimationSpeed>3</framesAnimationSpeed>
      </frames>
      <moveAnimation>
        <iniLeft>512</iniLeft>
        <maxLeft>568</maxLeft>
        <pixelsMoveLeft>-2</pixelsMoveLeft>
      </moveAnimation>
      <imageTimer>
        <timerDelay>800</timerDelay>
      </imageTimer>
      <events>
        <event>
          <eventType>MoveAnimationMaxRightReached</eventType>
          <eventActions>
            <eventAction>FlipImage</eventAction>
          </eventActions>
        </event>
        <event>
          <eventType>MoveAnimationMaxLeftReached</eventType>
          <eventActions>
            <eventAction>FlipImage</eventAction>
            <eventAction>ChangeTimerDelay</eventAction>
            <eventAction>StopAnimationAndMove</eventAction>
            <eventAction>ChangeCustomCondition</eventAction>
          </eventActions>
          <newTimerDelay>600</newTimerDelay>
          <newCustomCondition>stoppped</newCustomCondition>
        </event>
        <event>
          <eventType>MoveAnimationMaxLeftReached</eventType>
          <eventActions>
            <eventAction>EnableByID</eventAction>
          </eventActions>
          <ids>ballb</ids>
        </event>
        <event>
          <eventType>Timer</eventType>
          <eventActions>
            <eventAction>ChangeTimerDelay</eventAction>
            <eventAction>StopAnimationAndMove</eventAction>
            <eventAction>ChangeCustomCondition</eventAction>
          </eventActions>
          <whenCustomConditionIs>running</whenCustomConditionIs>
          <newTimerDelay>300</newTimerDelay>
          <newCustomCondition>stoppped</newCustomCondition>
        </event>
        <event>
          <eventType>Timer</eventType>
          <eventActions>
            <eventAction>ChangeTimerDelay</eventAction>
            <eventAction>ResumeAnimationAndMove</eventAction>
            <eventAction>ChangeCustomCondition</eventAction>
          </eventActions>
          <whenCustomConditionIs>stoppped</whenCustomConditionIs>
          <newTimerDelay>800</newTimerDelay>
          <newCustomCondition>running</newCustomCondition>
        </event>
        <defaultCustomCondition>running</defaultCustomCondition>
      </events>
      <left>530</left>
      <top>134</top>
      <speed>1</speed>
    </image>
    <image>
      <frames>
        <reUseTagFramesFromPreviousImage>true</reUseTagFramesFromPreviousImage>
        <framesAnimationSpeed>3</framesAnimationSpeed>
      </frames>
      <moveAnimation>
        <iniLeft>580</iniLeft>
        <maxLeft>710</maxLeft>
        <pixelsMoveLeft>-2</pixelsMoveLeft>
      </moveAnimation>
      <imageTimer>
        <timerDelay>800</timerDelay>
      </imageTimer>
      <events>
        <event>
          <eventType>MoveAnimationMaxLeftReached</eventType>
          <eventActions>
            <eventAction>FlipImage</eventAction>
          </eventActions>
        </event>
        <event>
          <eventType>MoveAnimationMaxRightReached</eventType>
          <eventActions>
            <eventAction>FlipImage</eventAction>
            <eventAction>ChangeTimerDelay</eventAction>
            <eventAction>StopAnimationAndMove</eventAction>
            <eventAction>ChangeCustomCondition</eventAction>
          </eventActions>
          <newTimerDelay>300</newTimerDelay>
          <newCustomCondition>stoppped</newCustomCondition>
        </event>
        <event>
          <eventType>Timer</eventType>
          <eventActions>
            <eventAction>ChangeTimerDelay</eventAction>
            <eventAction>StopAnimationAndMove</eventAction>
            <eventAction>ChangeCustomCondition</eventAction>
          </eventActions>
          <whenCustomConditionIs>running</whenCustomConditionIs>
          <newTimerDelay>300</newTimerDelay>
          <newCustomCondition>stoppped</newCustomCondition>
        </event>
        <event>
          <eventType>Timer</eventType>
          <eventActions>
            <eventAction>ChangeTimerDelay</eventAction>
            <eventAction>ResumeAnimationAndMove</eventAction>
            <eventAction>ChangeCustomCondition</eventAction>
          </eventActions>
          <whenCustomConditionIs>stoppped</whenCustomConditionIs>
          <newTimerDelay>800</newTimerDelay>
          <newCustomCondition>running</newCustomCondition>
        </event>
        <defaultCustomCondition>running</defaultCustomCondition>
      </events>
      <left>600</left>
      <top>4</top>
      <speed>1</speed>
    </image>
    <image>
      <frames>
        <reUseTagFramesFromPreviousImage>true</reUseTagFramesFromPreviousImage>
        <framesAnimationSpeed>3</framesAnimationSpeed>
      </frames>
      <moveAnimation>
        <iniLeft>750</iniLeft>
        <maxLeft>840</maxLeft>
        <pixelsMoveLeft>2</pixelsMoveLeft>
      </moveAnimation>
      <imageTimer>
        <timerDelay>650</timerDelay>
      </imageTimer>
      <events>
        <event>
          <eventType>MoveAnimationMaxLeftReached</eventType>
          <eventActions>
            <eventAction>FlipImage</eventAction>
          </eventActions>
        </event>
        <event>
          <eventType>MoveAnimationMaxRightReached</eventType>
          <eventActions>
            <eventAction>FlipImage</eventAction>
            <eventAction>ChangeTimerDelay</eventAction>
            <eventAction>StopAnimationAndMove</eventAction>
            <eventAction>ChangeCustomCondition</eventAction>
          </eventActions>
          <newTimerDelay>300</newTimerDelay>
          <newCustomCondition>stoppped</newCustomCondition>
        </event>
        <event>
          <eventType>Timer</eventType>
          <eventActions>
            <eventAction>ChangeTimerDelay</eventAction>
            <eventAction>StopAnimationAndMove</eventAction>
            <eventAction>ChangeCustomCondition</eventAction>
          </eventActions>
          <whenCustomConditionIs>running</whenCustomConditionIs>
          <newTimerDelay>300</newTimerDelay>
          <newCustomCondition>stoppped</newCustomCondition>
        </event>
        <event>
          <eventType>Timer</eventType>
          <eventActions>
            <eventAction>ChangeTimerDelay</eventAction>
            <eventAction>ResumeAnimationAndMove</eventAction>
            <eventAction>ChangeCustomCondition</eventAction>
          </eventActions>
          <whenCustomConditionIs>stoppped</whenCustomConditionIs>
          <newTimerDelay>650</newTimerDelay>
          <newCustomCondition>running</newCustomCondition>
        </event>
        <defaultCustomCondition>running</defaultCustomCondition>
      </events>
      <left>800</left>
      <top>200</top>
      <flipImage>Horizontal</flipImage>
      <speed>1</speed>
    </image>
    <image>
      <frames>
        <frameCollection>
          <frame>
            <fileName from="zdxMabe">eneshot1.png</fileName>
          </frame>
        </frameCollection>
        <frameCollection>
          <convertImageSequenceInFrames from="zdxMabe">
            <filePreName>eneshot</filePreName>
            <startNumber>2</startNumber>
            <endNumber>9</endNumber>
            <fileNameExtension>png</fileNameExtension>
          </convertImageSequenceInFrames>
        </frameCollection>
        <!--<defaultFrameCollection>1</defaultFrameCollection>-->
      </frames>
      <disableImage>true</disableImage>
      <moveAnimation>
        <iniLeft>518</iniLeft>
        <maxLeft>572</maxLeft>
        <pixelsMoveLeft>4</pixelsMoveLeft>
      </moveAnimation>
      <events>
        <event>
          <eventType>MoveAnimationMaxRightReached</eventType>
          <eventActions>
            <eventAction>StopMove</eventAction>
            <eventAction>ChangeFrameCollection</eventAction>
          </eventActions>
          <changeFrameCollectionIndexTo>1</changeFrameCollectionIndexTo>
        </event>
        <event>
          <eventType>FrameAnimationLoopEnds</eventType>
          <eventActions>
            <eventAction>ChangeFrameCollection</eventAction>
            <eventAction>ResumeMove</eventAction>
            <eventAction>DisableImage</eventAction>
            <eventAction>EditPosition</eventAction>
          </eventActions>
          <changeFrameCollectionIndexTo>0</changeFrameCollectionIndexTo>
          <newCoordinates>518;134</newCoordinates>
          <whenFrameCollectionIndexIs>1</whenFrameCollectionIndexIs>
        </event>
      </events>
      <id>ballb</id>
      <left>518</left>
      <top>134</top>
      <flipImage>Horizontal</flipImage>
      <speed>1</speed>
    </image>
    <image>
      <frames>
        <frame>
          <fileName from="zdxLake">ene3b.png</fileName>
        </frame>
        <frame>
          <fileName from="zdxLake">ene3a.png</fileName>
        </frame>
        <frame>
          <fileName from="zdxLake">ene3b.png</fileName>
          <applyAlterationsToThisFrame>
            <alterationsToDo>FlipHorizontal</alterationsToDo>
          </applyAlterationsToThisFrame>
        </frame>
        <frame>
          <fileName from="zdxLake">ene3a.png</fileName>
        </frame>
        <framesAnimationSpeed>3</framesAnimationSpeed>
      </frames>
      <moveAnimation>
        <iniLeft>992</iniLeft>
        <iniTop>448</iniTop>
        <maxLeft>1076</maxLeft>
        <maxTop>464</maxTop>
        <pixelsMoveTop>-1</pixelsMoveTop>
        <pixelsMoveLeft>-2</pixelsMoveLeft>
      </moveAnimation>
      <left>1000</left>
      <top>452</top>
      <speed>2</speed>
    </image>
    <image>
      <frames>
        <reUseTagFramesFromPreviousImage>true</reUseTagFramesFromPreviousImage>
        <framesAnimationSpeed>3</framesAnimationSpeed>
      </frames>
      <moveAnimation>
        <iniLeft>1136</iniLeft>
        <iniTop>352</iniTop>
        <maxLeft>1156</maxLeft>
        <maxTop>400</maxTop>
        <pixelsMoveTop>-2</pixelsMoveTop>
        <pixelsMoveLeft>1</pixelsMoveLeft>
      </moveAnimation>
      <left>1140</left>
      <top>390</top>
      <speed>2</speed>
    </image>
    <image>
      <frames>
        <reUseTagFramesFromPreviousImage>true</reUseTagFramesFromPreviousImage>
        <framesAnimationSpeed>3</framesAnimationSpeed>
      </frames>
      <moveAnimation>
        <iniLeft>1136</iniLeft>
        <iniTop>208</iniTop>
        <maxLeft>1156</maxLeft>
        <maxTop>286</maxTop>
        <pixelsMoveTop>-2</pixelsMoveTop>
        <pixelsMoveLeft>1</pixelsMoveLeft>
      </moveAnimation>
      <left>1154</left>
      <top>280</top>
      <speed>2</speed>
    </image>
    <image>
      <frames>
        <reUseTagFramesFromPreviousImage>true</reUseTagFramesFromPreviousImage>
        <framesAnimationSpeed>3</framesAnimationSpeed>
      </frames>
      <moveAnimation>
        <iniLeft>1020</iniLeft>
        <iniTop>304</iniTop>
        <maxLeft>1060</maxLeft>
        <maxTop>320</maxTop>
        <pixelsMoveTop>-1</pixelsMoveTop>
        <pixelsMoveLeft>-2</pixelsMoveLeft>
      </moveAnimation>
      <left>1022</left>
      <top>310</top>
      <speed>2</speed>
    </image>
    <image>
      <frames>
        <frameCollection>
          <frame>
            <fileName from="zdxLake">ene1a.png</fileName>
          </frame>
          <frame>
            <fileName from="zdxLake">ene1b.png</fileName>
          </frame>
          <frame>
            <fileName from="zdxLake">ene1c.png</fileName>
          </frame>
          <frame>
            <fileName from="zdxLake">ene1b.png</fileName>
          </frame>
        </frameCollection>
        <frameCollection>
          <convertImageSequenceInFrames from="zdxLake">
            <filePreName>ene1s</filePreName>
            <startNumber>1</startNumber>
            <endNumber>13</endNumber>
            <fileNameExtension>png</fileNameExtension>
          </convertImageSequenceInFrames>
        </frameCollection>
      </frames>
      <moveAnimation>
        <iniLeft>560</iniLeft>
        <iniTop>392</iniTop>
        <maxLeft>656</maxLeft>
        <maxTop>446</maxTop>
        <pixelsMoveLeft>-2</pixelsMoveLeft>
        <pixelsMoveTop>1</pixelsMoveTop>
        <moveAnimationSpeed>1</moveAnimationSpeed>
      </moveAnimation>
      <imageTimer>
        <timerDelay>3000</timerDelay>
      </imageTimer>
      <events>
        <event>
          <eventType>MoveAnimationMaxRightReached</eventType>
          <eventActions>
            <eventAction>FlipImage</eventAction>
          </eventActions>
        </event>
        <event>
          <eventType>MoveAnimationMaxLeftReached</eventType>
          <eventActions>
            <eventAction>FlipImage</eventAction>
          </eventActions>
        </event>

        <event>
          <eventType>Timer</eventType>
          <eventActions>
            <eventAction>ChangeFrameCollection</eventAction>
            <eventAction>StopMove</eventAction>
            <eventAction>ChangeSpeedAnimationForFrames</eventAction>
          </eventActions>
          <newSpeedAnimationForFrames>1</newSpeedAnimationForFrames>
          <changeFrameCollectionIndexTo>1</changeFrameCollectionIndexTo>
          <whenFrameCollectionIndexIs>0</whenFrameCollectionIndexIs>
        </event>
        <event>
          <eventType>FrameAnimationLoopEnds</eventType>
          <eventActions>
            <eventAction>ChangeFrameCollection</eventAction>
            <eventAction>ResumeMove</eventAction>
            <eventAction>ChangeSpeedAnimationForFrames</eventAction>
          </eventActions>
          <changeFrameCollectionIndexTo>0</changeFrameCollectionIndexTo>
          <whenFrameCollectionIndexIs>1</whenFrameCollectionIndexIs>
          <newSpeedAnimationForFrames>2</newSpeedAnimationForFrames>
        </event>
      </events>
      <left>600</left>
      <top>400</top>
      <speed>2</speed>
      <flipImage>Horizontal</flipImage>
    </image>
    <image>
      <frames>
        <reUseTagFramesFromPreviousImage>true</reUseTagFramesFromPreviousImage>
      </frames>
      <moveAnimation>
        <iniLeft>560</iniLeft>
        <iniTop>392</iniTop>
        <maxLeft>656</maxLeft>
        <maxTop>446</maxTop>
        <pixelsMoveLeft>-2</pixelsMoveLeft>
        <pixelsMoveTop>-1</pixelsMoveTop>
        <moveAnimationSpeed>1</moveAnimationSpeed>
      </moveAnimation>
      <imageTimer>
        <timerDelay>2000</timerDelay>
      </imageTimer>
      <events>
        <event>
          <eventType>MoveAnimationMaxRightReached</eventType>
          <eventActions>
            <eventAction>FlipImage</eventAction>
          </eventActions>
        </event>
        <event>
          <eventType>MoveAnimationMaxLeftReached</eventType>
          <eventActions>
            <eventAction>FlipImage</eventAction>
          </eventActions>
        </event>

        <event>
          <eventType>Timer</eventType>
          <eventActions>
            <eventAction>ChangeFrameCollection</eventAction>
            <eventAction>StopMove</eventAction>
            <eventAction>ChangeSpeedAnimationForFrames</eventAction>
          </eventActions>
          <newSpeedAnimationForFrames>1</newSpeedAnimationForFrames>
          <changeFrameCollectionIndexTo>1</changeFrameCollectionIndexTo>
          <whenFrameCollectionIndexIs>0</whenFrameCollectionIndexIs>
        </event>
        <event>
          <eventType>FrameAnimationLoopEnds</eventType>
          <eventActions>
            <eventAction>ChangeFrameCollection</eventAction>
            <eventAction>ResumeMove</eventAction>
            <eventAction>ChangeSpeedAnimationForFrames</eventAction>
          </eventActions>
          <changeFrameCollectionIndexTo>0</changeFrameCollectionIndexTo>
          <whenFrameCollectionIndexIs>1</whenFrameCollectionIndexIs>
          <newSpeedAnimationForFrames>2</newSpeedAnimationForFrames>
        </event>
      </events>
      <left>570</left>
      <top>394</top>
      <speed>2</speed>
      <flipImage>Horizontal</flipImage>
    </image>
    <image>
      <frames>
        <reUseTagFramesFromPreviousImage>true</reUseTagFramesFromPreviousImage>
      </frames>
      <moveAnimation>
        <iniLeft>958</iniLeft>
        <iniTop>232</iniTop>
        <maxLeft>1018</maxLeft>
        <maxTop>318</maxTop>
        <pixelsMoveLeft>2</pixelsMoveLeft>
        <pixelsMoveTop>1</pixelsMoveTop>
        <moveAnimationSpeed>1</moveAnimationSpeed>
      </moveAnimation>
      <imageTimer>
        <timerDelay>2000</timerDelay>
      </imageTimer>
      <events>
        <event>
          <eventType>MoveAnimationMaxRightReached</eventType>
          <eventActions>
            <eventAction>FlipImage</eventAction>
          </eventActions>
        </event>
        <event>
          <eventType>MoveAnimationMaxLeftReached</eventType>
          <eventActions>
            <eventAction>FlipImage</eventAction>
          </eventActions>
        </event>

        <event>
          <eventType>Timer</eventType>
          <eventActions>
            <eventAction>ChangeFrameCollection</eventAction>
            <eventAction>StopMove</eventAction>
            <eventAction>ChangeSpeedAnimationForFrames</eventAction>
          </eventActions>
          <newSpeedAnimationForFrames>1</newSpeedAnimationForFrames>
          <changeFrameCollectionIndexTo>1</changeFrameCollectionIndexTo>
          <whenFrameCollectionIndexIs>0</whenFrameCollectionIndexIs>
        </event>
        <event>
          <eventType>FrameAnimationLoopEnds</eventType>
          <eventActions>
            <eventAction>ChangeFrameCollection</eventAction>
            <eventAction>ResumeMove</eventAction>
            <eventAction>ChangeSpeedAnimationForFrames</eventAction>
          </eventActions>
          <changeFrameCollectionIndexTo>0</changeFrameCollectionIndexTo>
          <whenFrameCollectionIndexIs>1</whenFrameCollectionIndexIs>
          <newSpeedAnimationForFrames>2</newSpeedAnimationForFrames>
        </event>
      </events>
      <left>1000</left>
      <top>250</top>
      <speed>2</speed>
      <flipImage>Horizontal</flipImage>
    </image>
    <image>
      <frames>
        <reUseTagFramesFromPreviousImage>true</reUseTagFramesFromPreviousImage>
      </frames>
      <moveAnimation>
        <iniLeft>872</iniLeft>
        <iniTop>352</iniTop>
        <maxLeft>992</maxLeft>
        <maxTop>368</maxTop>
        <pixelsMoveLeft>2</pixelsMoveLeft>
        <pixelsMoveTop>1</pixelsMoveTop>
        <moveAnimationSpeed>1</moveAnimationSpeed>
      </moveAnimation>
      <imageTimer>
        <timerDelay>2500</timerDelay>
      </imageTimer>
      <events>
        <event>
          <eventType>MoveAnimationMaxRightReached</eventType>
          <eventActions>
            <eventAction>FlipImage</eventAction>
          </eventActions>
        </event>
        <event>
          <eventType>MoveAnimationMaxLeftReached</eventType>
          <eventActions>
            <eventAction>FlipImage</eventAction>
          </eventActions>
        </event>

        <event>
          <eventType>Timer</eventType>
          <eventActions>
            <eventAction>ChangeFrameCollection</eventAction>
            <eventAction>StopMove</eventAction>
            <eventAction>ChangeSpeedAnimationForFrames</eventAction>
          </eventActions>
          <newSpeedAnimationForFrames>1</newSpeedAnimationForFrames>
          <changeFrameCollectionIndexTo>1</changeFrameCollectionIndexTo>
          <whenFrameCollectionIndexIs>0</whenFrameCollectionIndexIs>
        </event>
        <event>
          <eventType>FrameAnimationLoopEnds</eventType>
          <eventActions>
            <eventAction>ChangeFrameCollection</eventAction>
            <eventAction>ResumeMove</eventAction>
            <eventAction>ChangeSpeedAnimationForFrames</eventAction>
          </eventActions>
          <changeFrameCollectionIndexTo>0</changeFrameCollectionIndexTo>
          <whenFrameCollectionIndexIs>1</whenFrameCollectionIndexIs>
          <newSpeedAnimationForFrames>2</newSpeedAnimationForFrames>
        </event>
      </events>
      <left>900</left>
      <top>354</top>
      <speed>2</speed>
      <flipImage>Horizontal</flipImage>
    </image>
    <image>
      <frames>
        <reUseTagFramesFromPreviousImage>true</reUseTagFramesFromPreviousImage>
      </frames>
      <moveAnimation>
        <iniLeft>576</iniLeft>
        <iniTop>102</iniTop>
        <maxLeft>646</maxLeft>
        <maxTop>188</maxTop>
        <pixelsMoveLeft>2</pixelsMoveLeft>
        <pixelsMoveTop>1</pixelsMoveTop>
        <moveAnimationSpeed>1</moveAnimationSpeed>
      </moveAnimation>
      <imageTimer>
        <timerDelay>2500</timerDelay>
      </imageTimer>
      <events>
        <event>
          <eventType>MoveAnimationMaxRightReached</eventType>
          <eventActions>
            <eventAction>FlipImage</eventAction>
          </eventActions>
        </event>
        <event>
          <eventType>MoveAnimationMaxLeftReached</eventType>
          <eventActions>
            <eventAction>FlipImage</eventAction>
          </eventActions>
        </event>

        <event>
          <eventType>Timer</eventType>
          <eventActions>
            <eventAction>ChangeFrameCollection</eventAction>
            <eventAction>StopMove</eventAction>
            <eventAction>ChangeSpeedAnimationForFrames</eventAction>
          </eventActions>
          <newSpeedAnimationForFrames>1</newSpeedAnimationForFrames>
          <changeFrameCollectionIndexTo>1</changeFrameCollectionIndexTo>
          <whenFrameCollectionIndexIs>0</whenFrameCollectionIndexIs>
        </event>
        <event>
          <eventType>FrameAnimationLoopEnds</eventType>
          <eventActions>
            <eventAction>ChangeFrameCollection</eventAction>
            <eventAction>ResumeMove</eventAction>
            <eventAction>ChangeSpeedAnimationForFrames</eventAction>
          </eventActions>
          <changeFrameCollectionIndexTo>0</changeFrameCollectionIndexTo>
          <whenFrameCollectionIndexIs>1</whenFrameCollectionIndexIs>
          <newSpeedAnimationForFrames>2</newSpeedAnimationForFrames>
        </event>
      </events>
      <left>600</left>
      <top>110</top>
      <speed>2</speed>
      <!--<flipImage>Horizontal</flipImage>-->
    </image>
    <image>
      <frames>
        <frame>
          <fileName from="zdxLake">ene2a.png</fileName>
        </frame>
        <frame>
          <fileName from="zdxLake">ene2b.png</fileName>
        </frame>
        <framesAnimationSpeed>3</framesAnimationSpeed>
      </frames>
      <moveAnimation>
        <iniLeft>752</iniLeft>
        <maxLeft>812</maxLeft>
        <pixelsMoveLeft>2</pixelsMoveLeft>
      </moveAnimation>
      <imageTimer>
        <timerDelay>1500</timerDelay>
      </imageTimer>
      <events>
        <event>
          <eventType>MoveAnimationMaxLeftReached</eventType>
          <eventActions>
            <eventAction>FlipImage</eventAction>
          </eventActions>
        </event>
        <event>
          <eventType>MoveAnimationMaxRightReached</eventType>
          <eventActions>
            <eventAction>FlipImage</eventAction>
          </eventActions>
        </event>
        <event>
          <eventType>Timer</eventType>
          <eventActions>
            <eventAction>ChangeTimerDelay</eventAction>
            <eventAction>StopAnimationAndMove</eventAction>
            <eventAction>ChangeCustomCondition</eventAction>
          </eventActions>
          <whenCustomConditionIs>running</whenCustomConditionIs>
          <newTimerDelay>400</newTimerDelay>
          <newCustomCondition>stoppped</newCustomCondition>
        </event>
        <event>
          <eventType>Timer</eventType>
          <eventActions>
            <eventAction>ChangeTimerDelay</eventAction>
            <eventAction>ResumeAnimationAndMove</eventAction>
            <eventAction>ChangeCustomCondition</eventAction>
          </eventActions>
          <whenCustomConditionIs>stoppped</whenCustomConditionIs>
          <newTimerDelay>900</newTimerDelay>
          <newCustomCondition>running</newCustomCondition>
        </event>
        <defaultCustomCondition>running</defaultCustomCondition>
      </events>
      <left>800</left>
      <top>288</top>
      <speed>1</speed>
    </image>
    <image>
      <frames>
        <reUseTagFramesFromPreviousImage>true</reUseTagFramesFromPreviousImage>
        <framesAnimationSpeed>3</framesAnimationSpeed>
      </frames>
      <moveAnimation>
        <iniLeft>698</iniLeft>
        <maxLeft>780</maxLeft>
        <pixelsMoveLeft>2</pixelsMoveLeft>
      </moveAnimation>
      <imageTimer>
        <timerDelay>2000</timerDelay>
      </imageTimer>
      <events>
        <event>
          <eventType>MoveAnimationMaxLeftReached</eventType>
          <eventActions>
            <eventAction>FlipImage</eventAction>
          </eventActions>
        </event>
        <event>
          <eventType>MoveAnimationMaxRightReached</eventType>
          <eventActions>
            <eventAction>FlipImage</eventAction>
          </eventActions>
        </event>
        <event>
          <eventType>Timer</eventType>
          <eventActions>
            <eventAction>ChangeTimerDelay</eventAction>
            <eventAction>StopAnimationAndMove</eventAction>
            <eventAction>ChangeCustomCondition</eventAction>
          </eventActions>
          <whenCustomConditionIs>running</whenCustomConditionIs>
          <newTimerDelay>400</newTimerDelay>
          <newCustomCondition>stoppped</newCustomCondition>
        </event>
        <event>
          <eventType>Timer</eventType>
          <eventActions>
            <eventAction>ChangeTimerDelay</eventAction>
            <eventAction>ResumeAnimationAndMove</eventAction>
            <eventAction>ChangeCustomCondition</eventAction>
          </eventActions>
          <whenCustomConditionIs>stoppped</whenCustomConditionIs>
          <newTimerDelay>900</newTimerDelay>
          <newCustomCondition>running</newCustomCondition>
        </event>
        <defaultCustomCondition>running</defaultCustomCondition>
      </events>
      <left>700</left>
      <top>320</top>
      <speed>1</speed>
    </image>
    <image>
      <frames>
        <reUseTagFramesFromPreviousImage>true</reUseTagFramesFromPreviousImage>
        <framesAnimationSpeed>3</framesAnimationSpeed>
      </frames>
      <moveAnimation>
        <iniLeft>734</iniLeft>
        <maxLeft>798</maxLeft>
        <pixelsMoveLeft>2</pixelsMoveLeft>
      </moveAnimation>
      <imageTimer>
        <timerDelay>2500</timerDelay>
      </imageTimer>
      <events>
        <event>
          <eventType>MoveAnimationMaxLeftReached</eventType>
          <eventActions>
            <eventAction>FlipImage</eventAction>
          </eventActions>
        </event>
        <event>
          <eventType>MoveAnimationMaxRightReached</eventType>
          <eventActions>
            <eventAction>FlipImage</eventAction>
          </eventActions>
        </event>
        <event>
          <eventType>Timer</eventType>
          <eventActions>
            <eventAction>ChangeTimerDelay</eventAction>
            <eventAction>StopAnimationAndMove</eventAction>
            <eventAction>ChangeCustomCondition</eventAction>
          </eventActions>
          <whenCustomConditionIs>running</whenCustomConditionIs>
          <newTimerDelay>400</newTimerDelay>
          <newCustomCondition>stoppped</newCustomCondition>
        </event>
        <event>
          <eventType>Timer</eventType>
          <eventActions>
            <eventAction>ChangeTimerDelay</eventAction>
            <eventAction>ResumeAnimationAndMove</eventAction>
            <eventAction>ChangeCustomCondition</eventAction>
          </eventActions>
          <whenCustomConditionIs>stoppped</whenCustomConditionIs>
          <newTimerDelay>900</newTimerDelay>
          <newCustomCondition>running</newCustomCondition>
        </event>
        <defaultCustomCondition>running</defaultCustomCondition>
      </events>
      <left>740</left>
      <top>400</top>
      <speed>1</speed>
    </image>
    <image>
      <frames>
        <reUseTagFramesFromPreviousImage>true</reUseTagFramesFromPreviousImage>
        <framesAnimationSpeed>3</framesAnimationSpeed>
      </frames>
      <moveAnimation>
        <iniLeft>704</iniLeft>
        <maxLeft>750</maxLeft>
        <pixelsMoveLeft>2</pixelsMoveLeft>
      </moveAnimation>
      <imageTimer>
        <timerDelay>2800</timerDelay>
      </imageTimer>
      <events>
        <event>
          <eventType>MoveAnimationMaxLeftReached</eventType>
          <eventActions>
            <eventAction>FlipImage</eventAction>
          </eventActions>
        </event>
        <event>
          <eventType>MoveAnimationMaxRightReached</eventType>
          <eventActions>
            <eventAction>FlipImage</eventAction>
          </eventActions>
        </event>
        <event>
          <eventType>Timer</eventType>
          <eventActions>
            <eventAction>ChangeTimerDelay</eventAction>
            <eventAction>StopAnimationAndMove</eventAction>
            <eventAction>ChangeCustomCondition</eventAction>
          </eventActions>
          <whenCustomConditionIs>running</whenCustomConditionIs>
          <newTimerDelay>400</newTimerDelay>
          <newCustomCondition>stoppped</newCustomCondition>
        </event>
        <event>
          <eventType>Timer</eventType>
          <eventActions>
            <eventAction>ChangeTimerDelay</eventAction>
            <eventAction>ResumeAnimationAndMove</eventAction>
            <eventAction>ChangeCustomCondition</eventAction>
          </eventActions>
          <whenCustomConditionIs>stoppped</whenCustomConditionIs>
          <newTimerDelay>900</newTimerDelay>
          <newCustomCondition>running</newCustomCondition>
        </event>
        <defaultCustomCondition>running</defaultCustomCondition>
      </events>
      <left>740</left>
      <top>432</top>
      <speed>1</speed>
    </image>
    <image>
      <frames>
        <reUseTagFramesFromPreviousImage>true</reUseTagFramesFromPreviousImage>
        <framesAnimationSpeed>3</framesAnimationSpeed>
      </frames>
      <moveAnimation>
        <iniLeft>944</iniLeft>
        <maxLeft>1014</maxLeft>
        <pixelsMoveLeft>2</pixelsMoveLeft>
      </moveAnimation>
      <imageTimer>
        <timerDelay>1500</timerDelay>
      </imageTimer>
      <events>
        <event>
          <eventType>MoveAnimationMaxLeftReached</eventType>
          <eventActions>
            <eventAction>FlipImage</eventAction>
          </eventActions>
        </event>
        <event>
          <eventType>MoveAnimationMaxRightReached</eventType>
          <eventActions>
            <eventAction>FlipImage</eventAction>
          </eventActions>
        </event>
        <event>
          <eventType>Timer</eventType>
          <eventActions>
            <eventAction>ChangeTimerDelay</eventAction>
            <eventAction>StopAnimationAndMove</eventAction>
            <eventAction>ChangeCustomCondition</eventAction>
          </eventActions>
          <whenCustomConditionIs>running</whenCustomConditionIs>
          <newTimerDelay>400</newTimerDelay>
          <newCustomCondition>stoppped</newCustomCondition>
        </event>
        <event>
          <eventType>Timer</eventType>
          <eventActions>
            <eventAction>ChangeTimerDelay</eventAction>
            <eventAction>ResumeAnimationAndMove</eventAction>
            <eventAction>ChangeCustomCondition</eventAction>
          </eventActions>
          <whenCustomConditionIs>stoppped</whenCustomConditionIs>
          <newTimerDelay>900</newTimerDelay>
          <newCustomCondition>running</newCustomCondition>
        </event>
        <defaultCustomCondition>running</defaultCustomCondition>
      </events>
      <left>950</left>
      <top>80</top>
      <speed>1</speed>
    </image>
    <image>
      <frames>
        <reUseTagFramesFromPreviousImage>true</reUseTagFramesFromPreviousImage>
        <framesAnimationSpeed>3</framesAnimationSpeed>
      </frames>
      <moveAnimation>
        <iniLeft>882</iniLeft>
        <maxLeft>952</maxLeft>
        <pixelsMoveLeft>2</pixelsMoveLeft>
      </moveAnimation>
      <imageTimer>
        <timerDelay>1100</timerDelay>
      </imageTimer>
      <events>
        <event>
          <eventType>MoveAnimationMaxLeftReached</eventType>
          <eventActions>
            <eventAction>FlipImage</eventAction>
          </eventActions>
        </event>
        <event>
          <eventType>MoveAnimationMaxRightReached</eventType>
          <eventActions>
            <eventAction>FlipImage</eventAction>
          </eventActions>
        </event>
        <event>
          <eventType>Timer</eventType>
          <eventActions>
            <eventAction>ChangeTimerDelay</eventAction>
            <eventAction>StopAnimationAndMove</eventAction>
            <eventAction>ChangeCustomCondition</eventAction>
          </eventActions>
          <whenCustomConditionIs>running</whenCustomConditionIs>
          <newTimerDelay>400</newTimerDelay>
          <newCustomCondition>stoppped</newCustomCondition>
        </event>
        <event>
          <eventType>Timer</eventType>
          <eventActions>
            <eventAction>ChangeTimerDelay</eventAction>
            <eventAction>ResumeAnimationAndMove</eventAction>
            <eventAction>ChangeCustomCondition</eventAction>
          </eventActions>
          <whenCustomConditionIs>stoppped</whenCustomConditionIs>
          <newTimerDelay>900</newTimerDelay>
          <newCustomCondition>running</newCustomCondition>
        </event>
        <defaultCustomCondition>running</defaultCustomCondition>
      </events>
      <left>900</left>
      <top>176</top>
      <speed>1</speed>
    </image>
    <image>
      <frames>
        <reUseTagFramesFromPreviousImage>true</reUseTagFramesFromPreviousImage>
        <framesAnimationSpeed>3</framesAnimationSpeed>
      </frames>
      <moveAnimation>
        <iniLeft>952</iniLeft>
        <maxLeft>1038</maxLeft>
        <pixelsMoveLeft>-2</pixelsMoveLeft>
      </moveAnimation>
      <imageTimer>
        <timerDelay>1800</timerDelay>
      </imageTimer>
      <events>
        <event>
          <eventType>MoveAnimationMaxLeftReached</eventType>
          <eventActions>
            <eventAction>FlipImage</eventAction>
          </eventActions>
        </event>
        <event>
          <eventType>MoveAnimationMaxRightReached</eventType>
          <eventActions>
            <eventAction>FlipImage</eventAction>
          </eventActions>
        </event>
        <event>
          <eventType>Timer</eventType>
          <eventActions>
            <eventAction>ChangeTimerDelay</eventAction>
            <eventAction>StopAnimationAndMove</eventAction>
            <eventAction>ChangeCustomCondition</eventAction>
          </eventActions>
          <whenCustomConditionIs>running</whenCustomConditionIs>
          <newTimerDelay>400</newTimerDelay>
          <newCustomCondition>stoppped</newCustomCondition>
        </event>
        <event>
          <eventType>Timer</eventType>
          <eventActions>
            <eventAction>ChangeTimerDelay</eventAction>
            <eventAction>ResumeAnimationAndMove</eventAction>
            <eventAction>ChangeCustomCondition</eventAction>
          </eventActions>
          <whenCustomConditionIs>stoppped</whenCustomConditionIs>
          <newTimerDelay>900</newTimerDelay>
          <newCustomCondition>running</newCustomCondition>
        </event>
        <defaultCustomCondition>running</defaultCustomCondition>
      </events>
      <flipImage>Horizontal</flipImage>
      <left>1000</left>
      <top>208</top>
      <speed>1</speed>
    </image>
    <image>
      <frames>
        <frameCollection>
          <frame>
            <fileName from="zdxMabe">eneb3.png</fileName>
          </frame>
          <frame>
            <fileName from="zdxMabe">eneb4.png</fileName>
          </frame>
        </frameCollection>
        <frameCollection>
          <frame>
            <fileName from="zdxMabe">eneb1.png</fileName>
          </frame>
          <frame>
            <fileName from="zdxMabe">eneb2.png</fileName>
          </frame>
        </frameCollection>
        <framesAnimationSpeed>5</framesAnimationSpeed>
      </frames>
      <moveAnimation>
        <iniTop>108</iniTop>
        <maxTop>168</maxTop>
        <pixelsMoveTop>2</pixelsMoveTop>
      </moveAnimation>
      <imageTimer>
        <timerDelay>2000</timerDelay>
      </imageTimer>
      <events>
        <event>
          <eventType>MoveAnimationMaxTopReached</eventType>
          <eventActions>
            <eventAction>ChangeFrameCollection</eventAction>
          </eventActions>
          <changeFrameCollectionIndexTo>0</changeFrameCollectionIndexTo>
        </event>
        <event>
          <eventType>MoveAnimationMaxBottomReached</eventType>
          <eventActions>
            <eventAction>ChangeFrameCollection</eventAction>
          </eventActions>
          <changeFrameCollectionIndexTo>1</changeFrameCollectionIndexTo>
        </event>
        <event>
          <eventType>Timer</eventType>
          <eventActions>
            <eventAction>ChangeTimerDelay</eventAction>
            <eventAction>StopAnimationAndMove</eventAction>
            <eventAction>ChangeCustomCondition</eventAction>
          </eventActions>
          <whenCustomConditionIs>running</whenCustomConditionIs>
          <newTimerDelay>1500</newTimerDelay>
          <newCustomCondition>stoppped</newCustomCondition>
        </event>
        <event>
          <eventType>Timer</eventType>
          <eventActions>
            <eventAction>ChangeTimerDelay</eventAction>
            <eventAction>ResumeAnimationAndMove</eventAction>
            <eventAction>ChangeCustomCondition</eventAction>
          </eventActions>
          <whenCustomConditionIs>stoppped</whenCustomConditionIs>
          <newTimerDelay>2500</newTimerDelay>
          <newCustomCondition>running</newCustomCondition>
        </event>
        <defaultCustomCondition>running</defaultCustomCondition>
      </events>
      <left>962</left>
      <top>120</top>
      <speed>2</speed>
    </image>
    <image>
      <frames>
        <frameCollection>
          <frame>
            <fileName from="zdxLake">ene2d.png</fileName>
          </frame>
          <frame>
            <fileName from="zdxLake">ene2d.png</fileName>
            <applyAlterationsToThisFrame>
              <alterationsToDo>FlipHorizontal</alterationsToDo>
            </applyAlterationsToThisFrame>
          </frame>
        </frameCollection>
        <frameCollection>
          <frame>
            <fileName from="zdxLake">ene2c.png</fileName>
          </frame>
          <frame>
            <fileName from="zdxLake">ene2c.png</fileName>
            <applyAlterationsToThisFrame>
              <alterationsToDo>FlipHorizontal</alterationsToDo>
            </applyAlterationsToThisFrame>
          </frame>
        </frameCollection>
        <framesAnimationSpeed>3</framesAnimationSpeed>
        <!--<defaultFrameCollection>1</defaultFrameCollection>-->
      </frames>
      <moveAnimation>
        <iniTop>310</iniTop>
        <maxTop>380</maxTop>
        <pixelsMoveTop>2</pixelsMoveTop>
      </moveAnimation>
      <imageTimer>
        <timerDelay>1500</timerDelay>
      </imageTimer>
      <events>
        <event>
          <eventType>MoveAnimationMaxTopReached</eventType>
          <eventActions>
            <eventAction>ChangeFrameCollection</eventAction>
          </eventActions>
          <changeFrameCollectionIndexTo>0</changeFrameCollectionIndexTo>
        </event>
        <event>
          <eventType>MoveAnimationMaxBottomReached</eventType>
          <eventActions>
            <eventAction>ChangeFrameCollection</eventAction>
          </eventActions>
          <changeFrameCollectionIndexTo>1</changeFrameCollectionIndexTo>
        </event>
        <event>
          <eventType>Timer</eventType>
          <eventActions>
            <eventAction>ChangeTimerDelay</eventAction>
            <eventAction>StopAnimationAndMove</eventAction>
            <eventAction>ChangeCustomCondition</eventAction>
          </eventActions>
          <whenCustomConditionIs>running</whenCustomConditionIs>
          <newTimerDelay>300</newTimerDelay>
          <newCustomCondition>stoppped</newCustomCondition>
        </event>
        <event>
          <eventType>Timer</eventType>
          <eventActions>
            <eventAction>ChangeTimerDelay</eventAction>
            <eventAction>ResumeAnimationAndMove</eventAction>
            <eventAction>ChangeCustomCondition</eventAction>
          </eventActions>
          <whenCustomConditionIs>stoppped</whenCustomConditionIs>
          <newTimerDelay>800</newTimerDelay>
          <newCustomCondition>running</newCustomCondition>
        </event>
        <defaultCustomCondition>running</defaultCustomCondition>
      </events>
      <left>798</left>
      <top>330</top>
      <speed>1</speed>
    </image>
    <image>
      <frames>
        <reUseTagFramesFromPreviousImage>true</reUseTagFramesFromPreviousImage>
        <framesAnimationSpeed>3</framesAnimationSpeed>
      </frames>
      <moveAnimation>
        <iniTop>338</iniTop>
        <maxTop>384</maxTop>
        <pixelsMoveTop>2</pixelsMoveTop>
      </moveAnimation>
      <imageTimer>
        <timerDelay>600</timerDelay>
      </imageTimer>
      <events>
        <event>
          <eventType>MoveAnimationMaxTopReached</eventType>
          <eventActions>
            <eventAction>ChangeFrameCollection</eventAction>
          </eventActions>
          <changeFrameCollectionIndexTo>0</changeFrameCollectionIndexTo>
        </event>
        <event>
          <eventType>MoveAnimationMaxBottomReached</eventType>
          <eventActions>
            <eventAction>ChangeFrameCollection</eventAction>
          </eventActions>
          <changeFrameCollectionIndexTo>1</changeFrameCollectionIndexTo>
        </event>
        <event>
          <eventType>Timer</eventType>
          <eventActions>
            <eventAction>ChangeTimerDelay</eventAction>
            <eventAction>StopAnimationAndMove</eventAction>
            <eventAction>ChangeCustomCondition</eventAction>
          </eventActions>
          <whenCustomConditionIs>running</whenCustomConditionIs>
          <newTimerDelay>300</newTimerDelay>
          <newCustomCondition>stoppped</newCustomCondition>
        </event>
        <event>
          <eventType>Timer</eventType>
          <eventActions>
            <eventAction>ChangeTimerDelay</eventAction>
            <eventAction>ResumeAnimationAndMove</eventAction>
            <eventAction>ChangeCustomCondition</eventAction>
          </eventActions>
          <whenCustomConditionIs>stoppped</whenCustomConditionIs>
          <newTimerDelay>800</newTimerDelay>
          <newCustomCondition>running</newCustomCondition>
        </event>
        <defaultCustomCondition>running</defaultCustomCondition>
      </events>
      <left>734</left>
      <top>370</top>
      <speed>1</speed>
    </image>
    <image>
      <frames>
        <reUseTagFramesFromPreviousImage>true</reUseTagFramesFromPreviousImage>
        <framesAnimationSpeed>3</framesAnimationSpeed>
      </frames>
      <moveAnimation>
        <iniTop>50</iniTop>
        <maxTop>128</maxTop>
        <pixelsMoveTop>2</pixelsMoveTop>
      </moveAnimation>
      <imageTimer>
        <timerDelay>600</timerDelay>
      </imageTimer>
      <events>
        <event>
          <eventType>MoveAnimationMaxTopReached</eventType>
          <eventActions>
            <eventAction>ChangeFrameCollection</eventAction>
          </eventActions>
          <changeFrameCollectionIndexTo>0</changeFrameCollectionIndexTo>
        </event>
        <event>
          <eventType>MoveAnimationMaxBottomReached</eventType>
          <eventActions>
            <eventAction>ChangeFrameCollection</eventAction>
          </eventActions>
          <changeFrameCollectionIndexTo>1</changeFrameCollectionIndexTo>
        </event>
        <event>
          <eventType>Timer</eventType>
          <eventActions>
            <eventAction>ChangeTimerDelay</eventAction>
            <eventAction>StopAnimationAndMove</eventAction>
            <eventAction>ChangeCustomCondition</eventAction>
          </eventActions>
          <whenCustomConditionIs>running</whenCustomConditionIs>
          <newTimerDelay>300</newTimerDelay>
          <newCustomCondition>stoppped</newCustomCondition>
        </event>
        <event>
          <eventType>Timer</eventType>
          <eventActions>
            <eventAction>ChangeTimerDelay</eventAction>
            <eventAction>ResumeAnimationAndMove</eventAction>
            <eventAction>ChangeCustomCondition</eventAction>
          </eventActions>
          <whenCustomConditionIs>stoppped</whenCustomConditionIs>
          <newTimerDelay>800</newTimerDelay>
          <newCustomCondition>running</newCustomCondition>
        </event>
        <defaultCustomCondition>running</defaultCustomCondition>
      </events>
      <left>928</left>
      <top>50</top>
      <speed>1</speed>
    </image>
    <image>
      <frames>
        <frameCollection>
          <frame>
            <fileName from="zdxLake">sora1.png</fileName>
            <delay>1</delay>
          </frame>
          <frame>
            <fileName from="zdxLake">sora1.png</fileName>
            <applyAlterationsToThisFrame>
              <alterationsToDo>FlipHorizontal</alterationsToDo>
            </applyAlterationsToThisFrame>
          </frame>
          <repeatThisLoopForTimes>6</repeatThisLoopForTimes>
        </frameCollection>
        <frameCollection>
          <frame>
            <fileName from="zdxLake">sora2.png</fileName>
            <delay>12</delay>
          </frame>
          <frame>
            <fileName from="zdxLake">sora3.png</fileName>
            <delay>9</delay>
          </frame>
          <frame>
            <fileName from="zdxLake">sora2.png</fileName>
            <delay>12</delay>
          </frame>
          <frame>
            <fileName from="zdxLake">sora4.png</fileName>
            <delay>4</delay>
          </frame>
          <frame>
            <fileName from="zdxLake">sora5.png</fileName>
          </frame>
          <frame>
            <fileName></fileName>
          </frame>
        </frameCollection>
      </frames>
      <moveAnimation>
        <iniTop>166</iniTop>
        <maxTop>168</maxTop>
        <pixelsMoveTop>1</pixelsMoveTop>
        <moveAnimationSpeed>12</moveAnimationSpeed>
        <moveAnimationStop>true</moveAnimationStop>
      </moveAnimation>
      <events>
        <event>
          <eventType>FrameAnimationRepeatLoopEnds</eventType>
          <eventActions>
            <eventAction>ChangeFrameCollection</eventAction>
            <eventAction>ResumeMove</eventAction>
          </eventActions>
          <changeFrameCollectionIndexTo>1</changeFrameCollectionIndexTo>
        </event>
        <event>
          <eventType>TriggerActionByCurrentFrame</eventType>
          <eventActions>
            <eventAction>EditAnimationByID</eventAction>
          </eventActions>
          <editAnimationByIDOptions>
            <option>
              <imageID>zoraball1</imageID>
              <editActions>
                <editAction>ResumeMove</editAction>
                <editAction>ChangeVisibleValue</editAction>
              </editActions>
              <newVisibleValue>true</newVisibleValue>
            </option>
          </editAnimationByIDOptions>
          <whenCurrentFrameIndexIs>1</whenCurrentFrameIndexIs>
          <whenFrameCollectionIndexIs>1</whenFrameCollectionIndexIs>
        </event>
        <event>
          <eventType>TriggerActionByCurrentFrame</eventType>
          <eventActions>
            <eventAction>StopMove</eventAction>
          </eventActions>
          <whenCurrentFrameIndexIs>3</whenCurrentFrameIndexIs>
          <whenFrameCollectionIndexIs>1</whenFrameCollectionIndexIs>
        </event>
        <event>
          <eventType>FrameAnimationLoopEnds</eventType>
          <eventActions>
            <eventAction>ChangeFrameCollection</eventAction>
            <eventAction>DisableImage</eventAction>
          </eventActions>
          <changeFrameCollectionIndexTo>0</changeFrameCollectionIndexTo>
          <whenFrameCollectionIndexIs>1</whenFrameCollectionIndexIs>
        </event>
      </events>
      <left>1120</left>
      <top>166</top>
      <speed>2</speed>
      <id>Zora</id>
    </image>
    <image>
      <frames>
        <reUseTagFramesFromPreviousImage>true</reUseTagFramesFromPreviousImage>
      </frames>
      <moveAnimation>
        <iniTop>21</iniTop>
        <maxTop>23</maxTop>
        <pixelsMoveTop>1</pixelsMoveTop>
        <moveAnimationSpeed>12</moveAnimationSpeed>
        <moveAnimationStop>true</moveAnimationStop>
      </moveAnimation>
      <events>
        <event>
          <eventType>FrameAnimationRepeatLoopEnds</eventType>
          <eventActions>
            <eventAction>ChangeFrameCollection</eventAction>
            <eventAction>ResumeMove</eventAction>
          </eventActions>
          <changeFrameCollectionIndexTo>1</changeFrameCollectionIndexTo>
        </event>
        <event>
          <eventType>TriggerActionByCurrentFrame</eventType>
          <eventActions>
            <eventAction>EditAnimationByID</eventAction>
          </eventActions>
          <editAnimationByIDOptions>
            <option>
              <imageID>zoraball2</imageID>
              <editActions>
                <editAction>ResumeMove</editAction>
                <editAction>ChangeVisibleValue</editAction>
              </editActions>
              <newVisibleValue>true</newVisibleValue>
            </option>
          </editAnimationByIDOptions>
          <whenCurrentFrameIndexIs>1</whenCurrentFrameIndexIs>
          <whenFrameCollectionIndexIs>1</whenFrameCollectionIndexIs>
        </event>
        <event>
          <eventType>TriggerActionByCurrentFrame</eventType>
          <eventActions>
            <eventAction>StopMove</eventAction>
          </eventActions>
          <whenCurrentFrameIndexIs>3</whenCurrentFrameIndexIs>
          <whenFrameCollectionIndexIs>1</whenFrameCollectionIndexIs>
        </event>
        <event>
          <eventType>FrameAnimationLoopEnds</eventType>
          <eventActions>
            <eventAction>ChangeFrameCollection</eventAction>
            <eventAction>DisableImage</eventAction>
          </eventActions>
          <changeFrameCollectionIndexTo>0</changeFrameCollectionIndexTo>
          <whenFrameCollectionIndexIs>1</whenFrameCollectionIndexIs>
        </event>
      </events>
      <left>1150</left>
      <top>21</top>
      <speed>2</speed>
      <id>Zora2</id>
    </image>
    <image>
      <frames>
        <reUseTagFramesFromPreviousImage>true</reUseTagFramesFromPreviousImage>
      </frames>
      <moveAnimation>
        <iniTop>413</iniTop>
        <maxTop>415</maxTop>
        <pixelsMoveTop>1</pixelsMoveTop>
        <moveAnimationSpeed>12</moveAnimationSpeed>
        <moveAnimationStop>true</moveAnimationStop>
      </moveAnimation>
      <events>
        <event>
          <eventType>FrameAnimationRepeatLoopEnds</eventType>
          <eventActions>
            <eventAction>ChangeFrameCollection</eventAction>
            <eventAction>ResumeMove</eventAction>
          </eventActions>
          <changeFrameCollectionIndexTo>1</changeFrameCollectionIndexTo>
        </event>
        <event>
          <eventType>TriggerActionByCurrentFrame</eventType>
          <eventActions>
            <eventAction>EditAnimationByID</eventAction>
          </eventActions>
          <editAnimationByIDOptions>
            <option>
              <imageID>zoraball3</imageID>
              <editActions>
                <editAction>ResumeMove</editAction>
                <editAction>ChangeVisibleValue</editAction>
              </editActions>
              <newVisibleValue>true</newVisibleValue>
            </option>
          </editAnimationByIDOptions>
          <whenCurrentFrameIndexIs>1</whenCurrentFrameIndexIs>
          <whenFrameCollectionIndexIs>1</whenFrameCollectionIndexIs>
        </event>
        <event>
          <eventType>TriggerActionByCurrentFrame</eventType>
          <eventActions>
            <eventAction>StopMove</eventAction>
          </eventActions>
          <whenCurrentFrameIndexIs>3</whenCurrentFrameIndexIs>
          <whenFrameCollectionIndexIs>1</whenFrameCollectionIndexIs>
        </event>
        <event>
          <eventType>FrameAnimationLoopEnds</eventType>
          <eventActions>
            <eventAction>ChangeFrameCollection</eventAction>
            <eventAction>DisableImage</eventAction>
          </eventActions>
          <changeFrameCollectionIndexTo>0</changeFrameCollectionIndexTo>
          <whenFrameCollectionIndexIs>1</whenFrameCollectionIndexIs>
        </event>
      </events>
      <left>954</left>
      <top>413</top>
      <speed>2</speed>
      <id>Zora3</id>
    </image>
    <image>
      <frames>
        <frame>
          <fileName from="zdxLake">ball1.png</fileName>
        </frame>
        <frame>
          <fileName from="zdxLake">ball1.png</fileName>
          <applyAlterationsToThisFrame>
            <alterationsToDo>FlipHorizontal,ApplyNewPaletteColor</alterationsToDo>
            <basicPaletteColor>
              255,248,184,136-255,248,8,40-255,0,0,0
            </basicPaletteColor>
            <newPaletteColor>
              255,0,0,0-255,216,0,0-255,248,176,48
            </newPaletteColor>
          </applyAlterationsToThisFrame>
        </frame>
        <frame>
          <fileName from="zdxLake">ball1.png</fileName>
          <frame>
            <fileName from="zdxLake">ball1.png</fileName>
            <applyAlterationsToThisFrame>
              <alterationsToDo>FlipHorizontal</alterationsToDo>
            </applyAlterationsToThisFrame>
          </frame>
        </frame>
        <frame>
          <fileName from="zdxLake">ball1.png</fileName>
          <applyAlterationsToThisFrame>
            <alterationsToDo>FlipHorizontal,ApplyNewPaletteColor</alterationsToDo>
            <basicPaletteColor>
              255,248,184,136-255,248,8,40-255,0,0,0
            </basicPaletteColor>
            <newPaletteColor>
              255,0,0,0-255,216,0,0-255,248,176,48
            </newPaletteColor>
          </applyAlterationsToThisFrame>
        </frame>
      </frames>
      <moveAnimation>
        <iniLeft>1009</iniLeft>
        <iniTop>58</iniTop>
        <maxLeft>1125</maxLeft>
        <maxTop>174</maxTop>
        <pixelsMoveLeft>-2</pixelsMoveLeft>
        <pixelsMoveTop>-2</pixelsMoveTop>
        <moveAnimationSpeed>1</moveAnimationSpeed>
        <moveAnimationStop>true</moveAnimationStop>
      </moveAnimation>
      <events>
        <event>
          <eventType>MoveAnimationMaxTopReached</eventType>
          <eventActions>
            <eventAction>EnableByID</eventAction>
          </eventActions>
          <ids>Zora</ids>
        </event>
        <event>
          <eventType>MoveAnimationMaxTopReached</eventType>
          <eventActions>
            <eventAction>ChangeVisibleValue</eventAction>
            <eventAction>StopMove</eventAction>
            <eventAction>EditPosition</eventAction>
          </eventActions>
          <newVisibleValue>false</newVisibleValue>
          <newCoordinates>1125;174</newCoordinates>
        </event>
      </events>
      <visible>false</visible>
      <id>zoraball1</id>
      <left>1125</left>
      <top>174</top>
      <speed>1</speed>
    </image>
    <image>
      <frames>
        <reUseTagFramesFromPreviousImage>true</reUseTagFramesFromPreviousImage>
      </frames>
      <moveAnimation>
        <iniLeft>1001</iniLeft>
        <iniTop>30</iniTop>
        <maxLeft>1155</maxLeft>
        <maxTop>184</maxTop>
        <pixelsMoveLeft>-2</pixelsMoveLeft>
        <pixelsMoveTop>2</pixelsMoveTop>
        <moveAnimationSpeed>1</moveAnimationSpeed>
        <moveAnimationStop>true</moveAnimationStop>
      </moveAnimation>
      <events>
        <event>
          <eventType>MoveAnimationMaxBottomReached</eventType>
          <eventActions>
            <eventAction>EnableByID</eventAction>
          </eventActions>
          <ids>Zora2</ids>
        </event>
        <event>
          <eventType>MoveAnimationMaxBottomReached</eventType>
          <eventActions>
            <eventAction>ChangeVisibleValue</eventAction>
            <eventAction>StopMove</eventAction>
            <eventAction>EditPosition</eventAction>
          </eventActions>
          <newVisibleValue>false</newVisibleValue>
          <newCoordinates>1155;30</newCoordinates>
        </event>
      </events>
      <visible>false</visible>
      <id>zoraball2</id>
      <left>1155</left>
      <top>30</top>
      <speed>1</speed>
    </image>
    <image>
      <frames>
        <reUseTagFramesFromPreviousImage>true</reUseTagFramesFromPreviousImage>
      </frames>
      <moveAnimation>
        <iniLeft>959</iniLeft>
        <iniTop>229</iniTop>
        <maxLeft>1151</maxLeft>
        <maxTop>421</maxTop>
        <pixelsMoveLeft>2</pixelsMoveLeft>
        <pixelsMoveTop>-2</pixelsMoveTop>
        <moveAnimationSpeed>1</moveAnimationSpeed>
        <moveAnimationStop>true</moveAnimationStop>
      </moveAnimation>
      <events>
        <event>
          <eventType>MoveAnimationMaxTopReached</eventType>
          <eventActions>
            <eventAction>EnableByID</eventAction>
          </eventActions>
          <ids>Zora3</ids>
        </event>
        <event>
          <eventType>MoveAnimationMaxTopReached</eventType>
          <eventActions>
            <eventAction>ChangeVisibleValue</eventAction>
            <eventAction>StopMove</eventAction>
            <eventAction>EditPosition</eventAction>
          </eventActions>
          <newVisibleValue>false</newVisibleValue>
          <newCoordinates>959;421</newCoordinates>
        </event>
      </events>
      <visible>false</visible>
      <id>zoraball3</id>
      <left>959</left>
      <top>421</top>
      <speed>1</speed>
    </image>
  </images>
</doc>
