<?xml version="1.0"?>
<doc>
  <basic type="animations">
    <screenCanvasResolution>
      <width>985</width>
      <height>1031</height>
    </screenCanvasResolution>
    <canvasResolution>
      <maxWidth>985</maxWidth>
      <maxHeight>1031</maxHeight>
    </canvasResolution>
    <bgColor>#00000000</bgColor>
  </basic>
  <images>
    <!--<image>
      <fileName>map.png</fileName>
    </image>-->
    <image>
      <frames>
        <frame>
          <fileName from="mapzCastle">flower1.png</fileName>
        </frame>
        <frame>
          <fileName from="mapzCastle">flower2.png</fileName>
        </frame>
        <frame>
          <fileName from="mapzCastle">flower3.png</fileName>
        </frame>
      </frames>
      <coordinates>113;983,145;967,153;975,161;935,169;943,177;967,185;975,241;119</coordinates>
      <speed>5</speed>
    </image>
    <image>
      <frames>
        <frame>
          <fileName>ene2f.png</fileName>
        </frame>
        <frame>
          <fileName>ene2e.png</fileName>
        </frame>
        <frame>
          <fileName>ene2d.png</fileName>
        </frame>
        <returnBackwardToFirstFrame>true</returnBackwardToFirstFrame>
      </frames>
      <pathAnimation>
        <pathAnimationCoordinates>
          <circleRadioWidth>150</circleRadioWidth>
          <circleRadioHeight>150</circleRadioHeight>
          <circleCenterPositionLeft>250</circleCenterPositionLeft>
          <circleCenterPositionTop>647</circleCenterPositionTop>
        </pathAnimationCoordinates>
        <pathAnimationSpeed>1</pathAnimationSpeed>
        <pixelsMove>-4</pixelsMove>
        <startPosition>80</startPosition>
        <returnBackwardToTheBeginning>false</returnBackwardToTheBeginning>
      </pathAnimation>
      <speed>1</speed>
    </image>
    <image>
      <frames>
        <reUseTagFramesFromPreviousImage>true</reUseTagFramesFromPreviousImage>
        <returnBackwardToFirstFrame>true</returnBackwardToFirstFrame>
      </frames>
      <pathAnimation>
        <pathAnimationCoordinates>
          <circleRadioWidth>150</circleRadioWidth>
          <circleRadioHeight>150</circleRadioHeight>
          <circleCenterPositionLeft>680</circleCenterPositionLeft>
          <circleCenterPositionTop>440</circleCenterPositionTop>
        </pathAnimationCoordinates>
        <pathAnimationSpeed>1</pathAnimationSpeed>
        <pixelsMove>4</pixelsMove>
        <startPosition>140</startPosition>
        <returnBackwardToTheBeginning>false</returnBackwardToTheBeginning>
      </pathAnimation>
      <speed>1</speed>
    </image>
    <image>
      <frames>
        <reUseTagFramesFromPreviousImage>true</reUseTagFramesFromPreviousImage>
        <returnBackwardToFirstFrame>true</returnBackwardToFirstFrame>
      </frames>
      <pathAnimation>
        <pathAnimationCoordinates>
          <circleRadioWidth>150</circleRadioWidth>
          <circleRadioHeight>150</circleRadioHeight>
          <circleCenterPositionLeft>675</circleCenterPositionLeft>
          <circleCenterPositionTop>809</circleCenterPositionTop>
        </pathAnimationCoordinates>
        <pathAnimationSpeed>1</pathAnimationSpeed>
        <pixelsMove>-6</pixelsMove>
        <startPosition>100</startPosition>
        <returnBackwardToTheBeginning>false</returnBackwardToTheBeginning>
      </pathAnimation>
      <speed>1</speed>
    </image>
    <image>
      <frames>
        <frameCollection>
          <frame>
            <fileName>ene1c.png</fileName>
          </frame>
          <frame>
            <fileName>ene1c.png</fileName>
            <applyAlterationsToThisFrame>
              <alterationsToDo>FlipHorizontal</alterationsToDo>
            </applyAlterationsToThisFrame>
          </frame>
        </frameCollection>
        <frameCollection>
          <frame>
            <fileName></fileName>
            <delay>20</delay>
          </frame>
          <frame>
            <fileName>ene1a.png</fileName>
            <delay>10</delay>
          </frame>
          <frame>
            <fileName>ene1b.png</fileName>
            <delay>2</delay>
          </frame>
        </frameCollection>
        <frameCollection>
          <frame>
            <fileName>ene1b.png</fileName>
          </frame>
          <frame>
            <fileName>ene1a.png</fileName>
          </frame>
          <frame>
            <fileName></fileName>
          </frame>
        </frameCollection>
        <frameCollection>
          <frame>
            <fileName></fileName>
          </frame>
        </frameCollection>
        <defaultFrameCollection>1</defaultFrameCollection>
        <framesAnimationSpeed>2</framesAnimationSpeed>
      </frames>
      <pathAnimation>
        <pathAnimationCoordinates>
          <iniLeft>147</iniLeft>
          <iniTop>774</iniTop>
          <maxLeft>285</maxLeft>
          <maxTop>963</maxTop>
        </pathAnimationCoordinates>
        <pixelsMove>4</pixelsMove>
        <pathAnimationSpeed>1</pathAnimationSpeed>
        <startPosition>4</startPosition>
        <pathAnimationStop>true</pathAnimationStop>
        <returnBackwardToTheBeginning>false</returnBackwardToTheBeginning>
      </pathAnimation>
      <events>
        <event>
          <eventType>FrameAnimationLoopEnds</eventType>
          <eventActions>
            <eventAction>ChangeFrameCollection</eventAction>
            <eventAction>ResumeMove</eventAction>
          </eventActions>
          <changeFrameCollectionIndexTo>0</changeFrameCollectionIndexTo>
          <whenFrameCollectionIndexIs>1</whenFrameCollectionIndexIs>
        </event>
        <event>
          <eventType>TriggerActionByPosition</eventType>
          <eventActions>
            <eventAction>ChangeFrameCollection</eventAction>
            <eventAction>StopMove</eventAction>
          </eventActions>
          <whenCurrentPositionIs>281;958</whenCurrentPositionIs>
          <changeFrameCollectionIndexTo>2</changeFrameCollectionIndexTo>
        </event>
        <event>
          <eventType>FrameAnimationLoopEnds</eventType>
          <eventActions>
            <eventAction>ChangeFrameCollection</eventAction>
            <eventAction>ResumeMove</eventAction>
          </eventActions>
          <changeFrameCollectionIndexTo>3</changeFrameCollectionIndexTo>
          <whenFrameCollectionIndexIs>2</whenFrameCollectionIndexIs>
        </event>
        <event>
          <eventType>TriggerActionByPosition</eventType>
          <eventActions>
            <eventAction>ChangeFrameCollection</eventAction>
            <eventAction>StopMove</eventAction>
            <eventAction>ChangeFrameCollection</eventAction>
          </eventActions>
          <whenCurrentPositionIs>147;774</whenCurrentPositionIs>
          <changeFrameCollectionIndexTo>1</changeFrameCollectionIndexTo>
        </event>
      </events>
      <speed>1</speed>
    </image>

    <image>
      <frames>
        <reUseTagFramesFromPreviousImage>true</reUseTagFramesFromPreviousImage>
        <defaultFrameCollection>0</defaultFrameCollection>
        <framesAnimationSpeed>2</framesAnimationSpeed>
      </frames>
      <pathAnimation>
        <pathAnimationCoordinates>
          <iniLeft>227</iniLeft>
          <iniTop>662</iniTop>
          <maxLeft>307</maxLeft>
          <maxTop>855</maxTop>
        </pathAnimationCoordinates>
        <pixelsMove>4</pixelsMove>
        <pathAnimationSpeed>1</pathAnimationSpeed>
        <startPosition>60</startPosition>
        <!--<pathAnimationStop>true</pathAnimationStop>-->
        <returnBackwardToTheBeginning>false</returnBackwardToTheBeginning>
      </pathAnimation>
      <events>
        <event>
          <eventType>FrameAnimationLoopEnds</eventType>
          <eventActions>
            <eventAction>ChangeFrameCollection</eventAction>
            <eventAction>ResumeMove</eventAction>
          </eventActions>
          <changeFrameCollectionIndexTo>0</changeFrameCollectionIndexTo>
          <whenFrameCollectionIndexIs>1</whenFrameCollectionIndexIs>
        </event>
        <event>
          <eventType>TriggerActionByPosition</eventType>
          <eventActions>
            <eventAction>ChangeFrameCollection</eventAction>
            <eventAction>StopMove</eventAction>
          </eventActions>
          <whenCurrentPositionIs>305;850</whenCurrentPositionIs>
          <changeFrameCollectionIndexTo>2</changeFrameCollectionIndexTo>
        </event>
        <event>
          <eventType>FrameAnimationLoopEnds</eventType>
          <eventActions>
            <eventAction>ChangeFrameCollection</eventAction>
            <eventAction>ResumeMove</eventAction>
          </eventActions>
          <changeFrameCollectionIndexTo>3</changeFrameCollectionIndexTo>
          <whenFrameCollectionIndexIs>2</whenFrameCollectionIndexIs>
        </event>
        <event>
          <eventType>TriggerActionByPosition</eventType>
          <eventActions>
            <eventAction>ChangeFrameCollection</eventAction>
            <eventAction>StopMove</eventAction>
            <eventAction>ChangeFrameCollection</eventAction>
          </eventActions>
          <whenCurrentPositionIs>227;662</whenCurrentPositionIs>
          <changeFrameCollectionIndexTo>1</changeFrameCollectionIndexTo>
        </event>
      </events>
      <speed>1</speed>
    </image>

    <image>
      <frames>
        <reUseTagFramesFromPreviousImage>true</reUseTagFramesFromPreviousImage>
        <defaultFrameCollection>0</defaultFrameCollection>
        <framesAnimationSpeed>2</framesAnimationSpeed>
      </frames>
      <pathAnimation>
        <pathAnimationCoordinates>
          <iniLeft>161</iniLeft>
          <iniTop>513</iniTop>
          <maxLeft>419</maxLeft>
          <maxTop>710</maxTop>
        </pathAnimationCoordinates>
        <pixelsMove>4</pixelsMove>
        <pathAnimationSpeed>1</pathAnimationSpeed>
        <startPosition>100</startPosition>
        <!--<pathAnimationStop>true</pathAnimationStop>-->
        <returnBackwardToTheBeginning>false</returnBackwardToTheBeginning>
      </pathAnimation>
      <events>
        <event>
          <eventType>FrameAnimationLoopEnds</eventType>
          <eventActions>
            <eventAction>ChangeFrameCollection</eventAction>
            <eventAction>ResumeMove</eventAction>
          </eventActions>
          <changeFrameCollectionIndexTo>0</changeFrameCollectionIndexTo>
          <whenFrameCollectionIndexIs>1</whenFrameCollectionIndexIs>
        </event>
        <event>
          <eventType>TriggerActionByPosition</eventType>
          <eventActions>
            <eventAction>ChangeFrameCollection</eventAction>
            <eventAction>StopMove</eventAction>
          </eventActions>
          <whenCurrentPositionIs>413;705</whenCurrentPositionIs>
          <changeFrameCollectionIndexTo>2</changeFrameCollectionIndexTo>
        </event>
        <event>
          <eventType>FrameAnimationLoopEnds</eventType>
          <eventActions>
            <eventAction>ChangeFrameCollection</eventAction>
            <eventAction>ResumeMove</eventAction>
          </eventActions>
          <changeFrameCollectionIndexTo>3</changeFrameCollectionIndexTo>
          <whenFrameCollectionIndexIs>2</whenFrameCollectionIndexIs>
        </event>
        <event>
          <eventType>TriggerActionByPosition</eventType>
          <eventActions>
            <eventAction>ChangeFrameCollection</eventAction>
            <eventAction>StopMove</eventAction>
            <eventAction>ChangeFrameCollection</eventAction>
          </eventActions>
          <whenCurrentPositionIs>161;513</whenCurrentPositionIs>
          <changeFrameCollectionIndexTo>1</changeFrameCollectionIndexTo>
        </event>
      </events>
      <speed>1</speed>
    </image>

    <image>
      <frames>
        <reUseTagFramesFromPreviousImage>true</reUseTagFramesFromPreviousImage>
        <defaultFrameCollection>0</defaultFrameCollection>
        <framesAnimationSpeed>2</framesAnimationSpeed>
      </frames>
      <pathAnimation>
        <pathAnimationCoordinates>
          <iniLeft>490</iniLeft>
          <iniTop>433</iniTop>
          <maxLeft>525</maxLeft>
          <maxTop>611</maxTop>
        </pathAnimationCoordinates>
        <pixelsMove>4</pixelsMove>
        <pathAnimationSpeed>1</pathAnimationSpeed>
        <startPosition>12</startPosition>
        <!--<pathAnimationStop>true</pathAnimationStop>-->
        <returnBackwardToTheBeginning>false</returnBackwardToTheBeginning>
      </pathAnimation>
      <events>
        <event>
          <eventType>FrameAnimationLoopEnds</eventType>
          <eventActions>
            <eventAction>ChangeFrameCollection</eventAction>
            <eventAction>ResumeMove</eventAction>
          </eventActions>
          <changeFrameCollectionIndexTo>0</changeFrameCollectionIndexTo>
          <whenFrameCollectionIndexIs>1</whenFrameCollectionIndexIs>
        </event>
        <event>
          <eventType>TriggerActionByPosition</eventType>
          <eventActions>
            <eventAction>ChangeFrameCollection</eventAction>
            <eventAction>StopMove</eventAction>
          </eventActions>
          <whenCurrentPositionIs>524;605</whenCurrentPositionIs>
          <changeFrameCollectionIndexTo>2</changeFrameCollectionIndexTo>
        </event>
        <event>
          <eventType>FrameAnimationLoopEnds</eventType>
          <eventActions>
            <eventAction>ChangeFrameCollection</eventAction>
            <eventAction>ResumeMove</eventAction>
          </eventActions>
          <changeFrameCollectionIndexTo>3</changeFrameCollectionIndexTo>
          <whenFrameCollectionIndexIs>2</whenFrameCollectionIndexIs>
        </event>
        <event>
          <eventType>TriggerActionByPosition</eventType>
          <eventActions>
            <eventAction>ChangeFrameCollection</eventAction>
            <eventAction>StopMove</eventAction>
            <eventAction>ChangeFrameCollection</eventAction>
          </eventActions>
          <whenCurrentPositionIs>490;433</whenCurrentPositionIs>
          <changeFrameCollectionIndexTo>1</changeFrameCollectionIndexTo>
        </event>
      </events>
      <speed>1</speed>
    </image>

    <image>
      <frames>
        <reUseTagFramesFromPreviousImage>true</reUseTagFramesFromPreviousImage>
        <defaultFrameCollection>0</defaultFrameCollection>
        <framesAnimationSpeed>2</framesAnimationSpeed>
      </frames>
      <pathAnimation>
        <pathAnimationCoordinates>
          <iniLeft>659</iniLeft>
          <iniTop>502</iniTop>
          <maxLeft>908</maxLeft>
          <maxTop>595</maxTop>
        </pathAnimationCoordinates>
        <pixelsMove>4</pixelsMove>
        <pathAnimationSpeed>1</pathAnimationSpeed>
        <startPosition>140</startPosition>
        <!--<pathAnimationStop>true</pathAnimationStop>-->
        <returnBackwardToTheBeginning>false</returnBackwardToTheBeginning>
      </pathAnimation>
      <events>
        <event>
          <eventType>FrameAnimationLoopEnds</eventType>
          <eventActions>
            <eventAction>ChangeFrameCollection</eventAction>
            <eventAction>ResumeMove</eventAction>
          </eventActions>
          <changeFrameCollectionIndexTo>0</changeFrameCollectionIndexTo>
          <whenFrameCollectionIndexIs>1</whenFrameCollectionIndexIs>
        </event>
        <event>
          <eventType>TriggerActionByPosition</eventType>
          <eventActions>
            <eventAction>ChangeFrameCollection</eventAction>
            <eventAction>StopMove</eventAction>
          </eventActions>
          <whenCurrentPositionIs>903;593</whenCurrentPositionIs>
          <changeFrameCollectionIndexTo>2</changeFrameCollectionIndexTo>
        </event>
        <event>
          <eventType>FrameAnimationLoopEnds</eventType>
          <eventActions>
            <eventAction>ChangeFrameCollection</eventAction>
            <eventAction>ResumeMove</eventAction>
          </eventActions>
          <changeFrameCollectionIndexTo>3</changeFrameCollectionIndexTo>
          <whenFrameCollectionIndexIs>2</whenFrameCollectionIndexIs>
        </event>
        <event>
          <eventType>TriggerActionByPosition</eventType>
          <eventActions>
            <eventAction>ChangeFrameCollection</eventAction>
            <eventAction>StopMove</eventAction>
            <eventAction>ChangeFrameCollection</eventAction>
          </eventActions>
          <whenCurrentPositionIs>659;502</whenCurrentPositionIs>
          <changeFrameCollectionIndexTo>1</changeFrameCollectionIndexTo>
        </event>
      </events>
      <speed>1</speed>
    </image>
  </images>
</doc>
