<?xml version="1.0"?>
<doc>
  <basic type="animations">
    <screenCanvasResolution>
      <width>736</width>
      <height>480</height>
    </screenCanvasResolution>
    <canvasResolution>
      <maxWidth>736</maxWidth>
      <maxHeight>480</maxHeight>
    </canvasResolution>
    <bgColor>#00000000</bgColor>
  </basic>
  <globalVariables>
    <variable>
      <id>ballDirection</id>
      <value>toRight</value>
    </variable>
  </globalVariables>
  <images>
    <image>
      <fileName>map.png</fileName>
    </image>
    <image>
      <video>
        <videoFile streamed="false">temp1.mp4</videoFile>
        <autoPlay>true</autoPlay>
        <volume>0</volume>
        <currentTime>0</currentTime>
        <playerID>videoPlayer</playerID>
        <loop>true</loop>
      </video>
      <left>160</left>
      <top>240</top>
    </image>
    <image>
      <fileName>cover.png</fileName>
      <left>154</left>
      <top>323</top>
    </image>
    <image>
      <frames>
        <frame>
          <fileName>f1.png</fileName>
        </frame>
        <frame>
          <fileName>f2.png</fileName>
        </frame>
        <frame>
          <fileName>f3.png</fileName>
        </frame>
        <frame>
          <fileName>f4.png</fileName>
        </frame>
      </frames>
      <coordinates>
        113;208,49;336,33;368,145;304,129;416,193;192,209;80,209;384,241;144,273;48,273;368,289;464,305;416,321;400,337;288,337;464,385;64,449;80,433;368,481;48,497;432,545;64,577;128,577;16,593;80,657;304,705;320
      </coordinates>
      <speed>6</speed>
    </image>
    <image>
      <frames>
        <frame>
          <fileName>f1.png</fileName>
        </frame>
        <frame>
          <fileName>f2.png</fileName>
        </frame>
        <frame>
          <fileName>f3.png</fileName>
        </frame>
        <frame>
          <fileName>f4.png</fileName>
        </frame>
      </frames>
      <applyAlterations>
        <alterationsToDo>ApplyNewPaletteColor</alterationsToDo>
        <basicPaletteColor>
          255,248,248,136-255,48,104,40-255,96,184,32
        </basicPaletteColor>
        <newPaletteColor>
          255,152,184,232-255,24,88,48-255,48,136,104
        </newPaletteColor>
      </applyAlterations>
      <speed>6</speed>
      <left>97</left>
      <top>16</top>
    </image>
    <image>
      <frames>
        <frame>
          <fileName>river2b.png</fileName>
        </frame>
        <frame>
          <fileName>river3b.png</fileName>
        </frame>
        <frame>
          <fileName>river4b.png</fileName>
        </frame>
        <frame>
          <fileName></fileName>
        </frame>
      </frames>
      <speed>6</speed>
      <left>0</left>
      <top>96</top>
    </image>
    <image>
      <frames>
        <frame>
          <fileName>pool2.png</fileName>
        </frame>
        <frame>
          <fileName>pool3.png</fileName>
        </frame>
        <frame>
          <fileName>pool4.png</fileName>
        </frame>
        <frame>
          <fileName></fileName>
        </frame>
      </frames>
      <speed>6</speed>
      <left>192</left>
      <top>16</top>
    </image>
    <image>
      <frames>
        <frame>
          <fileName>river2.png</fileName>
        </frame>
        <frame>
          <fileName>river3.png</fileName>
        </frame>
        <frame>
          <fileName>river4.png</fileName>
        </frame>
        <frame>
          <fileName></fileName>
        </frame>
      </frames>
      <speed>6</speed>
      <left>624</left>
      <top>400</top>
    </image>
    <image>
      <frames>
        <frame>
          <fileName>statue2.png</fileName>
        </frame>
        <frame>
          <fileName>statue3.png</fileName>
        </frame>
        <frame>
          <fileName>statue4.png</fileName>
        </frame>
        <frame>
          <fileName></fileName>
        </frame>
      </frames>
      <speed>6</speed>
      <left>368</left>
      <top>144</top>
    </image>
    <image>
      <frames>
        <frame>
          <fileName>pkid.png</fileName>
        </frame>
        <frame>
          <fileName>pkid.png</fileName>
          <applyAlterationsToThisFrame>
            <alterationsToDo>FlipHorizontal</alterationsToDo>
          </applyAlterationsToThisFrame>
        </frame>
      </frames>
      <coordinates>
        513;450,433;194,562;18
      </coordinates>
      <speed>6</speed>
    </image>
    <image>
      <frames>
        <frame>
          <fileName>old1.png</fileName>
        </frame>
        <frame>
          <fileName>old2.png</fileName>
        </frame>
      </frames>
      <speed>6</speed>
      <left>272</left>
      <top>448</top>
    </image>
    <image>
      <frames>
        <frame>
          <fileName>fisherman1.png</fileName>
          <delay>6</delay>
        </frame>
        <frame>
          <fileName>fisherman2.png</fileName>
          <delay>17</delay>
        </frame>
      </frames>
      <left>241</left>
      <top>48</top>
    </image>
    <image>
      <frames>
        <frameCollection>
          <frame>
            <fileName>kid1.png</fileName>
          </frame>
          <frame>
            <fileName>kid2.png</fileName>
          </frame>
        </frameCollection>
        <frameCollection>
          <frame>
            <fileName>kid1.png</fileName>
          </frame>
          <repeatThisLoopForTimes>6</repeatThisLoopForTimes>
        </frameCollection>
        <frameCollection>
          <frame>
            <fileName>kid3.png</fileName>
          </frame>
        </frameCollection>
        <defaultFrameCollection>1</defaultFrameCollection>
      </frames>
      <events>
        <event>
          <eventType>FrameAnimationRepeatLoopEnds</eventType>
          <eventActions>
            <eventAction>EnableByID</eventAction>
          </eventActions>
          <whenFrameCollectionIndexIs>1</whenFrameCollectionIndexIs>
          <ids>ball</ids>
        </event>
        <event>
          <eventType>FrameAnimationRepeatLoopEnds</eventType>
          <eventActions>
            <eventAction>ChangeFrameCollection</eventAction>
            <eventAction>UpdateGlobalVariables</eventAction>
          </eventActions>
          <changeFrameCollectionIndexTo>2</changeFrameCollectionIndexTo>
          <whenFrameCollectionIndexIs>1</whenFrameCollectionIndexIs>
          <globalVariablesToUpdate>
            <variable>
              <id>ballDirection</id>
              <value>toRight</value>
            </variable>
          </globalVariablesToUpdate>
        </event>
      </events>

      <left>67</left>
      <top>431</top>
      <speed>3</speed>
      <id>kid1</id>
    </image>
    <image>
      <frames>
        <frameCollection>
          <frame>
            <fileName>kid1.png</fileName>
          </frame>
          <frame>
            <fileName>kid2.png</fileName>
          </frame>
        </frameCollection>
        <frameCollection>
          <frame>
            <fileName>kid1.png</fileName>
          </frame>
          <repeatThisLoopForTimes>6</repeatThisLoopForTimes>
        </frameCollection>
        <frameCollection>
          <frame>
            <fileName>kid3.png</fileName>
          </frame>
        </frameCollection>
        <!--<defaultFrameCollection>2</defaultFrameCollection>-->
      </frames>
      <applyAlterations>
        <alterationsToDo>ApplyNewPaletteColor,FlipHorizontal</alterationsToDo>
        <basicPaletteColor>
          255,16,168,64
        </basicPaletteColor>
        <newPaletteColor>
          255,248,8,40
        </newPaletteColor>
      </applyAlterations>
      <events>
        <event>
          <eventType>FrameAnimationRepeatLoopEnds</eventType>
          <eventActions>
            <eventAction>EnableByID</eventAction>
          </eventActions>
          <whenFrameCollectionIndexIs>1</whenFrameCollectionIndexIs>
          <ids>ball</ids>
        </event>
        <event>
          <eventType>FrameAnimationRepeatLoopEnds</eventType>
          <eventActions>
            <eventAction>ChangeFrameCollection</eventAction>
            <eventAction>UpdateGlobalVariables</eventAction>
          </eventActions>
          <changeFrameCollectionIndexTo>2</changeFrameCollectionIndexTo>
          <whenFrameCollectionIndexIs>1</whenFrameCollectionIndexIs>
          <globalVariablesToUpdate>
            <variable>
              <id>ballDirection</id>
              <value>toLeft</value>
            </variable>
          </globalVariablesToUpdate>
        </event>
      </events>
      <left>113</left>
      <top>431</top>
      <speed>3</speed>
      <id>kid2</id>
    </image>
    <image>
      <frames>
        <frame>
          <fileName>ball7.png</fileName>
          <applyAlterationsToThisFrame>
            <alterationsToDo>FlipHorizontal</alterationsToDo>
          </applyAlterationsToThisFrame>
        </frame>
        <frame>
          <fileName>ball6.png</fileName>
          <applyAlterationsToThisFrame>
            <alterationsToDo>FlipHorizontal</alterationsToDo>
          </applyAlterationsToThisFrame>
        </frame>
        <frame>
          <fileName>ball5.png</fileName>
          <applyAlterationsToThisFrame>
            <alterationsToDo>FlipHorizontal</alterationsToDo>
          </applyAlterationsToThisFrame>
        </frame>
        <frame>
          <fileName>ball4.png</fileName>
          <applyAlterationsToThisFrame>
            <alterationsToDo>FlipHorizontal</alterationsToDo>
          </applyAlterationsToThisFrame>
        </frame>
        <frame>
          <fileName>ball3.png</fileName>
          <applyAlterationsToThisFrame>
            <alterationsToDo>FlipHorizontal</alterationsToDo>
          </applyAlterationsToThisFrame>
        </frame>
        <frame>
          <fileName>ball2.png</fileName>
          <applyAlterationsToThisFrame>
            <alterationsToDo>FlipHorizontal</alterationsToDo>
          </applyAlterationsToThisFrame>
        </frame>
        <frame>
          <fileName>ball1.png</fileName>
        </frame>
        <frame>
          <fileName>ball2.png</fileName>
        </frame>
        <frame>
          <fileName>ball3.png</fileName>
        </frame>
        <frame>
          <fileName>ball4.png</fileName>
        </frame>
        <frame>
          <fileName>ball5.png</fileName>
        </frame>
        <frame>
          <fileName>ball6.png</fileName>
        </frame>
        <frame>
          <fileName>ball7.png</fileName>
        </frame>
        <returnBackwardToFirstFrame>true</returnBackwardToFirstFrame>
      </frames>
      <events>
        <event>
          <eventType>TriggerActionByCurrentFrame</eventType>
          <eventActions>
            <eventAction>ChangeFrameCollection</eventAction>
          </eventActions>
          <whenCurrentFrameIndexIs>12</whenCurrentFrameIndexIs>
          <changeFrameCollectionIndexTo>0</changeFrameCollectionIndexTo>
          <ids>kid1</ids>
          <whenGlobalVariableIs>
            <variable>
              <id>ballDirection</id>
              <value>toRight</value>
            </variable>
          </whenGlobalVariableIs>
        </event>
        <event>
          <eventType>TriggerActionByCurrentFrame</eventType>
          <eventActions>
            <eventAction>DisableImage</eventAction>
          </eventActions>
          <whenCurrentFrameIndexIs>12</whenCurrentFrameIndexIs>
          <whenGlobalVariableIs>
            <variable>
              <id>ballDirection</id>
              <value>toRight</value>
            </variable>
          </whenGlobalVariableIs>
        </event>
        <event>
          <eventType>TriggerActionByCurrentFrame</eventType>
          <eventActions>
            <eventAction>ChangeFrameCollection</eventAction>
          </eventActions>
          <whenCurrentFrameIndexIs>12</whenCurrentFrameIndexIs>
          <changeFrameCollectionIndexTo>1</changeFrameCollectionIndexTo>
          <ids>kid2</ids>
          <whenGlobalVariableIs>
            <variable>
              <id>ballDirection</id>
              <value>toRight</value>
            </variable>
          </whenGlobalVariableIs>
        </event>
        <event>
          <eventType>TriggerActionByCurrentFrame</eventType>
          <eventActions>
            <eventAction>ChangeFrameCollection</eventAction>
          </eventActions>
          <whenCurrentFrameIndexIs>0</whenCurrentFrameIndexIs>
          <changeFrameCollectionIndexTo>0</changeFrameCollectionIndexTo>
          <ids>kid2</ids>
          <whenGlobalVariableIs>
            <variable>
              <id>ballDirection</id>
              <value>toLeft</value>
            </variable>
          </whenGlobalVariableIs>
        </event>
        <event>
          <eventType>TriggerActionByCurrentFrame</eventType>
          <eventActions>
            <eventAction>DisableImage</eventAction>
          </eventActions>
          <whenCurrentFrameIndexIs>0</whenCurrentFrameIndexIs>
          <whenGlobalVariableIs>
            <variable>
              <id>ballDirection</id>
              <value>toLeft</value>
            </variable>
          </whenGlobalVariableIs>
        </event>
        <event>
          <eventType>TriggerActionByCurrentFrame</eventType>
          <eventActions>
            <eventAction>ChangeFrameCollection</eventAction>
          </eventActions>
          <whenCurrentFrameIndexIs>0</whenCurrentFrameIndexIs>
          <changeFrameCollectionIndexTo>1</changeFrameCollectionIndexTo>
          <ids>kid1</ids>
          <whenGlobalVariableIs>
            <variable>
              <id>ballDirection</id>
              <value>toLeft</value>
            </variable>
          </whenGlobalVariableIs>
        </event>
      </events>
      <left>71</left>
      <top>425</top>
      <speed>1</speed>
      <disableImage>true</disableImage>
      <id>ball</id>
    </image>
    <image>
      <frames>
        <frame>
          <fileName>chick1.png</fileName>
        </frame>
        <frame>
          <fileName>chick2.png</fileName>
        </frame>
      </frames>
      <moveAnimation>
        <iniLeft>351</iniLeft>
        <iniTop>373</iniTop>
        <maxLeft>474</maxLeft>
        <maxTop>401</maxTop>
        <pixelsMoveTop>-1</pixelsMoveTop>
        <pixelsMoveLeft>-3</pixelsMoveLeft>
      </moveAnimation>
      <imageTimer>
        <timerDelay>1000</timerDelay>
      </imageTimer>
      <events>
        <event>
          <eventType>MoveAnimationMaxLeftReached</eventType>
          <eventActions>
            <eventAction>FlipImage</eventAction>
          </eventActions>
        </event>
        <event>
          <eventType>MoveAnimationMaxRightReached</eventType>
          <eventActions>
            <eventAction>FlipImage</eventAction>
          </eventActions>
        </event>
        <event>
          <eventType>Timer</eventType>
          <eventActions>
            <eventAction>ChangeTimerDelay</eventAction>
            <eventAction>StopAnimationAndMove</eventAction>
            <eventAction>ChangeCustomCondition</eventAction>
          </eventActions>
          <whenCustomConditionIs>running</whenCustomConditionIs>
          <newTimerDelay>2000</newTimerDelay>
          <newCustomCondition>stoppped</newCustomCondition>
        </event>
        <event>
          <eventType>Timer</eventType>
          <eventActions>
            <eventAction>ChangeTimerDelay</eventAction>
            <eventAction>ResumeAnimationAndMove</eventAction>
            <eventAction>ChangeCustomCondition</eventAction>
          </eventActions>
          <whenCustomConditionIs>stoppped</whenCustomConditionIs>
          <newTimerDelay>1000</newTimerDelay>
          <newCustomCondition>running</newCustomCondition>
        </event>
        <defaultCustomCondition>running</defaultCustomCondition>
      </events>
      <left>416</left>
      <top>406</top>
      <speed>2</speed>
    </image>
    <image>
      <frames>
        <reUseTagFramesFromPreviousImage>true</reUseTagFramesFromPreviousImage>
      </frames>
      <moveAnimation>
        <iniLeft>176</iniLeft>
        <iniTop>356</iniTop>
        <maxLeft>306</maxLeft>
        <maxTop>386</maxTop>
        <pixelsMoveTop>-1</pixelsMoveTop>
        <pixelsMoveLeft>3</pixelsMoveLeft>
      </moveAnimation>
      <imageTimer>
        <timerDelay>3000</timerDelay>
      </imageTimer>
      <events>
        <event>
          <eventType>MoveAnimationMaxLeftReached</eventType>
          <eventActions>
            <eventAction>FlipImage</eventAction>
          </eventActions>
        </event>
        <event>
          <eventType>MoveAnimationMaxRightReached</eventType>
          <eventActions>
            <eventAction>FlipImage</eventAction>
          </eventActions>
        </event>
        <event>
          <eventType>Timer</eventType>
          <eventActions>
            <eventAction>ChangeTimerDelay</eventAction>
            <eventAction>StopAnimationAndMove</eventAction>
            <eventAction>ChangeCustomCondition</eventAction>
          </eventActions>
          <whenCustomConditionIs>running</whenCustomConditionIs>
          <newTimerDelay>2000</newTimerDelay>
          <newCustomCondition>stoppped</newCustomCondition>
        </event>
        <event>
          <eventType>Timer</eventType>
          <eventActions>
            <eventAction>ChangeTimerDelay</eventAction>
            <eventAction>ResumeAnimationAndMove</eventAction>
            <eventAction>ChangeCustomCondition</eventAction>
          </eventActions>
          <whenCustomConditionIs>stoppped</whenCustomConditionIs>
          <newTimerDelay>1000</newTimerDelay>
          <newCustomCondition>running</newCustomCondition>
        </event>
        <defaultCustomCondition>running</defaultCustomCondition>
      </events>
      <left>192</left>
      <top>380</top>
      <speed>2</speed>
      <flipImage>Horizontal</flipImage>
    </image>
    <image>
      <frames>
        <reUseTagFramesFromPreviousImage>true</reUseTagFramesFromPreviousImage>
      </frames>
      <moveAnimation>
        <iniLeft>176</iniLeft>
        <iniTop>176</iniTop>
        <maxLeft>224</maxLeft>
        <maxTop>208</maxTop>
        <pixelsMoveTop>-1</pixelsMoveTop>
        <pixelsMoveLeft>-3</pixelsMoveLeft>
      </moveAnimation>
      <imageTimer>
        <timerDelay>2000</timerDelay>
      </imageTimer>
      <events>
        <event>
          <eventType>MoveAnimationMaxLeftReached</eventType>
          <eventActions>
            <eventAction>FlipImage</eventAction>
          </eventActions>
        </event>
        <event>
          <eventType>MoveAnimationMaxRightReached</eventType>
          <eventActions>
            <eventAction>FlipImage</eventAction>
          </eventActions>
        </event>
        <event>
          <eventType>Timer</eventType>
          <eventActions>
            <eventAction>ChangeTimerDelay</eventAction>
            <eventAction>StopAnimationAndMove</eventAction>
            <eventAction>ChangeCustomCondition</eventAction>
          </eventActions>
          <whenCustomConditionIs>running</whenCustomConditionIs>
          <newTimerDelay>2000</newTimerDelay>
          <newCustomCondition>stoppped</newCustomCondition>
        </event>
        <event>
          <eventType>Timer</eventType>
          <eventActions>
            <eventAction>ChangeTimerDelay</eventAction>
            <eventAction>ResumeAnimationAndMove</eventAction>
            <eventAction>ChangeCustomCondition</eventAction>
          </eventActions>
          <whenCustomConditionIs>stoppped</whenCustomConditionIs>
          <newTimerDelay>1000</newTimerDelay>
          <newCustomCondition>running</newCustomCondition>
        </event>
        <defaultCustomCondition>running</defaultCustomCondition>
      </events>
      <left>182</left>
      <top>200</top>
      <speed>2</speed>
      <!--<flipImage>Horizontal</flipImage>-->
    </image>
    <image>
      <frames>
        <reUseTagFramesFromPreviousImage>true</reUseTagFramesFromPreviousImage>
      </frames>
      <moveAnimation>
        <iniLeft>368</iniLeft>
        <iniTop>320</iniTop>
        <maxLeft>434</maxLeft>
        <maxTop>322</maxTop>
        <pixelsMoveTop>-1</pixelsMoveTop>
        <pixelsMoveLeft>2</pixelsMoveLeft>
      </moveAnimation>
      <imageTimer>
        <timerDelay>2500</timerDelay>
      </imageTimer>
      <events>
        <event>
          <eventType>MoveAnimationMaxLeftReached</eventType>
          <eventActions>
            <eventAction>FlipImage</eventAction>
          </eventActions>
        </event>
        <event>
          <eventType>MoveAnimationMaxRightReached</eventType>
          <eventActions>
            <eventAction>FlipImage</eventAction>
          </eventActions>
        </event>
        <event>
          <eventType>Timer</eventType>
          <eventActions>
            <eventAction>ChangeTimerDelay</eventAction>
            <eventAction>StopAnimationAndMove</eventAction>
            <eventAction>ChangeCustomCondition</eventAction>
          </eventActions>
          <whenCustomConditionIs>running</whenCustomConditionIs>
          <newTimerDelay>2000</newTimerDelay>
          <newCustomCondition>stoppped</newCustomCondition>
        </event>
        <event>
          <eventType>Timer</eventType>
          <eventActions>
            <eventAction>ChangeTimerDelay</eventAction>
            <eventAction>ResumeAnimationAndMove</eventAction>
            <eventAction>ChangeCustomCondition</eventAction>
          </eventActions>
          <whenCustomConditionIs>stoppped</whenCustomConditionIs>
          <newTimerDelay>1000</newTimerDelay>
          <newCustomCondition>running</newCustomCondition>
        </event>
        <defaultCustomCondition>running</defaultCustomCondition>
      </events>
      <left>368</left>
      <top>322</top>
      <speed>2</speed>
      <flipImage>Horizontal</flipImage>
    </image>
    <image>
      <frames>
        <reUseTagFramesFromPreviousImage>true</reUseTagFramesFromPreviousImage>
      </frames>
      <moveAnimation>
        <iniLeft>468</iniLeft>
        <iniTop>208</iniTop>
        <maxLeft>608</maxLeft>
        <maxTop>224</maxTop>
        <pixelsMoveTop>-1</pixelsMoveTop>
        <pixelsMoveLeft>-3</pixelsMoveLeft>
      </moveAnimation>
      <imageTimer>
        <timerDelay>1500</timerDelay>
      </imageTimer>
      <events>
        <event>
          <eventType>MoveAnimationMaxLeftReached</eventType>
          <eventActions>
            <eventAction>FlipImage</eventAction>
          </eventActions>
        </event>
        <event>
          <eventType>MoveAnimationMaxRightReached</eventType>
          <eventActions>
            <eventAction>FlipImage</eventAction>
          </eventActions>
        </event>
        <event>
          <eventType>Timer</eventType>
          <eventActions>
            <eventAction>ChangeTimerDelay</eventAction>
            <eventAction>StopAnimationAndMove</eventAction>
            <eventAction>ChangeCustomCondition</eventAction>
          </eventActions>
          <whenCustomConditionIs>running</whenCustomConditionIs>
          <newTimerDelay>2000</newTimerDelay>
          <newCustomCondition>stoppped</newCustomCondition>
        </event>
        <event>
          <eventType>Timer</eventType>
          <eventActions>
            <eventAction>ChangeTimerDelay</eventAction>
            <eventAction>ResumeAnimationAndMove</eventAction>
            <eventAction>ChangeCustomCondition</eventAction>
          </eventActions>
          <whenCustomConditionIs>stoppped</whenCustomConditionIs>
          <newTimerDelay>1000</newTimerDelay>
          <newCustomCondition>running</newCustomCondition>
        </event>
        <defaultCustomCondition>running</defaultCustomCondition>
      </events>
      <left>606</left>
      <top>222</top>
      <speed>2</speed>
      <!--<flipImage>Horizontal</flipImage>-->
    </image>
    <image>
      <frames>
        <frameCollection>
          <frame>
            <fileName>dog1.png</fileName>
          </frame>
          <frame>
            <fileName>dog2.png</fileName>
          </frame>
        </frameCollection>
        <frameCollection>
          <frame>
            <fileName>dog1.png</fileName>
          </frame>
          <frame>
            <fileName>dog3.png</fileName>
          </frame>
        </frameCollection>
        <!--<defaultFrameCollection>2</defaultFrameCollection>-->
        <framesAnimationSpeed>3</framesAnimationSpeed>
      </frames>
      <moveAnimation>
        <iniLeft>416</iniLeft>
        <iniTop>128</iniTop>
        <maxLeft>496</maxLeft>
        <maxTop>176</maxTop>
        <pixelsMoveTop>-1</pixelsMoveTop>
        <pixelsMoveLeft>-3</pixelsMoveLeft>
      </moveAnimation>
      <imageTimer>
        <timerDelay>1000</timerDelay>
      </imageTimer>
      <events>
        <event>
          <eventType>MoveAnimationMaxLeftReached</eventType>
          <eventActions>
            <eventAction>FlipImage</eventAction>
          </eventActions>
        </event>
        <event>
          <eventType>MoveAnimationMaxRightReached</eventType>
          <eventActions>
            <eventAction>FlipImage</eventAction>
          </eventActions>
        </event>
        <event>
          <eventType>Timer</eventType>
          <eventActions>
            <eventAction>ChangeTimerDelay</eventAction>
            <eventAction>StopMove</eventAction>
            <eventAction>ChangeCustomCondition</eventAction>
            <eventAction>ChangeFrameCollection</eventAction>
          </eventActions>
          <whenCustomConditionIs>running</whenCustomConditionIs>
          <newTimerDelay>2000</newTimerDelay>
          <newCustomCondition>stoppped</newCustomCondition>
          <changeFrameCollectionIndexTo>0</changeFrameCollectionIndexTo>
        </event>
        <event>
          <eventType>Timer</eventType>
          <eventActions>
            <eventAction>ChangeTimerDelay</eventAction>
            <eventAction>ResumeMove</eventAction>
            <eventAction>ChangeCustomCondition</eventAction>
            <eventAction>ChangeFrameCollection</eventAction>
          </eventActions>
          <whenCustomConditionIs>stoppped</whenCustomConditionIs>
          <newTimerDelay>1000</newTimerDelay>
          <newCustomCondition>running</newCustomCondition>
          <changeFrameCollectionIndexTo>1</changeFrameCollectionIndexTo>
        </event>
        <defaultCustomCondition>running</defaultCustomCondition>
      </events>
      <left>484</left>
      <top>176</top>
      <speed>2</speed>
      <flipImage>Horizontal</flipImage>
    </image>
    <image>
      <frames>
        <reUseTagFramesFromPreviousImage>true</reUseTagFramesFromPreviousImage>
        <framesAnimationSpeed>3</framesAnimationSpeed>
      </frames>
      <moveAnimation>
        <iniLeft>432</iniLeft>
        <iniTop>384</iniTop>
        <maxLeft>512</maxLeft>
        <maxTop>432</maxTop>
        <pixelsMoveTop>1</pixelsMoveTop>
        <pixelsMoveLeft>3</pixelsMoveLeft>
      </moveAnimation>
      <imageTimer>
        <timerDelay>2100</timerDelay>
      </imageTimer>
      <events>
        <event>
          <eventType>MoveAnimationMaxLeftReached</eventType>
          <eventActions>
            <eventAction>FlipImage</eventAction>
          </eventActions>
        </event>
        <event>
          <eventType>MoveAnimationMaxRightReached</eventType>
          <eventActions>
            <eventAction>FlipImage</eventAction>
          </eventActions>
        </event>
        <event>
          <eventType>Timer</eventType>
          <eventActions>
            <eventAction>ChangeTimerDelay</eventAction>
            <eventAction>StopMove</eventAction>
            <eventAction>ChangeCustomCondition</eventAction>
            <eventAction>ChangeFrameCollection</eventAction>
          </eventActions>
          <whenCustomConditionIs>running</whenCustomConditionIs>
          <newTimerDelay>2000</newTimerDelay>
          <newCustomCondition>stoppped</newCustomCondition>
          <changeFrameCollectionIndexTo>0</changeFrameCollectionIndexTo>
        </event>
        <event>
          <eventType>Timer</eventType>
          <eventActions>
            <eventAction>ChangeTimerDelay</eventAction>
            <eventAction>ResumeMove</eventAction>
            <eventAction>ChangeCustomCondition</eventAction>
            <eventAction>ChangeFrameCollection</eventAction>
          </eventActions>
          <whenCustomConditionIs>stoppped</whenCustomConditionIs>
          <newTimerDelay>1000</newTimerDelay>
          <newCustomCondition>running</newCustomCondition>
          <changeFrameCollectionIndexTo>1</changeFrameCollectionIndexTo>
        </event>
        <defaultCustomCondition>running</defaultCustomCondition>
      </events>
      <left>452</left>
      <top>424</top>
      <speed>2</speed>
      <!--<flipImage>Horizontal</flipImage>-->
    </image>
    <image>
      <frames>
        <reUseTagFramesFromPreviousImage>true</reUseTagFramesFromPreviousImage>
        <framesAnimationSpeed>3</framesAnimationSpeed>
      </frames>
      <moveAnimation>
        <iniLeft>252</iniLeft>
        <iniTop>304</iniTop>
        <maxLeft>326</maxLeft>
        <maxTop>340</maxTop>
        <pixelsMoveTop>1</pixelsMoveTop>
        <pixelsMoveLeft>-3</pixelsMoveLeft>
      </moveAnimation>
      <imageTimer>
        <timerDelay>1100</timerDelay>
      </imageTimer>
      <events>
        <event>
          <eventType>MoveAnimationMaxLeftReached</eventType>
          <eventActions>
            <eventAction>FlipImage</eventAction>
          </eventActions>
        </event>
        <event>
          <eventType>MoveAnimationMaxRightReached</eventType>
          <eventActions>
            <eventAction>FlipImage</eventAction>
          </eventActions>
        </event>
        <event>
          <eventType>Timer</eventType>
          <eventActions>
            <eventAction>ChangeTimerDelay</eventAction>
            <eventAction>StopMove</eventAction>
            <eventAction>ChangeCustomCondition</eventAction>
            <eventAction>ChangeFrameCollection</eventAction>
          </eventActions>
          <whenCustomConditionIs>running</whenCustomConditionIs>
          <newTimerDelay>2000</newTimerDelay>
          <newCustomCondition>stoppped</newCustomCondition>
          <changeFrameCollectionIndexTo>0</changeFrameCollectionIndexTo>
        </event>
        <event>
          <eventType>Timer</eventType>
          <eventActions>
            <eventAction>ChangeTimerDelay</eventAction>
            <eventAction>ResumeMove</eventAction>
            <eventAction>ChangeCustomCondition</eventAction>
            <eventAction>ChangeFrameCollection</eventAction>
          </eventActions>
          <whenCustomConditionIs>stoppped</whenCustomConditionIs>
          <newTimerDelay>1000</newTimerDelay>
          <newCustomCondition>running</newCustomCondition>
          <changeFrameCollectionIndexTo>1</changeFrameCollectionIndexTo>
        </event>
        <defaultCustomCondition>running</defaultCustomCondition>
      </events>
      <left>318</left>
      <top>332</top>
      <speed>2</speed>
      <flipImage>Horizontal</flipImage>
    </image>
    <image>
      <frames>
        <convertImageSequenceInFrames>
          <filePreName>butterfly</filePreName>
          <startNumber>1</startNumber>
          <endNumber>10</endNumber>
          <fileNameExtension>png</fileNameExtension>
        </convertImageSequenceInFrames>
        <framesAnimationSpeed>3</framesAnimationSpeed>
      </frames>
      <moveAnimation>
        <iniLeft>336</iniLeft>
        <iniTop>128</iniTop>
        <maxLeft>444</maxLeft>
        <maxTop>226</maxTop>
        <pixelsMoveTop>1</pixelsMoveTop>
        <pixelsMoveLeft>2</pixelsMoveLeft>
      </moveAnimation>
      <speed>2</speed>
      <left>406</left>
      <top>162</top>
    </image>

    <!--<image>
      <frames>
        <reUseTagFramesFromPreviousImage>true</reUseTagFramesFromPreviousImage>
        <returnBackwardToFirstFrame>true</returnBackwardToFirstFrame>
        <framesAnimationSpeed>3</framesAnimationSpeed>
      </frames>
      <moveAnimation>
        <iniLeft>336</iniLeft>
        <iniTop>128</iniTop>
        <maxLeft>444</maxLeft>
        <maxTop>226</maxTop>
        <pixelsMoveTop>-1</pixelsMoveTop>
        <pixelsMoveLeft>-2</pixelsMoveLeft>
      </moveAnimation>
      <speed>2</speed>
      <left>372</left>
      <top>192</top>
    </image>-->

    <image>
      <frames>
        <reUseTagFramesFromPreviousImage>true</reUseTagFramesFromPreviousImage>
        <!--<returnBackwardToFirstFrame>true</returnBackwardToFirstFrame>-->
        <framesAnimationSpeed>3</framesAnimationSpeed>
      </frames>
      <moveAnimation>
        <iniLeft>176</iniLeft>
        <iniTop>258</iniTop>
        <maxLeft>294</maxLeft>
        <maxTop>332</maxTop>
        <pixelsMoveTop>1</pixelsMoveTop>
        <pixelsMoveLeft>2</pixelsMoveLeft>
      </moveAnimation>
      <speed>2</speed>
      <left>210</left>
      <top>300</top>
    </image>

    <!--<image>
      <frames>
        <reUseTagFramesFromPreviousImage>true</reUseTagFramesFromPreviousImage>
        <returnBackwardToFirstFrame>true</returnBackwardToFirstFrame>
        <framesAnimationSpeed>3</framesAnimationSpeed>
      </frames>
      <moveAnimation>
        <iniLeft>176</iniLeft>
        <iniTop>258</iniTop>
        <maxLeft>294</maxLeft>
        <maxTop>332</maxTop>
        <pixelsMoveTop>-1</pixelsMoveTop>
        <pixelsMoveLeft>-2</pixelsMoveLeft>
      </moveAnimation>
      <speed>2</speed>
      <left>230</left>
      <top>258</top>
    </image>-->

    <image>
      <frames>
        <reUseTagFramesFromPreviousImage>true</reUseTagFramesFromPreviousImage>
        <!--<returnBackwardToFirstFrame>true</returnBackwardToFirstFrame>-->
        <framesAnimationSpeed>3</framesAnimationSpeed>
      </frames>
      <moveAnimation>
        <iniLeft>36</iniLeft>
        <iniTop>280</iniTop>
        <maxLeft>156</maxLeft>
        <maxTop>344</maxTop>
        <pixelsMoveTop>1</pixelsMoveTop>
        <pixelsMoveLeft>2</pixelsMoveLeft>
      </moveAnimation>
      <speed>2</speed>
      <left>40</left>
      <top>320</top>
    </image>

    <!--<image>
      <frames>
        <reUseTagFramesFromPreviousImage>true</reUseTagFramesFromPreviousImage>
        <returnBackwardToFirstFrame>true</returnBackwardToFirstFrame>
        <framesAnimationSpeed>3</framesAnimationSpeed>
      </frames>
      <moveAnimation>
        <iniLeft>36</iniLeft>
        <iniTop>280</iniTop>
        <maxLeft>156</maxLeft>
        <maxTop>344</maxTop>
        <pixelsMoveTop>1</pixelsMoveTop>
        <pixelsMoveLeft>-2</pixelsMoveLeft>
      </moveAnimation>
      <speed>2</speed>
      <left>150</left>
      <top>282</top>
    </image>-->

    <image>
      <frames>
        <reUseTagFramesFromPreviousImage>true</reUseTagFramesFromPreviousImage>
        <!--<returnBackwardToFirstFrame>true</returnBackwardToFirstFrame>-->
        <framesAnimationSpeed>3</framesAnimationSpeed>
      </frames>
      <moveAnimation>
        <iniLeft>36</iniLeft>
        <iniTop>208</iniTop>
        <maxLeft>132</maxLeft>
        <maxTop>306</maxTop>
        <pixelsMoveTop>-1</pixelsMoveTop>
        <pixelsMoveLeft>2</pixelsMoveLeft>
      </moveAnimation>
      <speed>2</speed>
      <left>60</left>
      <top>250</top>
    </image>

    <!--<image>
      <frames>
        <reUseTagFramesFromPreviousImage>true</reUseTagFramesFromPreviousImage>
        <returnBackwardToFirstFrame>true</returnBackwardToFirstFrame>
        <framesAnimationSpeed>3</framesAnimationSpeed>
      </frames>
      <moveAnimation>
        <iniLeft>32</iniLeft>
        <iniTop>352</iniTop>
        <maxLeft>142</maxLeft>
        <maxTop>458</maxTop>
        <pixelsMoveTop>1</pixelsMoveTop>
        <pixelsMoveLeft>2</pixelsMoveLeft>
      </moveAnimation>
      <speed>2</speed>
      <left>60</left>
      <top>400</top>
    </image>-->

    <image>
      <frames>
        <reUseTagFramesFromPreviousImage>true</reUseTagFramesFromPreviousImage>
        <returnBackwardToFirstFrame>true</returnBackwardToFirstFrame>
        <framesAnimationSpeed>3</framesAnimationSpeed>
      </frames>
      <moveAnimation>
        <iniLeft>478</iniLeft>
        <iniTop>14</iniTop>
        <maxLeft>620</maxLeft>
        <maxTop>84</maxTop>
        <pixelsMoveTop>1</pixelsMoveTop>
        <pixelsMoveLeft>-2</pixelsMoveLeft>
      </moveAnimation>
      <speed>2</speed>
      <left>520</left>
      <top>70</top>
    </image>

    <!--<image>
      <frames>
        <reUseTagFramesFromPreviousImage>true</reUseTagFramesFromPreviousImage>
        <returnBackwardToFirstFrame>true</returnBackwardToFirstFrame>
        <framesAnimationSpeed>3</framesAnimationSpeed>
      </frames>
      <moveAnimation>
        <iniLeft>478</iniLeft>
        <iniTop>14</iniTop>
        <maxLeft>620</maxLeft>
        <maxTop>84</maxTop>
        <pixelsMoveTop>1</pixelsMoveTop>
        <pixelsMoveLeft>2</pixelsMoveLeft>
      </moveAnimation>
      <speed>2</speed>
      <left>478</left>
      <top>16</top>
    </image>-->

    <image>
      <frames>
        <reUseTagFramesFromPreviousImage>true</reUseTagFramesFromPreviousImage>
        <returnBackwardToFirstFrame>true</returnBackwardToFirstFrame>
        <framesAnimationSpeed>3</framesAnimationSpeed>
      </frames>
      <moveAnimation>
        <iniLeft>336</iniLeft>
        <iniTop>382</iniTop>
        <maxLeft>460</maxLeft>
        <maxTop>458</maxTop>
        <pixelsMoveTop>1</pixelsMoveTop>
        <pixelsMoveLeft>2</pixelsMoveLeft>
      </moveAnimation>
      <speed>2</speed>
      <left>350</left>
      <top>450</top>
    </image>

    <!--<image>
      <frames>
        <reUseTagFramesFromPreviousImage>true</reUseTagFramesFromPreviousImage>
        -->
    <!--<returnBackwardToFirstFrame>true</returnBackwardToFirstFrame>-->
    <!--
        <framesAnimationSpeed>3</framesAnimationSpeed>
      </frames>
      <moveAnimation>
        <iniLeft>336</iniLeft>
        <iniTop>382</iniTop>
        <maxLeft>460</maxLeft>
        <maxTop>458</maxTop>
        <pixelsMoveTop>-1</pixelsMoveTop>
        <pixelsMoveLeft>-2</pixelsMoveLeft>
      </moveAnimation>
      <speed>2</speed>
      <left>450</left>
      <top>384</top>
    </image>-->

    <image>
      <frames>
        <reUseTagFramesFromPreviousImage>true</reUseTagFramesFromPreviousImage>
        <returnBackwardToFirstFrame>true</returnBackwardToFirstFrame>
        <framesAnimationSpeed>3</framesAnimationSpeed>
      </frames>
      <moveAnimation>
        <iniLeft>478</iniLeft>
        <iniTop>382</iniTop>
        <maxLeft>592</maxLeft>
        <maxTop>462</maxTop>
        <pixelsMoveTop>1</pixelsMoveTop>
        <pixelsMoveLeft>2</pixelsMoveLeft>
      </moveAnimation>
      <speed>2</speed>
      <left>500</left>
      <top>400</top>
    </image>

    <!--<image>
      <frames>
        <reUseTagFramesFromPreviousImage>true</reUseTagFramesFromPreviousImage>
        -->
    <!--<returnBackwardToFirstFrame>true</returnBackwardToFirstFrame>-->
    <!--
        <framesAnimationSpeed>3</framesAnimationSpeed>
      </frames>
      <moveAnimation>
        <iniLeft>478</iniLeft>
        <iniTop>382</iniTop>
        <maxLeft>592</maxLeft>
        <maxTop>462</maxTop>
        <pixelsMoveTop>1</pixelsMoveTop>
        <pixelsMoveLeft>-3</pixelsMoveLeft>
      </moveAnimation>
      <speed>2</speed>
      <left>480</left>
      <top>458</top>
    </image>-->

    <image>
      <frames>
        <reUseTagFramesFromPreviousImage>true</reUseTagFramesFromPreviousImage>
        <returnBackwardToFirstFrame>true</returnBackwardToFirstFrame>
        <framesAnimationSpeed>3</framesAnimationSpeed>
      </frames>
      <moveAnimation>
        <iniLeft>478</iniLeft>
        <iniTop>236</iniTop>
        <maxLeft>608</maxLeft>
        <maxTop>366</maxTop>
        <pixelsMoveTop>1</pixelsMoveTop>
        <pixelsMoveLeft>2</pixelsMoveLeft>
      </moveAnimation>
      <speed>2</speed>
      <left>530</left>
      <top>240</top>
    </image>

    <!--<image>
      <frames>
        <reUseTagFramesFromPreviousImage>true</reUseTagFramesFromPreviousImage>
        -->
    <!--<returnBackwardToFirstFrame>true</returnBackwardToFirstFrame>-->
    <!--
        <framesAnimationSpeed>3</framesAnimationSpeed>
      </frames>
      <moveAnimation>
        <iniLeft>478</iniLeft>
        <iniTop>236</iniTop>
        <maxLeft>608</maxLeft>
        <maxTop>366</maxTop>
        <pixelsMoveTop>-2</pixelsMoveTop>
        <pixelsMoveLeft>-1</pixelsMoveLeft>
      </moveAnimation>
      <speed>2</speed>
      <left>482</left>
      <top>360</top>
    </image>-->

    <image>
      <frames>
        <reUseTagFramesFromPreviousImage>true</reUseTagFramesFromPreviousImage>
        <returnBackwardToFirstFrame>true</returnBackwardToFirstFrame>
        <framesAnimationSpeed>3</framesAnimationSpeed>
      </frames>
      <moveAnimation>
        <iniLeft>492</iniLeft>
        <iniTop>128</iniTop>
        <maxLeft>606</maxLeft>
        <maxTop>222</maxTop>
        <pixelsMoveTop>1</pixelsMoveTop>
        <pixelsMoveLeft>2</pixelsMoveLeft>
      </moveAnimation>
      <speed>2</speed>
      <left>500</left>
      <top>150</top>
    </image>

    <!--<image>
      <frames>
        <reUseTagFramesFromPreviousImage>true</reUseTagFramesFromPreviousImage>
        -->
    <!--<returnBackwardToFirstFrame>true</returnBackwardToFirstFrame>-->
    <!--
        <framesAnimationSpeed>3</framesAnimationSpeed>
      </frames>
      <moveAnimation>
        <iniLeft>492</iniLeft>
        <iniTop>128</iniTop>
        <maxLeft>606</maxLeft>
        <maxTop>222</maxTop>
        <pixelsMoveTop>2</pixelsMoveTop>
        <pixelsMoveLeft>-1</pixelsMoveLeft>
      </moveAnimation>
      <speed>2</speed>
      <left>600</left>
      <top>210</top>
    </image>-->

    <image>
      <frames>
        <reUseTagFramesFromPreviousImage>true</reUseTagFramesFromPreviousImage>
        <returnBackwardToFirstFrame>true</returnBackwardToFirstFrame>
        <framesAnimationSpeed>3</framesAnimationSpeed>
      </frames>
      <moveAnimation>
        <iniLeft>608</iniLeft>
        <iniTop>18</iniTop>
        <maxLeft>722</maxLeft>
        <maxTop>128</maxTop>
        <pixelsMoveTop>1</pixelsMoveTop>
        <pixelsMoveLeft>2</pixelsMoveLeft>
      </moveAnimation>
      <speed>2</speed>
      <left>610</left>
      <top>100</top>
    </image>

    <image>
      <frames>
        <reUseTagFramesFromPreviousImage>true</reUseTagFramesFromPreviousImage>
        <!--<returnBackwardToFirstFrame>true</returnBackwardToFirstFrame>-->
        <framesAnimationSpeed>3</framesAnimationSpeed>
      </frames>
      <moveAnimation>
        <iniLeft>182</iniLeft>
        <iniTop>128</iniTop>
        <maxLeft>288</maxLeft>
        <maxTop>208</maxTop>
        <pixelsMoveTop>1</pixelsMoveTop>
        <pixelsMoveLeft>2</pixelsMoveLeft>
      </moveAnimation>
      <speed>2</speed>
      <left>200</left>
      <top>130</top>
    </image>

    <image>
      <frames>
        <reUseTagFramesFromPreviousImage>true</reUseTagFramesFromPreviousImage>
        <returnBackwardToFirstFrame>true</returnBackwardToFirstFrame>
        <framesAnimationSpeed>3</framesAnimationSpeed>
      </frames>
      <moveAnimation>
        <iniLeft>352</iniLeft>
        <iniTop>18</iniTop>
        <maxLeft>492</maxLeft>
        <maxTop>84</maxTop>
        <pixelsMoveTop>1</pixelsMoveTop>
        <pixelsMoveLeft>2</pixelsMoveLeft>
      </moveAnimation>
      <speed>2</speed>
      <left>380</left>
      <top>60</top>
    </image>

    <image>
      <frames>
        <frame>
          <fileName>ene3.png</fileName>
        </frame>
        <frame>
          <fileName>ene4.png</fileName>
        </frame>
        <framesAnimationSpeed>3</framesAnimationSpeed>
      </frames>
      <moveAnimation>
        <iniLeft>656</iniLeft>
        <maxLeft>712</maxLeft>
        <pixelsMoveLeft>-2</pixelsMoveLeft>
      </moveAnimation>
      <imageTimer>
        <timerDelay>800</timerDelay>
      </imageTimer>
      <events>
        <event>
          <eventType>MoveAnimationMaxLeftReached</eventType>
          <eventActions>
            <eventAction>FlipImage</eventAction>
          </eventActions>
        </event>
        <event>
          <eventType>MoveAnimationMaxRightReached</eventType>
          <eventActions>
            <eventAction>FlipImage</eventAction>
            <eventAction>ChangeTimerDelay</eventAction>
            <eventAction>StopAnimationAndMove</eventAction>
            <eventAction>ChangeCustomCondition</eventAction>
          </eventActions>
          <newTimerDelay>300</newTimerDelay>
          <newCustomCondition>stoppped</newCustomCondition>
        </event>
        <event>
          <eventType>MoveAnimationMaxRightReached</eventType>
          <eventActions>
            <eventAction>EnableByID</eventAction>
          </eventActions>
          <ids>ballb</ids>
        </event>
        <event>
          <eventType>Timer</eventType>
          <eventActions>
            <eventAction>ChangeTimerDelay</eventAction>
            <eventAction>StopAnimationAndMove</eventAction>
            <eventAction>ChangeCustomCondition</eventAction>
          </eventActions>
          <whenCustomConditionIs>running</whenCustomConditionIs>
          <newTimerDelay>300</newTimerDelay>
          <newCustomCondition>stoppped</newCustomCondition>
        </event>
        <event>
          <eventType>Timer</eventType>
          <eventActions>
            <eventAction>ChangeTimerDelay</eventAction>
            <eventAction>ResumeAnimationAndMove</eventAction>
            <eventAction>ChangeCustomCondition</eventAction>
          </eventActions>
          <whenCustomConditionIs>stoppped</whenCustomConditionIs>
          <newTimerDelay>800</newTimerDelay>
          <newCustomCondition>running</newCustomCondition>
        </event>
        <defaultCustomCondition>running</defaultCustomCondition>
      </events>
      <left>680</left>
      <top>356</top>
      <speed>1</speed>
    </image>

    <image>
      <frames>
        <frameCollection>
          <frame>
            <fileName>ene1.png</fileName>
          </frame>
          <frame>
            <fileName>ene2.png</fileName>
          </frame>
        </frameCollection>
        <frameCollection>
          <frame>
            <fileName>ene5.png</fileName>
          </frame>
          <frame>
            <fileName>ene6.png</fileName>
          </frame>
        </frameCollection>
      </frames>
      <moveAnimation>
        <iniTop>300</iniTop>
        <maxTop>340</maxTop>
        <pixelsMoveTop>2</pixelsMoveTop>
      </moveAnimation>
      <imageTimer>
        <timerDelay>300</timerDelay>
      </imageTimer>
      <events>
        <event>
          <eventType>MoveAnimationMaxTopReached</eventType>
          <eventActions>
            <eventAction>ChangeFrameCollection</eventAction>
          </eventActions>
          <changeFrameCollectionIndexTo>0</changeFrameCollectionIndexTo>
        </event>
        <event>
          <eventType>MoveAnimationMaxBottomReached</eventType>
          <eventActions>
            <eventAction>ChangeFrameCollection</eventAction>
          </eventActions>
          <changeFrameCollectionIndexTo>1</changeFrameCollectionIndexTo>
        </event>
        <event>
          <eventType>Timer</eventType>
          <eventActions>
            <eventAction>ChangeTimerDelay</eventAction>
            <eventAction>StopAnimationAndMove</eventAction>
            <eventAction>ChangeCustomCondition</eventAction>
          </eventActions>
          <whenCustomConditionIs>running</whenCustomConditionIs>
          <newTimerDelay>300</newTimerDelay>
          <newCustomCondition>stoppped</newCustomCondition>
        </event>
        <event>
          <eventType>Timer</eventType>
          <eventActions>
            <eventAction>ChangeTimerDelay</eventAction>
            <eventAction>ResumeAnimationAndMove</eventAction>
            <eventAction>ChangeCustomCondition</eventAction>
          </eventActions>
          <whenCustomConditionIs>stoppped</whenCustomConditionIs>
          <newTimerDelay>800</newTimerDelay>
          <newCustomCondition>running</newCustomCondition>
        </event>
        <defaultCustomCondition>running</defaultCustomCondition>
      </events>
      <left>668</left>
      <top>302</top>
      <speed>1</speed>
    </image>

    <image>
      <frames>
        <frameCollection>
          <frame>
            <fileName>eneshot1.png</fileName>
          </frame>
        </frameCollection>
        <frameCollection>
          <convertImageSequenceInFrames>
            <filePreName>eneshot</filePreName>
            <startNumber>2</startNumber>
            <endNumber>9</endNumber>
            <fileNameExtension>png</fileNameExtension>
          </convertImageSequenceInFrames>
        </frameCollection>
        <!--<defaultFrameCollection>1</defaultFrameCollection>-->
      </frames>
      <disableImage>true</disableImage>
      <moveAnimation>
        <iniLeft>652</iniLeft>
        <maxLeft>706</maxLeft>
        <pixelsMoveLeft>-4</pixelsMoveLeft>
      </moveAnimation>
      <events>
        <event>
          <eventType>MoveAnimationMaxLeftReached</eventType>
          <eventActions>
            <eventAction>StopMove</eventAction>
            <eventAction>ChangeFrameCollection</eventAction>
          </eventActions>
          <changeFrameCollectionIndexTo>1</changeFrameCollectionIndexTo>
        </event>
        <event>
          <eventType>FrameAnimationLoopEnds</eventType>
          <eventActions>
            <eventAction>ChangeFrameCollection</eventAction>
            <eventAction>ResumeMove</eventAction>
            <eventAction>DisableImage</eventAction>
            <eventAction>EditPosition</eventAction>
          </eventActions>
          <changeFrameCollectionIndexTo>0</changeFrameCollectionIndexTo>
          <newCoordinates>706;356</newCoordinates>
          <whenFrameCollectionIndexIs>1</whenFrameCollectionIndexIs>
        </event>
      </events>
      <id>ballb</id>
      <left>706</left>
      <top>356</top>
      <speed>1</speed>
    </image>

    <image>
      <frames>
        <frameCollection>
          <frame>
            <fileName>eneb3.png</fileName>
          </frame>
          <frame>
            <fileName>eneb4.png</fileName>
          </frame>
        </frameCollection>
        <frameCollection>
          <frame>
            <fileName>eneb1.png</fileName>
          </frame>
          <frame>
            <fileName>eneb2.png</fileName>
          </frame>
        </frameCollection>
        <framesAnimationSpeed>5</framesAnimationSpeed>
      </frames>
      <moveAnimation>
        <iniTop>366</iniTop>
        <maxTop>412</maxTop>
        <pixelsMoveTop>2</pixelsMoveTop>
      </moveAnimation>
      <imageTimer>
        <timerDelay>2000</timerDelay>
      </imageTimer>
      <events>
        <event>
          <eventType>MoveAnimationMaxTopReached</eventType>
          <eventActions>
            <eventAction>ChangeFrameCollection</eventAction>
          </eventActions>
          <changeFrameCollectionIndexTo>0</changeFrameCollectionIndexTo>
        </event>
        <event>
          <eventType>MoveAnimationMaxBottomReached</eventType>
          <eventActions>
            <eventAction>ChangeFrameCollection</eventAction>
          </eventActions>
          <changeFrameCollectionIndexTo>1</changeFrameCollectionIndexTo>
        </event>
        <event>
          <eventType>Timer</eventType>
          <eventActions>
            <eventAction>ChangeTimerDelay</eventAction>
            <eventAction>StopAnimationAndMove</eventAction>
            <eventAction>ChangeCustomCondition</eventAction>
          </eventActions>
          <whenCustomConditionIs>running</whenCustomConditionIs>
          <newTimerDelay>1500</newTimerDelay>
          <newCustomCondition>stoppped</newCustomCondition>
        </event>
        <event>
          <eventType>Timer</eventType>
          <eventActions>
            <eventAction>ChangeTimerDelay</eventAction>
            <eventAction>ResumeAnimationAndMove</eventAction>
            <eventAction>ChangeCustomCondition</eventAction>
          </eventActions>
          <whenCustomConditionIs>stoppped</whenCustomConditionIs>
          <newTimerDelay>2500</newTimerDelay>
          <newCustomCondition>running</newCustomCondition>
        </event>
        <defaultCustomCondition>running</defaultCustomCondition>
      </events>
      <left>646</left>
      <top>370</top>
      <speed>2</speed>
    </image>

  </images>
</doc>
