<?xml version="1.0"?>
<doc>
  <basic type="animations">
    <screenCanvasResolution>
      <width>1307</width>
      <height>491</height>
    </screenCanvasResolution>
    <canvasResolution>
      <maxWidth>1307</maxWidth>
      <maxHeight>491</maxHeight>
    </canvasResolution>
    <bgColor>#ff000000</bgColor>
  </basic>
  <images>
    <image>
      <!--<frames>
        <convertGifAniToFrames from="loading">loading.gif</convertGifAniToFrames>
      </frames>-->
      <frames>
        <convertImageSequenceInFrames from="loading">
          <filePreName>l</filePreName>
          <startNumber>1</startNumber>
          <endNumber>8</endNumber>
          <!--<formatNumber>##</formatNumber>-->
          <fileNameExtension>png</fileNameExtension>
        </convertImageSequenceInFrames>
      </frames>
      <left>587</left>
      <top>235</top>
    </image>
  </images>
</doc>
