<?xml version="1.0"?>
<doc>
  <basic type="animations">
    <screenCanvasResolution>
      <width>420</width>
      <height>480</height>
    </screenCanvasResolution>
    <canvasResolution>
      <maxWidth>420</maxWidth>
      <maxHeight>480</maxHeight>
    </canvasResolution>
    <bgColor>#ffffffff</bgColor>
  </basic>
  <images>
    
    <image>
      <fileName>area.png</fileName>
      <left>114</left>
      <top>144</top>
    </image>

    <image>
      <fileName>lineh.png</fileName>
      <left>140</left>
      <top>348</top>
    </image>
    <image>
      <fileName>linev.png</fileName>
      <left>78</left>
      <top>170</top>
    </image>

    <image>
      <fileName>cube.png</fileName>
      <left>53</left>
      <top>171</top>
      <id>moveit</id>
    </image>

    <image>
      <fileName>cube.png</fileName>
      <left>141</left>
      <top>373</top>
      <id>moveitb</id>
    </image>

    <image>
      <frames>
        <frameCollection>
          <frame>
            <fileName>cube.png</fileName>
          </frame>
        </frameCollection>
        <frameCollection>
          <frame>
            <fileName>cubeb.png</fileName>
          </frame>
        </frameCollection>
      </frames>
      <left>130</left>
      <top>160</top>
      <events>
        <event>
          <eventType>DragAndDrop</eventType>
          <eventActions>
            <eventAction>DragAndDropMove</eventAction>
          </eventActions>
          <minVerticalValue>147</minVerticalValue>
          <maxVerticalValue>310</maxVerticalValue>
          <minHorizontalValue>117</minHorizontalValue>
          <maxHorizontalValue>280</maxHorizontalValue>
        </event>
        <event>
          <eventType>OnMouseOver</eventType>
          <eventActions>
            <eventAction>ChangeFrameCollection</eventAction>
          </eventActions>
          <changeFrameCollectionIndexTo>1</changeFrameCollectionIndexTo>
        </event>
        <event>
          <eventType>OnMouseOut</eventType>
          <eventActions>
            <eventAction>ChangeFrameCollection</eventAction>
          </eventActions>
          <changeFrameCollectionIndexTo>0</changeFrameCollectionIndexTo>
        </event>
      </events>
    </image>

    <image>
      <frames>
        <frameCollection>
          <frame>
            <fileName>cube.png</fileName>
          </frame>
        </frameCollection>
        <frameCollection>
          <frame>
            <fileName>cubeb.png</fileName>
          </frame>
        </frameCollection>
      </frames>
      <left>141</left>
      <top>348</top>
      <alpha>160</alpha>
      <events>
        <event>
          <eventType>DragAndDrop</eventType>
          <eventActions>
            <eventAction>DragAndDropMove</eventAction>
          </eventActions>
          <onlyHorizontalMovements>true</onlyHorizontalMovements>
          <minHorizontalValue>141</minHorizontalValue>
          <maxHorizontalValue>256</maxHorizontalValue>
        </event>
        <event>
          <eventType>DragAndDrop</eventType>
          <eventActions>
            <eventAction>EditPosition</eventAction>
          </eventActions>
          <ids>moveitb</ids>
          <newCoordinates>141;373</newCoordinates>
          <whenIsInsideTheArea>141;348;163;370</whenIsInsideTheArea>
        </event>
        <event>
          <eventType>DragAndDrop</eventType>
          <eventActions>
            <eventAction>EditPosition</eventAction>
          </eventActions>
          <ids>moveitb</ids>
          <newCoordinates>164;373</newCoordinates>
          <whenIsInsideTheArea>164;348;186;370</whenIsInsideTheArea>
        </event>
        <event>
          <eventType>DragAndDrop</eventType>
          <eventActions>
            <eventAction>EditPosition</eventAction>
          </eventActions>
          <ids>moveitb</ids>
          <newCoordinates>187;373</newCoordinates>
          <whenIsInsideTheArea>187;348;209;370</whenIsInsideTheArea>
        </event>
        <event>
          <eventType>DragAndDrop</eventType>
          <eventActions>
            <eventAction>EditPosition</eventAction>
          </eventActions>
          <ids>moveitb</ids>
          <newCoordinates>210;373</newCoordinates>
          <whenIsInsideTheArea>210;348;232;370</whenIsInsideTheArea>
        </event>
        <event>
          <eventType>DragAndDrop</eventType>
          <eventActions>
            <eventAction>EditPosition</eventAction>
          </eventActions>
          <ids>moveitb</ids>
          <newCoordinates>233;373</newCoordinates>
          <whenIsInsideTheArea>233;348;255;370</whenIsInsideTheArea>
        </event>
        <event>
          <eventType>DragAndDrop</eventType>
          <eventActions>
            <eventAction>EditPosition</eventAction>
          </eventActions>
          <ids>moveitb</ids>
          <newCoordinates>256;373</newCoordinates>
          <whenIsInsideTheArea>256;348;278;370</whenIsInsideTheArea>
        </event>
        <event>
          <eventType>OnMouseOver</eventType>
          <eventActions>
            <eventAction>ChangeFrameCollection</eventAction>
          </eventActions>
          <changeFrameCollectionIndexTo>1</changeFrameCollectionIndexTo>
        </event>
        <event>
          <eventType>OnMouseOut</eventType>
          <eventActions>
            <eventAction>ChangeFrameCollection</eventAction>
          </eventActions>
          <changeFrameCollectionIndexTo>0</changeFrameCollectionIndexTo>
        </event>
      </events>
    </image>

    <image>
      <frames>
        <frameCollection>
          <frame>
            <fileName>cube.png</fileName>
          </frame>
        </frameCollection>
        <frameCollection>
          <frame>
            <fileName>cubeb.png</fileName>
          </frame>
        </frameCollection>
      </frames>
      <left>78</left>
      <top>171</top>
      <alpha>160</alpha>
      <events>
        <event>
          <eventType>DragAndDrop</eventType>
          <eventActions>
            <eventAction>DragAndDropMove</eventAction>
          </eventActions>
          <onlyVerticalMovements>true</onlyVerticalMovements>
          <minVerticalValue>171</minVerticalValue>
          <maxVerticalValue>286</maxVerticalValue>
        </event>
        <event>
          <eventType>DragAndDrop</eventType>
          <eventActions>
            <eventAction>EditPosition</eventAction>
          </eventActions>
          <ids>moveit</ids>
          <newCoordinates>53;171</newCoordinates>
          <whenIsInsideTheArea>78;171;100;193</whenIsInsideTheArea>
        </event>
        <event>
          <eventType>DragAndDrop</eventType>
          <eventActions>
            <eventAction>EditPosition</eventAction>
          </eventActions>
          <ids>moveit</ids>
          <newCoordinates>53;194</newCoordinates>
          <whenIsInsideTheArea>78;194;100;216</whenIsInsideTheArea>
        </event>
        <event>
          <eventType>DragAndDrop</eventType>
          <eventActions>
            <eventAction>EditPosition</eventAction>
          </eventActions>
          <ids>moveit</ids>
          <newCoordinates>53;217</newCoordinates>
          <whenIsInsideTheArea>78;217;100;239</whenIsInsideTheArea>
        </event>
        <event>
          <eventType>DragAndDrop</eventType>
          <eventActions>
            <eventAction>EditPosition</eventAction>
          </eventActions>
          <ids>moveit</ids>
          <newCoordinates>53;240</newCoordinates>
          <whenIsInsideTheArea>78;240;100;262</whenIsInsideTheArea>
        </event>
        <event>
          <eventType>DragAndDrop</eventType>
          <eventActions>
            <eventAction>EditPosition</eventAction>
          </eventActions>
          <ids>moveit</ids>
          <newCoordinates>53;263</newCoordinates>
          <whenIsInsideTheArea>78;263;100;285</whenIsInsideTheArea>
        </event>
        <event>
          <eventType>DragAndDrop</eventType>
          <eventActions>
            <eventAction>EditPosition</eventAction>
          </eventActions>
          <ids>moveit</ids>
          <newCoordinates>53;286</newCoordinates>
          <whenIsInsideTheArea>78;286;100;308</whenIsInsideTheArea>
        </event>
        <event>
          <eventType>OnMouseOver</eventType>
          <eventActions>
            <eventAction>ChangeFrameCollection</eventAction>
          </eventActions>
          <changeFrameCollectionIndexTo>1</changeFrameCollectionIndexTo>
        </event>
        <event>
          <eventType>OnMouseOut</eventType>
          <eventActions>
            <eventAction>ChangeFrameCollection</eventAction>
          </eventActions>
          <changeFrameCollectionIndexTo>0</changeFrameCollectionIndexTo>
        </event>
      </events>
    </image>

  </images>
</doc>
