<?xml version="1.0"?>
<doc>
  <basic type="animations">
    <screenCanvasResolution>
      <width>526</width>
      <height>889</height>
    </screenCanvasResolution>
    <canvasResolution>
      <maxWidth>526</maxWidth>
      <maxHeight>889</maxHeight>
    </canvasResolution>
    <bgColor>#00000000</bgColor>
  </basic>
  <images>
    <!--<image>
      <fileName>map.png</fileName>
    </image>-->
    <image>
      <frames>
        <frame>
          <fileName from="mapzCastle">flower2.png</fileName>
        </frame>
        <frame>
          <fileName from="mapzCastle">flower3.png</fileName>
        </frame>
        <frame>
          <fileName from="mapzCastle">flower1.png</fileName>
        </frame>
      </frames>
      <coordinates>
        112;255,128;255,120;263,160;271,168;279,224;367,256;559,128;591,512;655,288;783,512;783,480;847,464;863,480;863,472;871
      </coordinates>
      <speed>5</speed>
    </image>
    <image>
      <frames>
        <frame>
          <fileName>f1a.png</fileName>
        </frame>
        <frame>
          <fileName>f1b.png</fileName>
        </frame>
        <frame>
          <fileName></fileName>
        </frame>
      </frames>
      <left>144</left>
      <top>127</top>
      <speed>5</speed>
    </image>
    <image>
      <frames>
        <frame>
          <fileName>f2a.png</fileName>
        </frame>
        <frame>
          <fileName>f2b.png</fileName>
        </frame>
        <frame>
          <fileName></fileName>
        </frame>
      </frames>
      <left>336</left>
      <top>383</top>
      <speed>5</speed>
    </image>
    <image>
      <frames>
        <frame>
          <fileName>f3a.png</fileName>
        </frame>
        <frame>
          <fileName>f3b.png</fileName>
        </frame>
        <frame>
          <fileName></fileName>
        </frame>
      </frames>
      <left>384</left>
      <top>191</top>
      <speed>5</speed>
    </image>
    <image>
      <frames>
        <frame>
          <fileName>f3a.png</fileName>
        </frame>
        <frame>
          <fileName>f3b.png</fileName>
        </frame>
        <frame>
          <fileName></fileName>
        </frame>
      </frames>
      <left>384</left>
      <top>191</top>
      <speed>5</speed>
    </image>
    <image>
      <frames>
        <frame>
          <fileName>f4a.png</fileName>
        </frame>
        <frame>
          <fileName>f4b.png</fileName>
        </frame>
        <frame>
          <fileName></fileName>
        </frame>
      </frames>
      <left>336</left>
      <top>127</top>
      <speed>5</speed>
    </image>
    <image>
      <frames>
        <frame>
          <fileName>f5a.png</fileName>
        </frame>
        <frame>
          <fileName>f5b.png</fileName>
        </frame>
        <frame>
          <fileName></fileName>
        </frame>
      </frames>
      <left>336</left>
      <top>607</top>
      <speed>5</speed>
    </image>
    <image>
      <frames>
        <frame>
          <fileName>f6a.png</fileName>
        </frame>
        <frame>
          <fileName>f6b.png</fileName>
        </frame>
        <frame>
          <fileName></fileName>
        </frame>
      </frames>
      <left>208</left>
      <top>223</top>
      <speed>5</speed>
    </image>
    <image>
      <frames>
        <convertImageSequenceInFrames>
          <filePreName></filePreName>
          <startNumber>1</startNumber>
          <endNumber>32</endNumber>
          <formatNumber>##</formatNumber>
          <fileNameExtension>png</fileNameExtension>
        </convertImageSequenceInFrames>
      </frames>
      <left>211</left>
      <top>212</top>
      <speed>2</speed>
    </image>
    <image>
      <frames>
        <frameCollection>
          <frame>
            <fileName from="mapzCastle">soldierbwalkdown1.png</fileName>
          </frame>
          <frame>
            <fileName from="mapzCastle">soldierbwalkdown2.png</fileName>
          </frame>
          <frame>
            <fileName from="mapzCastle">soldierbwalkdown3.png</fileName>
          </frame>
          <frame>
            <fileName from="mapzCastle">soldierbwalkdown4.png</fileName>
          </frame>
        </frameCollection>
        <frameCollection>
          <frame>
            <fileName from="mapzCastle">soldierbturndown1.png</fileName>
          </frame>
          <frame>
            <fileName from="mapzCastle">soldierbturndown2.png</fileName>
          </frame>
          <frame>
            <fileName from="mapzCastle">soldierbturndown1.png</fileName>
          </frame>
          <frame>
            <fileName from="mapzCastle">soldierbturndown3.png</fileName>
          </frame>
          <repeatThisLoopForTimes>2</repeatThisLoopForTimes>
        </frameCollection>
        <frameCollection>
          <frame>
            <fileName from="mapzCastle">soldierbturnup1.png</fileName>
          </frame>
          <frame>
            <fileName from="mapzCastle">soldierbturnup2.png</fileName>
          </frame>
          <frame>
            <fileName from="mapzCastle">soldierbturnup1.png</fileName>
          </frame>
          <frame>
            <fileName from="mapzCastle">soldierbturnup3.png</fileName>
          </frame>
          <repeatThisLoopForTimes>2</repeatThisLoopForTimes>
        </frameCollection>
        <frameCollection>
          <frame>
            <fileName from="mapzCastle">soldierbwalkup1.png</fileName>
          </frame>
          <frame>
            <fileName from="mapzCastle">soldierbwalkup2.png</fileName>
          </frame>
          <frame>
            <fileName from="mapzCastle">soldierbwalkup3.png</fileName>
          </frame>
          <frame>
            <fileName from="mapzCastle">soldierbwalkup4.png</fileName>
          </frame>
        </frameCollection>
      </frames>
      <moveAnimation>
        <iniTop>451</iniTop>
        <maxTop>602</maxTop>
        <pixelsMoveTop>2</pixelsMoveTop>
      </moveAnimation>
      <events>
        <event>
          <eventType>MoveAnimationMaxTopReached</eventType>
          <eventActions>
            <eventAction>StopMove</eventAction>
            <eventAction>ChangeFrameCollection</eventAction>
            <eventAction>ChangeSpeedAnimation</eventAction>
          </eventActions>
          <newSpeedAnimation>24</newSpeedAnimation>
          <whenFrameCollectionIndexIs>3</whenFrameCollectionIndexIs>
          <changeFrameCollectionIndexTo>2</changeFrameCollectionIndexTo>
        </event>
        <event>
          <eventType>FrameAnimationRepeatLoopEnds</eventType>
          <eventActions>
            <eventAction>ResumeMove</eventAction>
            <eventAction>ChangeFrameCollection</eventAction>
            <eventAction>ChangeSpeedAnimation</eventAction>
          </eventActions>
          <newSpeedAnimation>4</newSpeedAnimation>
          <whenFrameCollectionIndexIs>2</whenFrameCollectionIndexIs>
          <changeFrameCollectionIndexTo>0</changeFrameCollectionIndexTo>
        </event>
        <event>
          <eventType>FrameAnimationRepeatLoopEnds</eventType>
          <eventActions>
            <eventAction>ResumeMove</eventAction>
            <eventAction>ChangeFrameCollection</eventAction>
            <eventAction>ChangeSpeedAnimation</eventAction>
          </eventActions>
          <newSpeedAnimation>4</newSpeedAnimation>
          <whenFrameCollectionIndexIs>1</whenFrameCollectionIndexIs>
          <changeFrameCollectionIndexTo>3</changeFrameCollectionIndexTo>
        </event>
        <event>
          <eventType>MoveAnimationMaxBottomReached</eventType>
          <eventActions>
            <eventAction>StopMove</eventAction>
            <eventAction>ChangeFrameCollection</eventAction>
            <eventAction>ChangeSpeedAnimation</eventAction>
          </eventActions>
          <newSpeedAnimation>24</newSpeedAnimation>
          <whenFrameCollectionIndexIs>0</whenFrameCollectionIndexIs>
          <changeFrameCollectionIndexTo>1</changeFrameCollectionIndexTo>
        </event>
      </events>
      <left>71</left>
      <top>451</top>
      <speed>4</speed>
    </image>
    <image>
      <frames>
        <frameCollection>
          <frame>
            <fileName>soldierbwalk1.png</fileName>
          </frame>
          <frame>
            <fileName>soldierbwalk2.png</fileName>
          </frame>
          <frame>
            <fileName>soldierbwalk3.png</fileName>
          </frame>
          <frame>
            <fileName>soldierbwalk4.png</fileName>
          </frame>
        </frameCollection>
        <frameCollection>
          <frame>
            <fileName>soldierbturn1l.png</fileName>
          </frame>
          <frame>
            <fileName>soldierbturn2l.png</fileName>
          </frame>
          <frame>
            <fileName>soldierbturn3l.png</fileName>
          </frame>
          <frame>
            <fileName>soldierbturn2l.png</fileName>
          </frame>
          <repeatThisLoopForTimes>2</repeatThisLoopForTimes>
        </frameCollection>
      </frames>
      <moveAnimation>
        <iniLeft>154</iniLeft>
        <maxLeft>354</maxLeft>
        <pixelsMoveLeft>2</pixelsMoveLeft>
      </moveAnimation>
      <events>
        <event>
          <eventType>MoveAnimationMaxLeftReached</eventType>
          <eventActions>
            <eventAction>StopMove</eventAction>
            <eventAction>ChangeFrameCollection</eventAction>
            <eventAction>ChangeSpeedAnimation</eventAction>
          </eventActions>
          <newSpeedAnimation>24</newSpeedAnimation>
          <whenFrameCollectionIndexIs>0</whenFrameCollectionIndexIs>
          <changeFrameCollectionIndexTo>1</changeFrameCollectionIndexTo>
        </event>
        <event>
          <eventType>FrameAnimationRepeatLoopEnds</eventType>
          <eventActions>
            <eventAction>ResumeMove</eventAction>
            <eventAction>ChangeFrameCollection</eventAction>
            <eventAction>ChangeSpeedAnimation</eventAction>
            <eventAction>FlipImage</eventAction>
          </eventActions>
          <newSpeedAnimation>4</newSpeedAnimation>
          <whenFrameCollectionIndexIs>1</whenFrameCollectionIndexIs>
          <changeFrameCollectionIndexTo>0</changeFrameCollectionIndexTo>
        </event>
        <event>
          <eventType>MoveAnimationMaxRightReached</eventType>
          <eventActions>
            <eventAction>StopMove</eventAction>
            <eventAction>ChangeFrameCollection</eventAction>
            <eventAction>ChangeSpeedAnimation</eventAction>
          </eventActions>
          <newSpeedAnimation>24</newSpeedAnimation>
          <whenFrameCollectionIndexIs>0</whenFrameCollectionIndexIs>
          <changeFrameCollectionIndexTo>1</changeFrameCollectionIndexTo>
        </event>
      </events>
      <left>200</left>
      <top>726</top>
      <speed>4</speed>
    </image>
    <image>
      <frames>
        <frameCollection>
          <frame>
            <fileName>soldierarrow8.png</fileName>
          </frame>
          <frame>
            <fileName>soldierarrow9.png</fileName>
          </frame>
        </frameCollection>
        <frameCollection>
          <frame>
            <fileName>soldierarrow8.png</fileName>
          </frame>
          <frame>
            <fileName>soldierarrow10.png</fileName>
          </frame>
          <frame>
            <fileName>soldierarrow8.png</fileName>
          </frame>
          <frame>
            <fileName>soldierarrow11.png</fileName>
          </frame>
          <repeatThisLoopForTimes>2</repeatThisLoopForTimes>
        </frameCollection>
        <frameCollection>
          <frame>
            <fileName>soldierarrow5.png</fileName>
          </frame>
          <frame>
            <fileName>soldierarrow6.png</fileName>
          </frame>
          <frame>
            <fileName>soldierarrow5.png</fileName>
          </frame>
          <frame>
            <fileName>soldierarrow7.png</fileName>
          </frame>
          <repeatThisLoopForTimes>2</repeatThisLoopForTimes>
        </frameCollection>
        <frameCollection>
          <frame>
            <fileName>soldierarrow4.png</fileName>
          </frame>
          <frame>
            <fileName>soldierarrow5.png</fileName>
          </frame>
        </frameCollection>
      </frames>
      <moveAnimation>
        <iniTop>620</iniTop>
        <maxTop>840</maxTop>
        <pixelsMoveTop>2</pixelsMoveTop>
      </moveAnimation>
      <events>
        <event>
          <eventType>MoveAnimationMaxTopReached</eventType>
          <eventActions>
            <eventAction>StopMove</eventAction>
            <eventAction>ChangeFrameCollection</eventAction>
            <eventAction>ChangeSpeedAnimation</eventAction>
          </eventActions>
          <newSpeedAnimation>24</newSpeedAnimation>
          <whenFrameCollectionIndexIs>3</whenFrameCollectionIndexIs>
          <changeFrameCollectionIndexTo>2</changeFrameCollectionIndexTo>
        </event>
        <event>
          <eventType>FrameAnimationRepeatLoopEnds</eventType>
          <eventActions>
            <eventAction>ResumeMove</eventAction>
            <eventAction>ChangeFrameCollection</eventAction>
            <eventAction>ChangeSpeedAnimation</eventAction>
          </eventActions>
          <newSpeedAnimation>4</newSpeedAnimation>
          <whenFrameCollectionIndexIs>2</whenFrameCollectionIndexIs>
          <changeFrameCollectionIndexTo>0</changeFrameCollectionIndexTo>
        </event>
        <event>
          <eventType>FrameAnimationRepeatLoopEnds</eventType>
          <eventActions>
            <eventAction>ResumeMove</eventAction>
            <eventAction>ChangeFrameCollection</eventAction>
            <eventAction>ChangeSpeedAnimation</eventAction>
          </eventActions>
          <newSpeedAnimation>4</newSpeedAnimation>
          <whenFrameCollectionIndexIs>1</whenFrameCollectionIndexIs>
          <changeFrameCollectionIndexTo>3</changeFrameCollectionIndexTo>
        </event>
        <event>
          <eventType>MoveAnimationMaxBottomReached</eventType>
          <eventActions>
            <eventAction>StopMove</eventAction>
            <eventAction>ChangeFrameCollection</eventAction>
            <eventAction>ChangeSpeedAnimation</eventAction>
          </eventActions>
          <newSpeedAnimation>24</newSpeedAnimation>
          <whenFrameCollectionIndexIs>0</whenFrameCollectionIndexIs>
          <changeFrameCollectionIndexTo>1</changeFrameCollectionIndexTo>
        </event>
      </events>
      <left>485</left>
      <top>700</top>
      <speed>4</speed>
    </image>
  </images>
</doc>
