<?xml version="1.0"?>
<doc>
  <basic type="animations">
    <screenCanvasResolution>
      <width>512</width>
      <height>1024</height>
    </screenCanvasResolution>
    <canvasResolution>
      <maxWidth>512</maxWidth>
      <maxHeight>1024</maxHeight>
    </canvasResolution>
    <bgColor>#00000000</bgColor>
  </basic>
  <images>
    <image>
      <frames>
        <frame>
          <fileName>map1b.png</fileName>
        </frame>
        <frame>
          <fileName>map2b.png</fileName>
        </frame>
        <frame>
          <fileName></fileName>
        </frame>
      </frames>
      <left>0</left>
      <top>512</top>
      <speed>5</speed>
    </image>
    <image>
      <frames>
        <frame>
          <fileName>dsora1.png</fileName>
        </frame>
        <frame>
          <fileName>dsora2.png</fileName>
        </frame>
        <frame>
          <fileName>dsora3.png</fileName>
        </frame>
        <frame>
          <fileName>dsora2.png</fileName>
        </frame>
        <frame>
          <fileName>dsora3.png</fileName>
        </frame>
        <frame>
          <fileName>dsora2.png</fileName>
        </frame>
        <frame>
          <fileName>dsora3.png</fileName>
        </frame>
        <frame>
          <fileName>dsora4.png</fileName>
        </frame>
        <frame>
          <fileName>dsora5.png</fileName>
        </frame>
        <frame>
          <fileName>dsora6.png</fileName>
          <delay>20</delay>
        </frame>
        <frame>
          <fileName>dsora7.png</fileName>
          <delay>6</delay>
        </frame>
        <frame>
          <fileName>dsora8.png</fileName>
        </frame>
        <frame>
          <fileName>dsora7.png</fileName>
        </frame>
        <frame>
          <fileName>dsora6.png</fileName>
          <delay>14</delay>
        </frame>
        <frame>
          <fileName>dsora9.png</fileName>
          <delay>3</delay>
        </frame>
        <frame>
          <fileName>dsora10.png</fileName>
        </frame>
        <frame>
          <fileName>dsora11.png</fileName>
        </frame>
        <frame>
          <fileName>dsora12.png</fileName>
        </frame>
        <frame>
          <fileName>dsora0.png</fileName>
        </frame>
      </frames>
      <events>
        <event>
          <eventType>TriggerActionByCurrentFrame</eventType>
          <eventActions>
            <eventAction>EditAnimationByID</eventAction>
          </eventActions>
          <whenCurrentFrameIndexIs>12</whenCurrentFrameIndexIs>
          <editAnimationByIDOptions>
            <option>
              <imageID>Ball3</imageID>
              <editActions>
                <editAction>ResumeMove</editAction>
                <editAction>ChangeVisibleValue</editAction>
              </editActions>
              <newVisibleValue>true</newVisibleValue>
            </option>
          </editAnimationByIDOptions>
        </event>
        <event>
          <eventType>TriggerActionByCurrentFrame</eventType>
          <eventActions>
            <eventAction>StopAnimation</eventAction>
          </eventActions>
          <whenCurrentFrameIndexIs>18</whenCurrentFrameIndexIs>
        </event>
      </events>
      <left>84</left>
      <top>762</top>
      <speed>3</speed>
      <id>Zora3</id>
    </image>
    <image>
      <frames>
        <frame>
          <fileName>ballsora1.png</fileName>
        </frame>
        <frame>
          <fileName>ballsora2.png</fileName>
        </frame>
        <frame>
          <fileName>ballsora3.png</fileName>
        </frame>
      </frames>
      <moveAnimation>
        <iniLeft>0</iniLeft>
        <iniTop>512</iniTop>
        <maxLeft>512</maxLeft>
        <maxTop>1024</maxTop>
        <pixelsMoveTop>-4</pixelsMoveTop>
        <pixelsMoveLeft>4</pixelsMoveLeft>
        <moveAnimationStop>true</moveAnimationStop>
        <returnToTheBeginning>true</returnToTheBeginning>
      </moveAnimation>
      <applyAlterations>
        <alterationsToDo>FlipHorizontal</alterationsToDo>
      </applyAlterations>
      <events>
        <event>
          <eventType>MoveAnimationMaxTopReached</eventType>
          <eventActions>
            <eventAction>EditAnimationByID</eventAction>
            <eventAction>ChangeVisibleValue</eventAction>
            <eventAction>StopMove</eventAction>
          </eventActions>
          <newVisibleValue>false</newVisibleValue>
          <editAnimationByIDOptions>
            <option>
              <imageID>Zora3</imageID>
              <editActions>
                <editAction>ResumeAnimation</editAction>
              </editActions>
            </option>
          </editAnimationByIDOptions>
        </event>
      </events>
      <visible>false</visible>
      <left>97</left>
      <top>760</top>
      <speed>1</speed>
      <id>Ball3</id>
      <flipImage>Vertical</flipImage>
    </image>
    <image>
      <frames>
        <frameCollection>
          <frame>
            <fileName from="mapzdarkf">enea4.png</fileName>
            <delay>1</delay>
          </frame>
          <frame>
            <fileName from="mapzdarkf">enea5.png</fileName>
          </frame>
          <frame>
            <fileName from="mapzdarkf">enea6.png</fileName>
          </frame>
          <frame>
            <fileName from="mapzdarkf">enea7.png</fileName>
          </frame>
        </frameCollection>
        <frameCollection>
          <frame>
            <fileName from="mapzdarkf">enea4.png</fileName>
            <delay>3</delay>
          </frame>
          <frame>
            <fileName from="mapzdarkf">enea2.png</fileName>
          </frame>
          <frame>
            <fileName from="mapzdarkf">enea3.png</fileName>
          </frame>
          <repeatThisLoopForTimes>4</repeatThisLoopForTimes>
        </frameCollection>
        <framesAnimationSpeed>4</framesAnimationSpeed>
        <returnBackwardToFirstFrame>true</returnBackwardToFirstFrame>
      </frames>
      <moveAnimation>
        <iniLeft>290</iniLeft>
        <iniTop>668</iniTop>
        <maxLeft>352</maxLeft>
        <maxTop>706</maxTop>
        <pixelsMoveTop>1</pixelsMoveTop>
        <pixelsMoveLeft>4</pixelsMoveLeft>
      </moveAnimation>
      <events>
        <event>
          <eventType>FrameAnimationReturnBackwardToFirstFrameEnds</eventType>
          <eventType>MoveAnimationMaxTopReached</eventType>
          <eventType>MoveAnimationMaxBottomReached</eventType>
          <eventType>MoveAnimationMaxLeftReached</eventType>
          <eventType>MoveAnimationMaxRightReached</eventType>
          <eventActions>
            <eventAction>StopMove</eventAction>
            <eventAction>ChangeFrameCollection</eventAction>
          </eventActions>
          <whenFrameCollectionIndexIs>0</whenFrameCollectionIndexIs>
          <changeFrameCollectionIndexTo>1</changeFrameCollectionIndexTo>
        </event>
        <event>
          <eventType>FrameAnimationRepeatLoopEnds</eventType>
          <eventActions>
            <eventAction>ResumeMove</eventAction>
            <eventAction>ChangeFrameCollection</eventAction>
          </eventActions>
          <whenFrameCollectionIndexIs>1</whenFrameCollectionIndexIs>
          <changeFrameCollectionIndexTo>0</changeFrameCollectionIndexTo>
        </event>
      </events>
      <left>300</left>
      <top>680</top>
    </image>
  </images>
</doc>
