<?xml version="1.0"?>
<doc>
  <basic type="animations">
    <screenCanvasResolution>
      <width>928</width>
      <height>1024</height>
    </screenCanvasResolution>
    <canvasResolution>
      <maxWidth>928</maxWidth>
      <maxHeight>1024</maxHeight>
    </canvasResolution>
    <bgColor>#00000000</bgColor>
  </basic>
  <images>
    <image>
      <fileName>back.png</fileName>
      <moveEndLessAnimation>
        <direction>Down</direction>
        <pixelsMove>1</pixelsMove>
      </moveEndLessAnimation>
      <speed>2</speed>
    </image>
    <image>
      <fileName>back.png</fileName>
      <moveEndLessAnimation>
        <direction>Down</direction>
        <pixelsMove>1</pixelsMove>
      </moveEndLessAnimation>
      <speed>2</speed>
      <left>252</left>
    </image>
    <image>
      <fileName>back.png</fileName>
      <moveEndLessAnimation>
        <direction>Down</direction>
        <pixelsMove>1</pixelsMove>
      </moveEndLessAnimation>
      <speed>2</speed>
      <left>504</left>
    </image>
    <image>
      <fileName>back.png</fileName>
      <moveEndLessAnimation>
        <direction>Down</direction>
        <pixelsMove>1</pixelsMove>
      </moveEndLessAnimation>
      <speed>2</speed>
      <left>756</left>
    </image>
    <image>
      <fileName>map.png</fileName>
    </image>
    
    <image>
      <frames>
        <frame>
          <fileName>castle2.png</fileName>
        </frame>
        <frame>
          <fileName>castle3.png</fileName>
        </frame>
        <frame>
          <fileName></fileName>
        </frame>
        <currentFrame>2</currentFrame>
      </frames>
      <left>608</left>
      <top>0</top>
      <speed>1</speed>
    </image>
    <image>
      <frames>
        <frameCollection>
          <frame>
            <fileName>ene1a1.png</fileName>
            <delay>2</delay>
          </frame>
          <frame>
            <fileName>ene1a2.png</fileName>
          </frame>
        </frameCollection>
        <frameCollection>
          <frame>
            <fileName>ene1b1.png</fileName>
            <delay>2</delay>
          </frame>
          <frame>
            <fileName>ene1b2.png</fileName>
          </frame>
        </frameCollection>
        <frameCollection>
          <frame>
            <fileName>ene1b1.png</fileName>
            <delay>2</delay>
          </frame>
          <frame>
            <fileName>ene1c1.png</fileName>
          </frame>
          <frame>
            <fileName>ene1c2.png</fileName>
            <delay>3</delay>
          </frame>
          <frame>
            <fileName>ene1c2.png</fileName>
            <delay>5</delay>
          </frame>
          <returnBackwardToFirstFrame>true</returnBackwardToFirstFrame>
          <repeatThisLoopForTimes>1</repeatThisLoopForTimes>
        </frameCollection>
        <frameCollection>
          <frame>
            <fileName>ene1d1.png</fileName>
            <delay>2</delay>
          </frame>
          <frame>
            <fileName>ene1d2.png</fileName>
          </frame>
        </frameCollection>
      </frames>
      <pathAnimation>
        <pathAnimationCoordinates>
          <customCoordinates>531;358,530;357,529;357,528;356,527;355,526;355,525;354,524;353,523;352,522;352,521;351,520;350,519;350,518;349,517;348,516;348,515;347,514;346,513;346,512;345,511;344,510;344,509;343,508;342,507;341,506;341,505;340,504;339,503;339,502;338,501;337,500;337,499;336,498;335,497;335,496;334,495;333,494;332,493;332,492;331,491;330,490;330,489;329,488;328,487;328,486;327,485;326,484;326,483;325,482;324,481;323,480;323,479;322,478;321,477;321,476;320,475;319,474;319,473;318,472;317,471;317,470;316,469;315,468;315,467;314,466;313,465;312,464;312,463;311,462;310,461;310,460;309,459;310,458;310,457;311,456;312,455;312,454;313,453;314,452;314,451;315,450;316,449;316,448;317,447;318,446;318,445;319,444;320,443;320,442;321,441;321,440;322,439;323,438;323,437;324,436;325,435;325,434;326,433;327,432;327,431;328,430;329,429;329,428;330,427;331,426;331,425;332,424;333,423;333,422;334,421;335,420;335,419;336,418;337,417;337,416;338,415;339,414;339,413;340,412;341,411;341,410;342,409;343,408;343,407;344,406;344,405;345,404;346,403;346,402;347,401;348,400;348,399;349,398;350,397;350,396;351,395;352,394;352,393;353,392;354,391;354,390;355</customCoordinates>
          <!--<iniLeft>455</iniLeft>
          <iniTop>415</iniTop>
          <maxLeft>531</maxLeft>
          <maxTop>358</maxTop>-->
        </pathAnimationCoordinates>
        <pixelsMove>4</pixelsMove>
        <pathAnimationSpeed>1</pathAnimationSpeed>
      </pathAnimation>
      <events>
        <event>
          <eventType>TriggerActionByPosition</eventType>
          <eventActions>
            <eventAction>UpdatePathAnimation</eventAction>
          </eventActions>
          <newPathAnimation>
            <pixelsMove>2</pixelsMove>
          </newPathAnimation>
          <whenCurrentPositionIs>455;312</whenCurrentPositionIs>
        </event>
        <event>
          <eventType>TriggerActionByPosition</eventType>
          <eventActions>
            <eventAction>UpdatePathAnimation</eventAction>
          </eventActions>
          <newPathAnimation>
            <pixelsMove>1</pixelsMove>
          </newPathAnimation>
          <whenCurrentPositionIs>419;336</whenCurrentPositionIs>
        </event>
        <event>
          <eventType>PathAnimationEndPointReached</eventType>
          <eventActions>
            <eventAction>UpdatePathAnimation</eventAction>
            <eventAction>ChangeFrameCollection</eventAction>
          </eventActions>
          <newPathAnimation>
            <pathAnimationCoordinates>
              <customCoordinates>390;355,389;356,388;357,387;358,386;359,385;360,384;361,383;362,382;363,381;364,380;365,379;366,378;367,377;367,376;368,375;369,374;370,373;371,372;372,371;373,370;374,369;375,368;376,367;377,366;378,365;379,364;380,363;381,362;382,361;383,360;384,359;385,358;386,357;387,356;388,355;389,354;390,353;391,352;391,351;392,350;393,349;394,348;395,347;396,346;397,345;398,344;399,343;400,342;401,341;402,340;403,339;404,338;405,337;406,336;407,335;408,334;409,333;410,332;411,331;412,330;413,329;414,328;415,327;415,326;416,325;417,324;418,323;419,322;420,321;421,320;422,319;423,318;424,317;425,316;426,315;427</customCoordinates>
            </pathAnimationCoordinates>
            <pixelsMove>4</pixelsMove>
            <pathAnimationStop>true</pathAnimationStop>
            <!--<pathAnimationSpeed>4</pathAnimationSpeed>-->
          </newPathAnimation>
          <changeFrameCollectionIndexTo>1</changeFrameCollectionIndexTo>
          <whenCurrentPositionIs>391;354</whenCurrentPositionIs>
        </event>
        <event>
          <eventType>FrameAnimationRepeatLoopEnds</eventType>
          <eventActions>
            <eventAction>ChangeFrameCollection</eventAction>
          </eventActions>
          <changeFrameCollectionIndexTo>1</changeFrameCollectionIndexTo>
        </event>
        <event>
          <eventType>TriggerActionByPosition</eventType>
          <eventActions>
            <eventAction>FlipImage</eventAction>
          </eventActions>
          <whenCurrentPositionIs>261;372</whenCurrentPositionIs>
        </event>
        <event>
          <eventType>TriggerActionByPosition</eventType>
          <eventActions>
            <eventAction>UpdatePathAnimation</eventAction>
          </eventActions>
          <newPathAnimation>
            <pixelsMove>2</pixelsMove>
          </newPathAnimation>
          <whenCurrentPositionIs>362;382</whenCurrentPositionIs>
        </event>
        <event>
          <eventType>TriggerActionByPosition</eventType>
          <eventActions>
            <eventAction>ResumeAnimationAndMove</eventAction>
          </eventActions>
          <ids>ene2</ids>
          <whenCurrentPositionIs>362;382</whenCurrentPositionIs>
        </event>
        <event>
          <eventType>TriggerActionByPosition</eventType>
          <eventActions>
            <eventAction>UpdatePathAnimation</eventAction>
          </eventActions>
          <newPathAnimation>
            <pixelsMove>1</pixelsMove>
          </newPathAnimation>
          <whenCurrentPositionIs>338;405</whenCurrentPositionIs>
        </event>
        <event>
          <eventType>PathAnimationEndPointReached</eventType>
          <eventActions>
            <eventAction>UpdatePathAnimation</eventAction>
            <eventAction>ChangeFrameCollection</eventAction>
            <eventAction>StopAnimation</eventAction>
          </eventActions>
          <newPathAnimation>
            <pathAnimationCoordinates>
              <customCoordinates>315;427,314;426,313;425,312;425,311;424,310;423,309;422,308;421,307;421,306;420,305;419,304;418,303;417,302;417,301;416,300;415,299;414,298;413,297;413,296;412,295;411,294;410,293;409,292;409,291;408,290;407,289;406,288;405,287;405,286;404,285;403,284;402,283;401,282;400,281;400,280;399,279;398,278;397,277;396,276;396,275;395,274;394,273;393,272;392,271;392,270;391,269;390,268;389,267;388,266;388,265;387,264;386,263;385,262;384,261;384,260;383,259;382,258;381,257;380,256;380,255;379,254;378,255;377,256;376,257;376,258;375,259;374,260;373,261;372,262;371,263;371,264;370,265;369,266;368,267;367,268;366,269;366,270;365,271;364,272;363,273;362,274;362,275;361,276;360,277;359,278;358,279;357,280;357,281;356,282;355,283;354,284;353,285;353,286;352,287;351,288;350,289;349,290;348,291;348,292;347,293;346,294;345,295;344,296;343,297;343,298;342,299;341,300;342,301;342,302;343,303;344,304;344,305;345,306;345,307;346,308;347,309;347,310;348,311;349,312;349,313;350,314;351,315;351,316;352,317;353,318;353,319;354,320;354,321;355,322;356,323;356,324;357,325;358,326;358,327;359,328;360,329;360,330;361,331;361,332;362,333;363,334;363,335;364,336;365,337;365,338;366,339;367,340;367,341;368,342;369,343;369,344;370,345;370,346;371,347;372,348;372,349;373,350;374,351;374,352;375,353;376,354;376,355;377,356;378,357;378,358;379,359;379,360;380,361;381,362;381,363;382,364;383,365;383,366;384,367;385,368;385,369;386,370;386,371;387,372;388,373;388,374;389,375;390,376;390,377;391,378;392,379;392,380;393,381;394,382;394,383;395,384;395,385;396,386;397,387;397,388;398</customCoordinates>
            </pathAnimationCoordinates>
            <pixelsMove>4</pixelsMove>
            <pathAnimationStop>true</pathAnimationStop>
            <!--<pathAnimationSpeed>4</pathAnimationSpeed>-->
          </newPathAnimation>
          <changeFrameCollectionIndexTo>2</changeFrameCollectionIndexTo>
          <whenCurrentPositionIs>316;426</whenCurrentPositionIs>
        </event>
        <event>
          <eventType>TriggerActionByPosition</eventType>
          <eventActions>
            <eventAction>UpdatePathAnimation</eventAction>
          </eventActions>
          <newPathAnimation>
            <pixelsMove>2</pixelsMove>
          </newPathAnimation>
          <whenCurrentPositionIs>313;350</whenCurrentPositionIs>
        </event>
        <event>
          <eventType>TriggerActionByPosition</eventType>
          <eventActions>
            <eventAction>UpdatePathAnimation</eventAction>
            <eventAction>ChangeFrameCollection</eventAction>
          </eventActions>
          <newPathAnimation>
            <pixelsMove>1</pixelsMove>
          </newPathAnimation>
          <changeFrameCollectionIndexTo>3</changeFrameCollectionIndexTo>
          <whenCurrentPositionIs>357;378</whenCurrentPositionIs>
        </event>
        <event>
          <eventType>TriggerActionByPosition</eventType>
          <eventActions>
            <eventAction>ResumeAnimationAndMove</eventAction>
            <eventAction>FlipImage</eventAction>
          </eventActions>
          <ids>ene2</ids>
          <whenCurrentPositionIs>353;376</whenCurrentPositionIs>
        </event>
        <event>
          <eventType>PathAnimationEndPointReached</eventType>
          <eventActions>
            <eventAction>UpdatePathAnimation</eventAction>
          </eventActions>
          <newPathAnimation>
            <pathAnimationCoordinates>
              <customCoordinates>388;398,389;398,390;399,391;399,392;399,393;399,394;400,395;400,396;400,397;400,398;401,399;401,400;401,401;401,402;402,403;402,404;402,405;402,406;403,407;403,408;403,409;403,410;404,411;404,412;404,413;404,414;405,415;405,416;405,417;405,418;406,419;406,420;406,421;406,422;407,423;407,424;407,425;407,426;408,427;408,428;408,429;408,430;409,431;409,432;409,433;409,434;410,435;410,436;410,437;410,438;411,439;411,440;411,441;411,442;412,443;412,444;412,445;412,446;413,447;413,448;413,449;413,450;414,451;414,452;414,453;414,454;415,455;415,456;414,457;413,458;413,459;412,460;411,461;410,462;410,463;409,464;408,465;407,466;407,467;406,468;405,469;404,470;404,471;403,472;402,473;401,474;401,475;400,476;399,477;398,478;398,479;397,480;396,481;395,482;395,483;394,484;393,485;392,486;392,487;391,488;390,489;389,490;389,491;388,492;387,493;386,494;386,495;385,496;384,497;383,498;383,499;382,500;381,501;380,502;380,503;379,504;378,505;377,506;377,507;376,508;375,509;374,510;374,511;373,512;372,513;371,514;371,515;370,516;369,517;368,518;368,519;367,520;366,521;365,522;365,523;364,524;363,525;362,526;362,527;361,528;360,529;359,530;359,531;358</customCoordinates>
            </pathAnimationCoordinates>
            <pixelsMove>4</pixelsMove>
            <pathAnimationStop>true</pathAnimationStop>
            <!--<pathAnimationSpeed>4</pathAnimationSpeed>-->
          </newPathAnimation>
          <whenCurrentPositionIs>387;397</whenCurrentPositionIs>
        </event>
        <event>
          <eventType>TriggerActionByPosition</eventType>
          <eventActions>
            <eventAction>UpdatePathAnimation</eventAction>
          </eventActions>
          <newPathAnimation>
            <pixelsMove>2</pixelsMove>
          </newPathAnimation>
          <whenCurrentPositionIs>468;405</whenCurrentPositionIs>
        </event>
        <event>
          <eventType>TriggerActionByPosition</eventType>
          <eventActions>
            <eventAction>UpdatePathAnimation</eventAction>
          </eventActions>
          <newPathAnimation>
            <pixelsMove>1</pixelsMove>
          </newPathAnimation>
          <whenCurrentPositionIs>512;372</whenCurrentPositionIs>
        </event>
        <event>
          <eventType>PathAnimationEndPointReached</eventType>
          <eventActions>
            <eventAction>UpdatePathAnimation</eventAction>
            <eventAction>FlipImage</eventAction>
            <eventAction>ChangeFrameCollection</eventAction>
          </eventActions>
          <newPathAnimation>
            <pathAnimationCoordinates>
              <customCoordinates>531;358,530;357,529;357,528;356,527;355,526;355,525;354,524;353,523;352,522;352,521;351,520;350,519;350,518;349,517;348,516;348,515;347,514;346,513;346,512;345,511;344,510;344,509;343,508;342,507;341,506;341,505;340,504;339,503;339,502;338,501;337,500;337,499;336,498;335,497;335,496;334,495;333,494;332,493;332,492;331,491;330,490;330,489;329,488;328,487;328,486;327,485;326,484;326,483;325,482;324,481;323,480;323,479;322,478;321,477;321,476;320,475;319,474;319,473;318,472;317,471;317,470;316,469;315,468;315,467;314,466;313,465;312,464;312,463;311,462;310,461;310,460;309,459;310,458;310,457;311,456;312,455;312,454;313,453;314,452;314,451;315,450;316,449;316,448;317,447;318,446;318,445;319,444;320,443;320,442;321,441;321,440;322,439;323,438;323,437;324,436;325,435;325,434;326,433;327,432;327,431;328,430;329,429;329,428;330,427;331,426;331,425;332,424;333,423;333,422;334,421;335,420;335,419;336,418;337,417;337,416;338,415;339,414;339,413;340,412;341,411;341,410;342,409;343,408;343,407;344,406;344,405;345,404;346,403;346,402;347,401;348,400;348,399;349,398;350,397;350,396;351,395;352,394;352,393;353,392;354,391;354,390;355</customCoordinates>
            </pathAnimationCoordinates>
            <pixelsMove>4</pixelsMove>
            <pathAnimationStop>true</pathAnimationStop>
          </newPathAnimation>
          <changeFrameCollectionIndexTo>0</changeFrameCollectionIndexTo>
          <whenCurrentPositionIs>530;359</whenCurrentPositionIs>
        </event>
      </events>
      <speed>2</speed>
      <flipImage>Horizontal</flipImage>
      <id>ene1</id>
    </image>
    <image>
      <frames>
        <frame>
          <fileName>ene2a1.png</fileName>
        </frame>
        <frame>
          <fileName>ene2a2.png</fileName>
        </frame>
      </frames>
      <pathAnimation>
        <pathAnimationCoordinates>
          <customCoordinates>544;364,543;364,542;364,541;364,540;364,539;364,538;364,537;364,536;364,535;364,534;364,533;364,532;364,531;364,530;364,529;364,528;364,527;364,526;364,525;364,524;364,523;364,522;364,521;364,520;364,519;364,518;364,517;364,516;364,515;364,514;364,513;364,512;364,511;364,510;364,509;364,508;364,507;364,506;364,505;364,504;364,503;364,502;364,501;364,500;364,499;364,498;364,497;364,496;364,495;364,494;364,493;364,492;364,491;364,490;364,489;364,488;364,487;364,486;364,485;364,484;364,483;364,482;364,481;364,480;364,479;364,478;364,477;364,476;364,475;364,474;364,473;364,472;364,471;364,470;364,469;364,468;364,467;364,466;364,465;364,464;364,463;364,462;364,461;364,460;364,459;364,458;364,457;364,456;364,455;364,454;364,453;364,452;364,451;364,450;364,449;364,448;364,447;364,446;364,445;364,444;364,443;364,442;364,441;364,440;364,439;364,438;364,437;364,436;364,435;364,434;364,433;364,432;364,431;364,430;364,429;364,428;364,427;364,426;364,425;364,424;364,423;364,422;364,421;364,420;364,419;364,418;364,417;364,416;364,415;364,414;364,413;364,412;364,411;364,410;364,409;364,408;364,407;364,406;364,405;364,404;364,403;364</customCoordinates>
          <!--<iniLeft>544</iniLeft>
          <iniTop>391</iniTop>
          <maxLeft>544</maxLeft>
          <maxTop>364</maxTop>-->
        </pathAnimationCoordinates>
        <pixelsMove>2</pixelsMove>
        <!--<pathAnimationStop>true</pathAnimationStop>-->
        <pathAnimationSpeed>1</pathAnimationSpeed>
        <!--<startPosition>10</startPosition>-->
      </pathAnimation>
      <events>
        <event>
          <eventType>PathAnimationEndPointReached</eventType>
          <eventActions>
            <eventAction>UpdatePathAnimation</eventAction>
            <eventAction>StopAnimation</eventAction>
          </eventActions>
          <newPathAnimation>
            <pathAnimationCoordinates>
              <customCoordinates>403;364,402;365,401;366,400;367,399;368,398;369,397;370,396;371,395;372,394;373,393;373,392;374,391;375,390;376,389;377,388;378,387;379,386;380,385;381,384;382,383;383,382;384,381;385,380;386,379;387,378;388,377;389,376;390,375;391,374;391,373;392,372;393,371;394,370;395,369;396,368;397,367;398,366;399,365;400,364;401,363;402,362;403,361;404,360;405,359;406,358;407,357;408,356;409,355;409,354;410,353;411,352;412,351;413,350;414,349;415,348;416,347;417,346;418,345;419,344;420,343;421,342;422,341;423,340;424,339;425,338;426,337;427,336;427,335;428,334;429,333;430,332;431,331;432,330;433,329;434,328;435,327;436</customCoordinates>
            </pathAnimationCoordinates>
            <pixelsMove>2</pixelsMove>
            <pathAnimationStop>true</pathAnimationStop>
            <!--<pathAnimationSpeed>4</pathAnimationSpeed>-->
          </newPathAnimation>
          <whenCurrentPositionIs>404;364</whenCurrentPositionIs>
        </event>
        <event>
          <eventType>PathAnimationEndPointReached</eventType>
          <eventActions>
            <eventAction>ResumeAnimationAndMove</eventAction>
          </eventActions>
          <ids>ene1</ids>
          <whenCurrentPositionIs>404;364</whenCurrentPositionIs>
        </event>
        <event>
          <eventType>PathAnimationEndPointReached</eventType>
          <eventActions>
            <eventAction>UpdatePathAnimation</eventAction>
            <eventAction>StopAnimation</eventAction>
          </eventActions>
          <newPathAnimation>
            <pathAnimationCoordinates>
              <customCoordinates>327;436,328;435,329;435,330;434,331;434,332;433,333;432,334;432,335;431,336;431,337;430,338;429,339;429,340;428,341;427,342;427,343;426,344;426,345;425,346;424,347;424,348;423,349;423,350;422,351;421,352;421,353;420,354;420,355;419,356;418,357;418,358;417,359;417,360;416,361;415,362;415,363;414,364;414,365;413,366;412,367;412,368;411,369;410,370;410,371;409,372;409,373;408,374;407,375;407,376;406,377;406,378;405</customCoordinates>
            </pathAnimationCoordinates>
            <pixelsMove>1</pixelsMove>
            <pathAnimationStop>true</pathAnimationStop>
            <!--<pathAnimationSpeed>4</pathAnimationSpeed>-->
          </newPathAnimation>
          <whenCurrentPositionIs>329;434</whenCurrentPositionIs>
        </event>
        <event>
          <eventType>PathAnimationEndPointReached</eventType>
          <eventActions>
            <eventAction>ResumeAnimationAndMove</eventAction>
          </eventActions>
          <ids>ene1</ids>
          <whenCurrentPositionIs>329;434</whenCurrentPositionIs>
        </event>
        <event>
          <eventType>PathAnimationEndPointReached</eventType>
          <eventActions>
            <eventAction>UpdatePathAnimation</eventAction>
          </eventActions>
          <newPathAnimation>
            <pathAnimationCoordinates>
              <customCoordinates>378;405,379;405,380;405,381;405,382;405,383;405,384;404,385;404,386;404,387;404,388;404,389;404,390;404,391;404,392;404,393;404,394;404,395;404,396;403,397;403,398;403,399;403,400;403,401;403,402;403,403;403,404;403,405;403,406;403,407;403,408;402,409;402,410;402,411;402,412;402,413;402,414;402,415;402,416;402,417;402,418;402,419;402,420;401,421;401,422;401,423;401,424;401,425;401,426;401,427;401,428;401,429;401,430;401,431;401,432;400,433;400,434;400,435;400,436;400,437;400,438;400,439;400,440;400,441;400,442;400,443;400,444;399,445;399,446;399,447;399,448;399,449;399,450;399,451;399,452;399,453;399,454;399,455;399,456;398,457;398,458;398,459;398,460;398,461;398,462;398,463;398,464;398,465;398,466;398,467;397,468;397,469;397,470;397,471;397,472;397,473;397,474;397,475;397,476;397,477;397,478;397,479;396,480;396,481;396,482;396,483;396,484;396,485;396,486;396,487;396,488;396,489;396,490;396,491;395,492;395,493;395,494;395,495;395,496;395,497;395,498;395,499;395,500;395,501;395,502;395,503;394,504;394,505;394,506;394,507;394,508;394,509;394,510;394,511;394,512;394,513;394,514;394,515;393,516;393,517;393,518;393,519;393,520;393,521;393,522;393,523;393,524;393,525;393,526;393,527;392,528;392,529;392,530;392,531;392,532;392,533;392,534;392,535;392,536;392,537;392,538;392,539;391,540;391,541;391,542;391,543;391,544;391</customCoordinates>
            </pathAnimationCoordinates>
            <pixelsMove>2</pixelsMove>
            <!--<pathAnimationStop>true</pathAnimationStop>-->
            <!--<pathAnimationSpeed>4</pathAnimationSpeed>-->
          </newPathAnimation>
          <whenCurrentPositionIs>377;406</whenCurrentPositionIs>
        </event>
        <event>
          <eventType>PathAnimationEndPointReached</eventType>
          <eventActions>
            <eventAction>ResumeMove</eventAction>
          </eventActions>
          <ids>ene1</ids>
          <whenCurrentPositionIs>377;406</whenCurrentPositionIs>
        </event>
        <event>
          <eventType>PathAnimationEndPointReached</eventType>
          <eventActions>
            <eventAction>UpdatePathAnimation</eventAction>
            <eventAction>FlipImage</eventAction>
          </eventActions>
          <newPathAnimation>
            <pathAnimationCoordinates>
              <customCoordinates>544;391,544;390,544;389,544;388,544;387,544;386,544;385,544;384,544;383,544;382,544;381,544;380,544;379,544;378,544;377,544;376,544;375,544;374,544;373,544;372,544;371,544;370,544;369,544;368,544;367,544;366,544;365,544;364</customCoordinates>
            </pathAnimationCoordinates>
            <pixelsMove>2</pixelsMove>
            <!--<pathAnimationStop>true</pathAnimationStop>-->
            <!--<pathAnimationSpeed>4</pathAnimationSpeed>-->
          </newPathAnimation>
          <whenCurrentPositionIs>542;391</whenCurrentPositionIs>
        </event>
        <event>
          <eventType>PathAnimationEndPointReached</eventType>
          <eventActions>
            <eventAction>ResumeMove</eventAction>
          </eventActions>
          <ids>ene1</ids>
          <whenCurrentPositionIs>544;365</whenCurrentPositionIs>
        </event>
        <event>
          <eventType>PathAnimationEndPointReached</eventType>
          <eventActions>
            <eventAction>UpdatePathAnimation</eventAction>
          </eventActions>
          <newPathAnimation>
            <pathAnimationCoordinates>
              <customCoordinates>544;364,543;364,542;364,541;364,540;364,539;364,538;364,537;364,536;364,535;364,534;364,533;364,532;364,531;364,530;364,529;364,528;364,527;364,526;364,525;364,524;364,523;364,522;364,521;364,520;364,519;364,518;364,517;364,516;364,515;364,514;364,513;364,512;364,511;364,510;364,509;364,508;364,507;364,506;364,505;364,504;364,503;364,502;364,501;364,500;364,499;364,498;364,497;364,496;364,495;364,494;364,493;364,492;364,491;364,490;364,489;364,488;364,487;364,486;364,485;364,484;364,483;364,482;364,481;364,480;364,479;364,478;364,477;364,476;364,475;364,474;364,473;364,472;364,471;364,470;364,469;364,468;364,467;364,466;364,465;364,464;364,463;364,462;364,461;364,460;364,459;364,458;364,457;364,456;364,455;364,454;364,453;364,452;364,451;364,450;364,449;364,448;364,447;364,446;364,445;364,444;364,443;364,442;364,441;364,440;364,439;364,438;364,437;364,436;364,435;364,434;364,433;364,432;364,431;364,430;364,429;364,428;364,427;364,426;364,425;364,424;364,423;364,422;364,421;364,420;364,419;364,418;364,417;364,416;364,415;364,414;364,413;364,412;364,411;364,410;364,409;364,408;364,407;364,406;364,405;364,404;364,403;364</customCoordinates>
            </pathAnimationCoordinates>
            <pixelsMove>2</pixelsMove>
            <!--<pathAnimationStop>true</pathAnimationStop>-->
            <!--<pathAnimationSpeed>4</pathAnimationSpeed>-->
          </newPathAnimation>
          <whenCurrentPositionIs>544;365</whenCurrentPositionIs>
        </event>
      </events>
      <speed>2</speed>
      <!--<flipImage>Horizontal</flipImage>-->
      <id>ene2</id>
    </image>
  </images>
</doc>
