<?xml version="1.0"?>
<doc>
  <basic type="animations">
    <screenCanvasResolution>
      <width>1298</width>
      <height>492</height>
    </screenCanvasResolution>
    <canvasResolution>
      <maxWidth>1298</maxWidth>
      <maxHeight>492</maxHeight>
    </canvasResolution>
    <bgColor>#00000000</bgColor>
  </basic>
  <images>
    <!--<image>
      <fileName>map8.png</fileName>
    </image>-->
    <image>
      <frames>
        <frame>
          <fileName>lake2.png</fileName>
        </frame>
        <frame>
          <fileName>lake3.png</fileName>
        </frame>
        <frame>
          <fileName></fileName>
        </frame>
        <currentFrame>2</currentFrame>
      </frames>
      <left>740</left>
      <top>114</top>
      <speed>5</speed>
    </image>
    <image>
      <frames>
        <frame>
          <fileName from="mapzCastle">flower1.png</fileName>
        </frame>
        <frame>
          <fileName from="mapzCastle">flower2.png</fileName>
        </frame>
        <frame>
          <fileName from="mapzCastle">flower3.png</fileName>
        </frame>
      </frames>
      <coordinates>145;112,177;207,241;303,289;95,297;103,305;95,337;111,625;143,625;431,945;48,1201;288,1265;128</coordinates>
      <speed>5</speed>
    </image>
    <image>
      <frames>
        <frameCollection>
          <frame>
            <fileName>crab1.png</fileName>
          </frame>
        </frameCollection>
        <frameCollection>
          <frame>
            <fileName>crab2.png</fileName>
          </frame>
          <frame>
            <fileName>crab3.png</fileName>
          </frame>
          <frame>
            <fileName>crab4.png</fileName>
          </frame>
        </frameCollection>
      </frames>
      <moveAnimation>
        <iniTop>160</iniTop>
        <maxTop>201</maxTop>
        <pixelsMoveTop>2</pixelsMoveTop>
        <pixelsMoveLeft>0</pixelsMoveLeft>
      </moveAnimation>
      <events>
        <event>
          <eventType>MoveAnimationMaxTopReached</eventType>
          <eventActions>
            <eventAction>ChangeFrameCollection</eventAction>
            <eventAction>StopMove</eventAction>
            <eventAction>ChangeSpeedAnimation</eventAction>
          </eventActions>
          <changeFrameCollectionIndexTo>0</changeFrameCollectionIndexTo>
          <newSpeedAnimation>30</newSpeedAnimation>
        </event>
        <event>
          <eventType>FrameAnimationLoopEnds</eventType>
          <eventActions>
            <eventAction>ChangeFrameCollection</eventAction>
            <eventAction>ResumeMove</eventAction>
            <eventAction>ChangeSpeedAnimation</eventAction>
          </eventActions>
          <changeFrameCollectionIndexTo>1</changeFrameCollectionIndexTo>
          <newSpeedAnimation>1</newSpeedAnimation>
          <whenFrameCollectionIndexIs>0</whenFrameCollectionIndexIs>
        </event>
      </events>
      <speed>20</speed>
      <left>176</left>
      <top>160</top>
    </image>
    <image>
      <frames>
        <reUseTagFramesFromPreviousImage>true</reUseTagFramesFromPreviousImage>
      </frames>
      <moveAnimation>
        <iniTop>162</iniTop>
        <maxTop>220</maxTop>
        <pixelsMoveTop>-2</pixelsMoveTop>
        <pixelsMoveLeft>0</pixelsMoveLeft>
      </moveAnimation>
      <events>
        <event>
          <eventType>MoveAnimationMaxBottomReached</eventType>
          <eventActions>
            <eventAction>ChangeFrameCollection</eventAction>
            <eventAction>StopMove</eventAction>
            <eventAction>ChangeSpeedAnimation</eventAction>
          </eventActions>
          <changeFrameCollectionIndexTo>0</changeFrameCollectionIndexTo>
          <newSpeedAnimation>40</newSpeedAnimation>
        </event>
        <event>
          <eventType>FrameAnimationLoopEnds</eventType>
          <eventActions>
            <eventAction>ChangeFrameCollection</eventAction>
            <eventAction>ResumeMove</eventAction>
            <eventAction>ChangeSpeedAnimation</eventAction>
          </eventActions>
          <changeFrameCollectionIndexTo>1</changeFrameCollectionIndexTo>
          <newSpeedAnimation>1</newSpeedAnimation>
          <whenFrameCollectionIndexIs>0</whenFrameCollectionIndexIs>
        </event>
      </events>
      <speed>20</speed>
      <left>383</left>
      <top>220</top>
    </image>
    <image>
      <frames>
        <frameCollection>
          <frame>
            <fileName>bush1.png</fileName>
          </frame>
        </frameCollection>
        <frameCollection>
          <frame>
            <fileName>bush2.png</fileName>
          </frame>
          <frame>
            <fileName>bush3.png</fileName>
          </frame>
          <frame>
            <fileName>bush4.png</fileName>
          </frame>
        </frameCollection>
      </frames>
      <moveAnimation>
        <iniLeft>1122</iniLeft>
        <maxLeft>1168</maxLeft>
        <pixelsMoveTop>0</pixelsMoveTop>
        <pixelsMoveLeft>-2</pixelsMoveLeft>
      </moveAnimation>
      <events>
        <event>
          <eventType>MoveAnimationMaxRightReached</eventType>
          <eventActions>
            <eventAction>ChangeFrameCollection</eventAction>
            <eventAction>StopMove</eventAction>
            <eventAction>ChangeSpeedAnimation</eventAction>
          </eventActions>
          <changeFrameCollectionIndexTo>0</changeFrameCollectionIndexTo>
          <newSpeedAnimation>40</newSpeedAnimation>
        </event>
        <event>
          <eventType>FrameAnimationLoopEnds</eventType>
          <eventActions>
            <eventAction>ChangeFrameCollection</eventAction>
            <eventAction>ResumeMove</eventAction>
            <eventAction>ChangeSpeedAnimation</eventAction>
          </eventActions>
          <changeFrameCollectionIndexTo>1</changeFrameCollectionIndexTo>
          <newSpeedAnimation>1</newSpeedAnimation>
          <whenFrameCollectionIndexIs>0</whenFrameCollectionIndexIs>
        </event>
      </events>
      <speed>20</speed>
      <left>1168</left>
      <top>258</top>
    </image>
    <image>
      <frames>
        <frame>
          <fileName from="mapzLake">anothercrab1.png</fileName>
        </frame>
        <frame>
          <fileName from="mapzLake">anothercrab2.png</fileName>
        </frame>
      </frames>
      <moveAnimation>
        <iniTop>302</iniTop>
        <iniLeft>1154</iniLeft>
        <maxTop>421</maxTop>
        <maxLeft>1272</maxLeft>
        <pixelsMoveTop>2</pixelsMoveTop>
        <pixelsMoveLeft>2</pixelsMoveLeft>
      </moveAnimation>
      <imageTimer>
        <timerDelay>1000</timerDelay>
      </imageTimer>
      <events>
        <event>
          <eventType>MoveAnimationMaxLeftReached</eventType>
          <eventActions>
            <eventAction>FlipImage</eventAction>
          </eventActions>
        </event>
        <event>
          <eventType>MoveAnimationMaxRightReached</eventType>
          <eventActions>
            <eventAction>FlipImage</eventAction>
          </eventActions>
        </event>
        <event>
          <eventType>Timer</eventType>
          <eventActions>
            <eventAction>ChangeTimerDelay</eventAction>
            <eventAction>StopAnimationAndMove</eventAction>
            <eventAction>ChangeCustomCondition</eventAction>
          </eventActions>
          <whenCustomConditionIs>running</whenCustomConditionIs>
          <newTimerDelay>2000</newTimerDelay>
          <newCustomCondition>stoppped</newCustomCondition>
        </event>
        <event>
          <eventType>Timer</eventType>
          <eventActions>
            <eventAction>ChangeTimerDelay</eventAction>
            <eventAction>ResumeAnimationAndMove</eventAction>
            <eventAction>ChangeCustomCondition</eventAction>
          </eventActions>
          <whenCustomConditionIs>stoppped</whenCustomConditionIs>
          <newTimerDelay>1000</newTimerDelay>
          <newCustomCondition>running</newCustomCondition>
        </event>
        <defaultCustomCondition>running</defaultCustomCondition>
      </events>
      <left>1186</left>
      <top>400</top>
      <speed>1</speed>
    </image>
    <image>
      <frames>
        <frameCollection>
          <frame>
            <fileName from="mapzForest">soldierarrow8.png</fileName>
          </frame>
          <frame>
            <fileName from="mapzForest">soldierarrow9.png</fileName>
          </frame>
        </frameCollection>
        <frameCollection>
          <frame>
            <fileName from="mapzForest">soldierarrow8.png</fileName>
          </frame>
          <frame>
            <fileName from="mapzForest">soldierarrow10.png</fileName>
          </frame>
          <frame>
            <fileName from="mapzForest">soldierarrow8.png</fileName>
          </frame>
          <frame>
            <fileName from="mapzForest">soldierarrow11.png</fileName>
          </frame>
          <repeatThisLoopForTimes>2</repeatThisLoopForTimes>
        </frameCollection>
        <frameCollection>
          <frame>
            <fileName from="mapzForest">soldierarrow5.png</fileName>
          </frame>
          <frame>
            <fileName from="mapzForest">soldierarrow6.png</fileName>
          </frame>
          <frame>
            <fileName from="mapzForest">soldierarrow5.png</fileName>
          </frame>
          <frame>
            <fileName from="mapzForest">soldierarrow7.png</fileName>
          </frame>
          <repeatThisLoopForTimes>2</repeatThisLoopForTimes>
        </frameCollection>
        <frameCollection>
          <frame>
            <fileName from="mapzForest">soldierarrow4.png</fileName>
          </frame>
          <frame>
            <fileName from="mapzForest">soldierarrow5.png</fileName>
          </frame>
        </frameCollection>
      </frames>
      <moveAnimation>
        <iniTop>274</iniTop>
        <maxTop>404</maxTop>
        <pixelsMoveTop>2</pixelsMoveTop>
      </moveAnimation>
      <events>
        <event>
          <eventType>MoveAnimationMaxTopReached</eventType>
          <eventActions>
            <eventAction>StopMove</eventAction>
            <eventAction>ChangeFrameCollection</eventAction>
            <eventAction>ChangeSpeedAnimation</eventAction>
          </eventActions>
          <newSpeedAnimation>24</newSpeedAnimation>
          <whenFrameCollectionIndexIs>3</whenFrameCollectionIndexIs>
          <changeFrameCollectionIndexTo>2</changeFrameCollectionIndexTo>
        </event>
        <event>
          <eventType>FrameAnimationRepeatLoopEnds</eventType>
          <eventActions>
            <eventAction>ResumeMove</eventAction>
            <eventAction>ChangeFrameCollection</eventAction>
            <eventAction>ChangeSpeedAnimation</eventAction>
          </eventActions>
          <newSpeedAnimation>4</newSpeedAnimation>
          <whenFrameCollectionIndexIs>2</whenFrameCollectionIndexIs>
          <changeFrameCollectionIndexTo>0</changeFrameCollectionIndexTo>
        </event>
        <event>
          <eventType>FrameAnimationRepeatLoopEnds</eventType>
          <eventActions>
            <eventAction>ResumeMove</eventAction>
            <eventAction>ChangeFrameCollection</eventAction>
            <eventAction>ChangeSpeedAnimation</eventAction>
          </eventActions>
          <newSpeedAnimation>4</newSpeedAnimation>
          <whenFrameCollectionIndexIs>1</whenFrameCollectionIndexIs>
          <changeFrameCollectionIndexTo>3</changeFrameCollectionIndexTo>
        </event>
        <event>
          <eventType>MoveAnimationMaxBottomReached</eventType>
          <eventActions>
            <eventAction>StopMove</eventAction>
            <eventAction>ChangeFrameCollection</eventAction>
            <eventAction>ChangeSpeedAnimation</eventAction>
          </eventActions>
          <newSpeedAnimation>24</newSpeedAnimation>
          <whenFrameCollectionIndexIs>0</whenFrameCollectionIndexIs>
          <changeFrameCollectionIndexTo>1</changeFrameCollectionIndexTo>
        </event>
      </events>
      <left>616</left>
      <top>274</top>
      <speed>4</speed>
    </image>
    <image>
      <frames>
        <frameCollection>
          <frame>
            <fileName from="mapzPalaceb">soldierarrow0w.png</fileName>
          </frame>
          <frame>
            <fileName from="mapzPalaceb">soldierarrow1w.png</fileName>
          </frame>
        </frameCollection>
        <frameCollection>
          <frame>
            <fileName from="mapzPalaceb">soldierarrow1.png</fileName>
          </frame>
          <frame>
            <fileName from="mapzPalaceb">soldierarrow2.png</fileName>
          </frame>
          <frame>
            <fileName from="mapzPalaceb">soldierarrow1.png</fileName>
          </frame>
          <frame>
            <fileName from="mapzPalaceb">soldierarrow3.png</fileName>
          </frame>
          <repeatThisLoopForTimes>2</repeatThisLoopForTimes>
        </frameCollection>
      </frames>
      <moveAnimation>
        <iniLeft>620</iniLeft>
        <maxLeft>730</maxLeft>
        <pixelsMoveLeft>-2</pixelsMoveLeft>
      </moveAnimation>
      <events>
        <event>
          <eventType>MoveAnimationMaxLeftReached</eventType>
          <eventActions>
            <eventAction>StopMove</eventAction>
            <eventAction>ChangeFrameCollection</eventAction>
            <eventAction>ChangeSpeedAnimation</eventAction>
          </eventActions>
          <newSpeedAnimation>24</newSpeedAnimation>
          <whenFrameCollectionIndexIs>0</whenFrameCollectionIndexIs>
          <changeFrameCollectionIndexTo>1</changeFrameCollectionIndexTo>
        </event>
        <event>
          <eventType>FrameAnimationRepeatLoopEnds</eventType>
          <eventActions>
            <eventAction>ResumeMove</eventAction>
            <eventAction>ChangeFrameCollection</eventAction>
            <eventAction>ChangeSpeedAnimation</eventAction>
            <eventAction>FlipImage</eventAction>
          </eventActions>
          <newSpeedAnimation>4</newSpeedAnimation>
          <whenFrameCollectionIndexIs>1</whenFrameCollectionIndexIs>
          <changeFrameCollectionIndexTo>0</changeFrameCollectionIndexTo>
        </event>
        <event>
          <eventType>MoveAnimationMaxRightReached</eventType>
          <eventActions>
            <eventAction>StopMove</eventAction>
            <eventAction>ChangeFrameCollection</eventAction>
            <eventAction>ChangeSpeedAnimation</eventAction>
          </eventActions>
          <newSpeedAnimation>24</newSpeedAnimation>
          <whenFrameCollectionIndexIs>0</whenFrameCollectionIndexIs>
          <changeFrameCollectionIndexTo>1</changeFrameCollectionIndexTo>
        </event>
      </events>
      <left>730</left>
      <top>140</top>
      <speed>4</speed>
      <flipImage>Horizontal</flipImage>
    </image>
    <image>
      <frames>
        <frame>
          <fileName></fileName>
          <delay>20</delay>
        </frame>
        <frame>
          <fileName></fileName>
          <delay>2</delay>
        </frame>
        <frame>
          <fileName>usagi1.png</fileName>
        </frame>
        <frame>
          <fileName>usagi2.png</fileName>
        </frame>
        <frame>
          <fileName>usagi3.png</fileName>
        </frame>
        <frame>
          <fileName>usagi4.png</fileName>
        </frame>
        <frame>
          <fileName>usagi5.png</fileName>
        </frame>
        <frame>
          <fileName>usagi6.png</fileName>
        </frame>
        <frame>
          <fileName>usagi7.png</fileName>
        </frame>
        <frame>
          <fileName>usagi8.png</fileName>
        </frame>
        <frame>
          <fileName>usagi9.png</fileName>
        </frame>
        <frame>
          <fileName>usagi10.png</fileName>
        </frame>
        <frame>
          <fileName>usagi11.png</fileName>
        </frame>
        <frame>
          <fileName>usagi12.png</fileName>
        </frame>
        <frame>
          <fileName>usagi13.png</fileName>
        </frame>
        <frame>
          <fileName>usagi14.png</fileName>
        </frame>
        <returnBackwardToFirstFrame>true</returnBackwardToFirstFrame>
      </frames>
      <events>
        <event>
          <eventType>FrameAnimationReturnBackwardToFirstFrameEnds</eventType>
          <eventActions>
            <eventAction>CreateRandomCoordinates</eventAction>
          </eventActions>
          <parametersForRandomCoordinates>696,800,246,286</parametersForRandomCoordinates>
        </event>
      </events>
      <left>712</left>
      <top>278</top>
      <speed>2</speed>
    </image>
    <image>
      <frames>
        <frame>
          <fileName>soldierarrowyellow1.png</fileName>
        </frame>
        <frame>
          <fileName>soldierarrowyellow2.png</fileName>
        </frame>
        <frame>
          <fileName>soldierarrowyellow3.png</fileName>
        </frame>
        <frame>
          <fileName>soldierarrowyellow4.png</fileName>
        </frame>
        <frame>
          <fileName>soldierarrowyellow5.png</fileName>
        </frame>
        <frame>
          <fileName>soldierarrowyellow6.png</fileName>
        </frame>
        <frame>
          <fileName>soldierarrowyellow7.png</fileName>
        </frame>
        <frame>
          <fileName>soldierarrowyellow8.png</fileName>
        </frame>
        <frame>
          <fileName>soldierarrowyellow9.png</fileName>
        </frame>
        <frame>
          <fileName>soldierarrowyellow10w14.png</fileName>
        </frame>
        <frame>
          <fileName>soldierarrowyellow11.png</fileName>
        </frame>
        <frame>
          <fileName>soldierarrowyellow12.png</fileName>
          <delay>3</delay>
        </frame>
        <frame>
          <fileName>soldierarrowyellow13.png</fileName>
          <delay>25</delay>
        </frame>
        <frame>
          <fileName>soldierarrowyellow10w14.png</fileName>
          <delay>1</delay>
        </frame>
        <frame>
          <fileName>soldierarrowyellow15.png</fileName>
        </frame>
        <frame>
          <fileName>soldierarrowyellow16.png</fileName>
        </frame>
        <frame>
          <fileName></fileName>
        </frame>
      </frames>
      <events>
        <event>
          <eventType>TriggerActionByCurrentFrame</eventType>
          <eventActions>
            <eventAction>EditAnimationByID</eventAction>
          </eventActions>
          <editAnimationByIDOptions>
            <option>
              <imageID>arrow1</imageID>
              <editActions>
                <editAction>ResumeMove</editAction>
                <editAction>ChangeVisibleValue</editAction>
              </editActions>
              <newVisibleValue>true</newVisibleValue>
            </option>
          </editAnimationByIDOptions>
          <whenCurrentFrameIndexIs>12</whenCurrentFrameIndexIs>
        </event>
        <event>
          <eventType>TriggerActionByCurrentFrame</eventType>
          <eventActions>
            <eventAction>StopAnimation</eventAction>
          </eventActions>
          <whenCurrentFrameIndexIs>16</whenCurrentFrameIndexIs>
        </event>
      </events>
      <left>808</left>
      <top>78</top>
      <speed>1</speed>
      <flipImage>Horizontal</flipImage>
      <id>knight3</id>
    </image>
    <image>
      <frames>
        <reUseTagFramesFromPreviousImage>true</reUseTagFramesFromPreviousImage>
      </frames>
      <events>
        <event>
          <eventType>TriggerActionByCurrentFrame</eventType>
          <eventActions>
            <eventAction>EditAnimationByID</eventAction>
          </eventActions>
          <editAnimationByIDOptions>
            <option>
              <imageID>arrow2</imageID>
              <editActions>
                <editAction>ResumeMove</editAction>
                <editAction>ChangeVisibleValue</editAction>
              </editActions>
              <newVisibleValue>true</newVisibleValue>
            </option>
          </editAnimationByIDOptions>
          <whenCurrentFrameIndexIs>12</whenCurrentFrameIndexIs>
        </event>
        <event>
          <eventType>TriggerActionByCurrentFrame</eventType>
          <eventActions>
            <eventAction>StopAnimation</eventAction>
          </eventActions>
          <whenCurrentFrameIndexIs>16</whenCurrentFrameIndexIs>
        </event>
      </events>
      <left>1145</left>
      <top>172</top>
      <speed>1</speed>
      <flipImage>Horizontal</flipImage>
      <id>knight4</id>
    </image>
    <image>
      <fileName>soldierarrowyellow17.png</fileName>
      <moveAnimation>
        <iniLeft>626</iniLeft>
        <maxLeft>808</maxLeft>
        <pixelsMoveLeft>-4</pixelsMoveLeft>
        <returnToTheBeginning>true</returnToTheBeginning>
        <moveAnimationStop>true</moveAnimationStop>
      </moveAnimation>
      <events>
        <event>
          <eventType>MoveAnimationMaxLeftReached</eventType>
          <eventActions>
            <eventAction>EditAnimationByID</eventAction>
            <eventAction>StopMove</eventAction>
            <eventAction>ChangeVisibleValue</eventAction>
          </eventActions>
          <editAnimationByIDOptions>
            <option>
              <imageID>knight3</imageID>
              <editActions>
                <editAction>ResumeAnimation</editAction>
              </editActions>
            </option>
          </editAnimationByIDOptions>
          <newVisibleValue>false</newVisibleValue>
        </event>
      </events>
      <left>808</left>
      <top>78</top>
      <speed>1</speed>
      <flipImage>Horizontal</flipImage>
      <id>arrow1</id>
    </image>
    <image>
      <reUseImageFromPreviousImage>true</reUseImageFromPreviousImage>
      <moveAnimation>
        <iniLeft>916</iniLeft>
        <maxLeft>1145</maxLeft>
        <pixelsMoveLeft>-4</pixelsMoveLeft>
        <returnToTheBeginning>true</returnToTheBeginning>
        <moveAnimationStop>true</moveAnimationStop>
      </moveAnimation>
      <events>
        <event>
          <eventType>MoveAnimationMaxLeftReached</eventType>
          <eventActions>
            <eventAction>EditAnimationByID</eventAction>
            <eventAction>StopMove</eventAction>
            <eventAction>ChangeVisibleValue</eventAction>
          </eventActions>
          <editAnimationByIDOptions>
            <option>
              <imageID>knight4</imageID>
              <editActions>
                <editAction>ResumeAnimation</editAction>
              </editActions>
            </option>
          </editAnimationByIDOptions>
          <newVisibleValue>false</newVisibleValue>
        </event>
      </events>
      <left>1145</left>
      <top>172</top>
      <speed>1</speed>
      <flipImage>Horizontal</flipImage>
      <id>arrow2</id>
    </image>
    <image>
      <frames>
        <frameCollection>
          <frame>
            <fileName from="mapzLake">crow1.png</fileName>
          </frame>
          <frame>
            <fileName from="mapzLake">crow2.png</fileName>
          </frame>
          <frame>
            <fileName from="mapzLake">crow3.png</fileName>
          </frame>
          <frame>
            <fileName from="mapzLake">crow4.png</fileName>
          </frame>
          <frame>
            <fileName from="mapzLake">crow5.png</fileName>
          </frame>
          <frame>
            <fileName from="mapzLake">crow6.png</fileName>
          </frame>
        </frameCollection>
        <frameCollection>
          <frame>
            <fileName from="mapzLake">crow7.png</fileName>
          </frame>
          <frame>
            <fileName from="mapzLake">crow6.png</fileName>
          </frame>
        </frameCollection>
        <framesAnimationStop>true</framesAnimationStop>
      </frames>
      <moveAnimation>
        <iniTop>0</iniTop>
        <maxTop>500</maxTop>
        <iniLeft>0</iniLeft>
        <maxLeft>1434</maxLeft>
        <pixelsMoveTop>2</pixelsMoveTop>
        <pixelsMoveLeft>2</pixelsMoveLeft>
        <returnToTheBeginning>true</returnToTheBeginning>
        <moveAnimationStop>true</moveAnimationStop>
      </moveAnimation>
      <imageTimer>
        <timerDelay>8000</timerDelay>
      </imageTimer>
      <events>
        <event>
          <eventType>FrameAnimationLoopEnds</eventType>
          <eventActions>
            <eventAction>ChangeFrameCollection</eventAction>
            <eventAction>ResumeMove</eventAction>
            <eventAction>ChangeSpeedAnimation</eventAction>
          </eventActions>
          <changeFrameCollectionIndexTo>1</changeFrameCollectionIndexTo>
          <newSpeedAnimation>1</newSpeedAnimation>
          <whenFrameCollectionIndexIs>0</whenFrameCollectionIndexIs>
        </event>
        <event>
          <eventType>MoveAnimationMaxBottomReached</eventType>
          <eventActions>
            <eventAction>ChangeFrameCollection</eventAction>
            <eventAction>StopAnimationAndMove</eventAction>
            <eventAction>ChangeSpeedAnimation</eventAction>
          </eventActions>
          <changeFrameCollectionIndexTo>0</changeFrameCollectionIndexTo>
          <newSpeedAnimation>2</newSpeedAnimation>
        </event>
        <event>
          <eventType>Timer</eventType>
          <eventActions>
            <eventAction>ResumeAnimation</eventAction>
          </eventActions>
        </event>
      </events>
      <speed>2</speed>
      <left>221</left>
      <top>122</top>
      <id>crow1</id>
      <flipImage>Horizontal</flipImage>
    </image>
    <image>
      <frames>
        <reUseTagFramesFromPreviousImage>true</reUseTagFramesFromPreviousImage>
        <framesAnimationStop>true</framesAnimationStop>
      </frames>
      <moveAnimation>
        <iniTop>0</iniTop>
        <maxTop>500</maxTop>
        <iniLeft>0</iniLeft>
        <maxLeft>640</maxLeft>
        <pixelsMoveTop>2</pixelsMoveTop>
        <pixelsMoveLeft>-2</pixelsMoveLeft>
        <returnToTheBeginning>true</returnToTheBeginning>
        <moveAnimationStop>true</moveAnimationStop>
      </moveAnimation>
      <imageTimer>
        <timerDelay>1000</timerDelay>
      </imageTimer>
      <events>
        <event>
          <eventType>FrameAnimationLoopEnds</eventType>
          <eventActions>
            <eventAction>ChangeFrameCollection</eventAction>
            <eventAction>ResumeMove</eventAction>
            <eventAction>ChangeSpeedAnimation</eventAction>
          </eventActions>
          <changeFrameCollectionIndexTo>1</changeFrameCollectionIndexTo>
          <newSpeedAnimation>1</newSpeedAnimation>
          <whenFrameCollectionIndexIs>0</whenFrameCollectionIndexIs>
        </event>
        <event>
          <eventType>MoveAnimationMaxBottomReached</eventType>
          <eventActions>
            <eventAction>ChangeFrameCollection</eventAction>
            <eventAction>StopAnimationAndMove</eventAction>
            <eventAction>ChangeSpeedAnimation</eventAction>
          </eventActions>
          <changeFrameCollectionIndexTo>0</changeFrameCollectionIndexTo>
          <newSpeedAnimation>2</newSpeedAnimation>
        </event>
        <event>
          <eventType>Timer</eventType>
          <eventActions>
            <eventAction>ResumeAnimation</eventAction>
          </eventActions>
        </event>
      </events>
      <speed>2</speed>
      <left>640</left>
      <top>153</top>
      <id>crow2</id>
    </image>
    <image>
      <frames>
        <reUseTagFramesFromPreviousImage>true</reUseTagFramesFromPreviousImage>
        <framesAnimationStop>true</framesAnimationStop>
      </frames>
      <moveAnimation>
        <iniTop>0</iniTop>
        <maxTop>500</maxTop>
        <iniLeft>0</iniLeft>
        <maxLeft>1434</maxLeft>
        <pixelsMoveTop>2</pixelsMoveTop>
        <pixelsMoveLeft>-2</pixelsMoveLeft>
        <returnToTheBeginning>true</returnToTheBeginning>
        <moveAnimationStop>true</moveAnimationStop>
      </moveAnimation>
      <imageTimer>
        <timerDelay>6000</timerDelay>
      </imageTimer>
      <events>
        <event>
          <eventType>FrameAnimationLoopEnds</eventType>
          <eventActions>
            <eventAction>ChangeFrameCollection</eventAction>
            <eventAction>ResumeMove</eventAction>
            <eventAction>ChangeSpeedAnimation</eventAction>
          </eventActions>
          <changeFrameCollectionIndexTo>1</changeFrameCollectionIndexTo>
          <newSpeedAnimation>1</newSpeedAnimation>
          <whenFrameCollectionIndexIs>0</whenFrameCollectionIndexIs>
        </event>
        <event>
          <eventType>MoveAnimationMaxBottomReached</eventType>
          <eventActions>
            <eventAction>ChangeFrameCollection</eventAction>
            <eventAction>StopAnimationAndMove</eventAction>
            <eventAction>ChangeSpeedAnimation</eventAction>
          </eventActions>
          <changeFrameCollectionIndexTo>0</changeFrameCollectionIndexTo>
          <newSpeedAnimation>2</newSpeedAnimation>
        </event>
        <event>
          <eventType>Timer</eventType>
          <eventActions>
            <eventAction>ResumeAnimation</eventAction>
          </eventActions>
        </event>
      </events>
      <speed>2</speed>
      <left>1248</left>
      <top>218</top>
      <id>crow3</id>
    </image>
  </images>
</doc>
