<?xml version="1.0"?>
<doc>
  <basic type="animations">
    <screenCanvasResolution>
      <width>880</width>
      <height>1024</height>
    </screenCanvasResolution>
    <canvasResolution>
      <maxWidth>880</maxWidth>
      <maxHeight>1024</maxHeight>
    </canvasResolution>
    <bgColor>#00000000</bgColor>
  </basic>
  <images>
    <image>
      <frames>
        <frame>
          <fileName>cloud1a.png</fileName>
        </frame>
        <frame>
          <fileName>cloud1b.png</fileName>
        </frame>
        <frame>
          <fileName></fileName>
        </frame>
        <currentFrame>2</currentFrame>
      </frames>
      <left>0</left>
      <top>0</top>
      <speed>5</speed>
    </image>
    <image>
      <frames>
        <frame>
          <fileName>portal1.png</fileName>
        </frame>
        <frame>
          <fileName>portal2.png</fileName>
        </frame>
        <frame>
          <fileName></fileName>
        </frame>
        <currentFrame>2</currentFrame>
      </frames>
      <left>768</left>
      <top>368</top>
      <speed>5</speed>
    </image>    
    <image>
      <frames>
        <frame>
          <fileName>bubbles1a.png</fileName>
        </frame>
        <frame>
          <fileName>bubbles1b.png</fileName>
        </frame>
        <frame>
          <fileName></fileName>
        </frame>
        <currentFrame>2</currentFrame>
      </frames>
      <left>64</left>
      <top>320</top>
      <speed>5</speed>
    </image>
    <image>
      <frames>
        <frame>
          <fileName>bubbles2a.png</fileName>
        </frame>
        <frame>
          <fileName>bubbles2b.png</fileName>
        </frame>
        <frame>
          <fileName></fileName>
        </frame>
        <currentFrame>2</currentFrame>
      </frames>
      <left>208</left>
      <top>337</top>
      <speed>5</speed>
    </image>
    <image>
      <frames>
        <frame>
          <fileName>bubbles3a.png</fileName>
        </frame>
        <frame>
          <fileName>bubbles3b.png</fileName>
        </frame>
        <frame>
          <fileName></fileName>
        </frame>
        <currentFrame>2</currentFrame>
      </frames>
      <left>272</left>
      <top>401</top>
      <speed>5</speed>
    </image>
    <image>
      <frames>
        <frame>
          <fileName>bubbles4a.png</fileName>
        </frame>
        <frame>
          <fileName>bubbles4b.png</fileName>
        </frame>
        <frame>
          <fileName></fileName>
        </frame>
        <currentFrame>2</currentFrame>
      </frames>
      <left>432</left>
      <top>448</top>
      <speed>5</speed>
    </image>
    <image>
      <frames>
        <frame>
          <fileName>bubbles5a.png</fileName>
        </frame>
        <frame>
          <fileName>bubbles5b.png</fileName>
        </frame>
        <frame>
          <fileName></fileName>
        </frame>
        <currentFrame>2</currentFrame>
      </frames>
      <left>624</left>
      <top>369</top>
      <speed>5</speed>
    </image>
    <image>
      <frames>
        <frame>
          <fileName>stars1.png</fileName>
        </frame>
        <frame>
          <fileName>stars2.png</fileName>
        </frame>
        <frame>
          <fileName></fileName>
        </frame>
        <currentFrame>2</currentFrame>
      </frames>
      <left>64</left>
      <top>993</top>
      <speed>5</speed>
    </image>
    <image>
      <frames>
        <frame>
          <fileName>menemi2a.png</fileName>
        </frame>
        <frame>
          <fileName>menemi2b.png</fileName>
        </frame>
        <framesAnimationSpeed>2</framesAnimationSpeed>
      </frames>
      <moveAnimation>
        <iniLeft>34</iniLeft>
        <maxLeft>194</maxLeft>
        <pixelsMoveLeft>4</pixelsMoveLeft>
      </moveAnimation>
      <imageTimer>
        <timerDelay>1000</timerDelay>
      </imageTimer>
      <events>
        <event>
          <eventType>MoveAnimationMaxRightReached</eventType>
          <eventActions>
            <eventAction>FlipImage</eventAction>
          </eventActions>
        </event>
        <event>
          <eventType>MoveAnimationMaxLeftReached</eventType>
          <eventActions>
            <eventAction>FlipImage</eventAction>
          </eventActions>
        </event>
        <event>
          <eventType>Timer</eventType>
          <eventActions>
            <eventAction>ChangeTimerDelay</eventAction>
            <eventAction>StopAnimationAndMove</eventAction>
            <eventAction>ChangeCustomCondition</eventAction>
          </eventActions>
          <whenCustomConditionIs>running</whenCustomConditionIs>
          <newTimerDelay>500</newTimerDelay>
          <newCustomCondition>stoppped</newCustomCondition>
        </event>
        <event>
          <eventType>Timer</eventType>
          <eventActions>
            <eventAction>ChangeTimerDelay</eventAction>
            <eventAction>ResumeAnimationAndMove</eventAction>
            <eventAction>ChangeCustomCondition</eventAction>
          </eventActions>
          <whenCustomConditionIs>stoppped</whenCustomConditionIs>
          <newTimerDelay>1500</newTimerDelay>
          <newCustomCondition>running</newCustomCondition>
        </event>
        <defaultCustomCondition>running</defaultCustomCondition>
      </events>
      <left>180</left>
      <top>902</top>
      <speed>1</speed>
    </image>
    <image>
      <frames>
        <reUseTagFramesFromPreviousImage>true</reUseTagFramesFromPreviousImage>
        <framesAnimationSpeed>2</framesAnimationSpeed>
      </frames>
      <moveAnimation>
        <iniLeft>242</iniLeft>
        <maxLeft>432</maxLeft>
        <pixelsMoveLeft>-4</pixelsMoveLeft>
      </moveAnimation>
      <imageTimer>
        <timerDelay>2000</timerDelay>
      </imageTimer>
      <events>
        <event>
          <eventType>MoveAnimationMaxRightReached</eventType>
          <eventActions>
            <eventAction>FlipImage</eventAction>
          </eventActions>
        </event>
        <event>
          <eventType>MoveAnimationMaxLeftReached</eventType>
          <eventActions>
            <eventAction>FlipImage</eventAction>
          </eventActions>
        </event>
        <event>
          <eventType>Timer</eventType>
          <eventActions>
            <eventAction>ChangeTimerDelay</eventAction>
            <eventAction>StopAnimationAndMove</eventAction>
            <eventAction>ChangeCustomCondition</eventAction>
          </eventActions>
          <whenCustomConditionIs>running</whenCustomConditionIs>
          <newTimerDelay>500</newTimerDelay>
          <newCustomCondition>stoppped</newCustomCondition>
        </event>
        <event>
          <eventType>Timer</eventType>
          <eventActions>
            <eventAction>ChangeTimerDelay</eventAction>
            <eventAction>ResumeAnimationAndMove</eventAction>
            <eventAction>ChangeCustomCondition</eventAction>
          </eventActions>
          <whenCustomConditionIs>stoppped</whenCustomConditionIs>
          <newTimerDelay>1500</newTimerDelay>
          <newCustomCondition>running</newCustomCondition>
        </event>
        <defaultCustomCondition>running</defaultCustomCondition>
      </events>
      <left>300</left>
      <top>970</top>
      <speed>1</speed>
      <flipImage>Horizontal</flipImage>
    </image>
    <image>
      <frames>
        <reUseTagFramesFromPreviousImage>true</reUseTagFramesFromPreviousImage>
        <framesAnimationSpeed>2</framesAnimationSpeed>
      </frames>
      <moveAnimation>
        <iniLeft>648</iniLeft>
        <maxLeft>814</maxLeft>
        <pixelsMoveLeft>4</pixelsMoveLeft>
      </moveAnimation>
      <imageTimer>
        <timerDelay>3000</timerDelay>
      </imageTimer>
      <events>
        <event>
          <eventType>MoveAnimationMaxRightReached</eventType>
          <eventActions>
            <eventAction>FlipImage</eventAction>
          </eventActions>
        </event>
        <event>
          <eventType>MoveAnimationMaxLeftReached</eventType>
          <eventActions>
            <eventAction>FlipImage</eventAction>
          </eventActions>
        </event>
        <event>
          <eventType>Timer</eventType>
          <eventActions>
            <eventAction>ChangeTimerDelay</eventAction>
            <eventAction>StopAnimationAndMove</eventAction>
            <eventAction>ChangeCustomCondition</eventAction>
          </eventActions>
          <whenCustomConditionIs>running</whenCustomConditionIs>
          <newTimerDelay>500</newTimerDelay>
          <newCustomCondition>stoppped</newCustomCondition>
        </event>
        <event>
          <eventType>Timer</eventType>
          <eventActions>
            <eventAction>ChangeTimerDelay</eventAction>
            <eventAction>ResumeAnimationAndMove</eventAction>
            <eventAction>ChangeCustomCondition</eventAction>
          </eventActions>
          <whenCustomConditionIs>stoppped</whenCustomConditionIs>
          <newTimerDelay>1500</newTimerDelay>
          <newCustomCondition>running</newCustomCondition>
        </event>
        <defaultCustomCondition>running</defaultCustomCondition>
      </events>
      <left>700</left>
      <top>710</top>
      <speed>1</speed>
    </image>
    <image>
      <frames>
        <reUseTagFramesFromPreviousImage>true</reUseTagFramesFromPreviousImage>
        <framesAnimationSpeed>2</framesAnimationSpeed>
      </frames>
      <moveAnimation>
        <iniLeft>708</iniLeft>
        <maxLeft>810</maxLeft>
        <pixelsMoveLeft>-4</pixelsMoveLeft>
      </moveAnimation>
      <imageTimer>
        <timerDelay>500</timerDelay>
      </imageTimer>
      <events>
        <event>
          <eventType>MoveAnimationMaxRightReached</eventType>
          <eventActions>
            <eventAction>FlipImage</eventAction>
          </eventActions>
        </event>
        <event>
          <eventType>MoveAnimationMaxLeftReached</eventType>
          <eventActions>
            <eventAction>FlipImage</eventAction>
          </eventActions>
        </event>
        <event>
          <eventType>Timer</eventType>
          <eventActions>
            <eventAction>ChangeTimerDelay</eventAction>
            <eventAction>StopAnimationAndMove</eventAction>
            <eventAction>ChangeCustomCondition</eventAction>
          </eventActions>
          <whenCustomConditionIs>running</whenCustomConditionIs>
          <newTimerDelay>500</newTimerDelay>
          <newCustomCondition>stoppped</newCustomCondition>
        </event>
        <event>
          <eventType>Timer</eventType>
          <eventActions>
            <eventAction>ChangeTimerDelay</eventAction>
            <eventAction>ResumeAnimationAndMove</eventAction>
            <eventAction>ChangeCustomCondition</eventAction>
          </eventActions>
          <whenCustomConditionIs>stoppped</whenCustomConditionIs>
          <newTimerDelay>1500</newTimerDelay>
          <newCustomCondition>running</newCustomCondition>
        </event>
        <defaultCustomCondition>running</defaultCustomCondition>
      </events>
      <left>790</left>
      <top>837</top>
      <speed>1</speed>
      <flipImage>Horizontal</flipImage>
    </image>
    <image>
      <frames>
        <frameCollection>
          <frame>
            <fileName>menemi1a.png</fileName>
          </frame>
          <frame>
            <fileName>menemi1a.png</fileName>
            <applyAlterationsToThisFrame>
              <alterationsToDo>FlipHorizontal</alterationsToDo>
            </applyAlterationsToThisFrame>
          </frame>
        </frameCollection>
        <frameCollection>
          <frame>
            <fileName>menemi3a.png</fileName>
          </frame>
          <frame>
            <fileName>menemi3a.png</fileName>
            <applyAlterationsToThisFrame>
              <alterationsToDo>FlipHorizontal</alterationsToDo>
            </applyAlterationsToThisFrame>
          </frame>
        </frameCollection>
        <framesAnimationSpeed>2</framesAnimationSpeed>
      </frames>
      <moveAnimation>
        <iniTop>788</iniTop>
        <maxTop>878</maxTop>
        <pixelsMoveTop>4</pixelsMoveTop>
      </moveAnimation>
      <imageTimer>
        <timerDelay>2500</timerDelay>
      </imageTimer>
      <events>
        <event>
          <eventType>MoveAnimationMaxTopReached</eventType>
          <eventActions>
            <eventAction>ChangeFrameCollection</eventAction>
          </eventActions>
          <changeFrameCollectionIndexTo>0</changeFrameCollectionIndexTo>
        </event>
        <event>
          <eventType>MoveAnimationMaxBottomReached</eventType>
          <eventActions>
            <eventAction>ChangeFrameCollection</eventAction>
          </eventActions>
          <changeFrameCollectionIndexTo>1</changeFrameCollectionIndexTo>
        </event>
        <event>
          <eventType>Timer</eventType>
          <eventActions>
            <eventAction>ChangeTimerDelay</eventAction>
            <eventAction>StopAnimationAndMove</eventAction>
            <eventAction>ChangeCustomCondition</eventAction>
          </eventActions>
          <whenCustomConditionIs>running</whenCustomConditionIs>
          <newTimerDelay>500</newTimerDelay>
          <newCustomCondition>stoppped</newCustomCondition>
        </event>
        <event>
          <eventType>Timer</eventType>
          <eventActions>
            <eventAction>ChangeTimerDelay</eventAction>
            <eventAction>ResumeAnimationAndMove</eventAction>
            <eventAction>ChangeCustomCondition</eventAction>
          </eventActions>
          <whenCustomConditionIs>stoppped</whenCustomConditionIs>
          <newTimerDelay>1500</newTimerDelay>
          <newCustomCondition>running</newCustomCondition>
        </event>
        <defaultCustomCondition>running</defaultCustomCondition>
      </events>
      <left>104</left>
      <top>800</top>
      <speed>1</speed>
    </image>
    <image>
      <frames>
        <reUseTagFramesFromPreviousImage>true</reUseTagFramesFromPreviousImage>
        <framesAnimationSpeed>2</framesAnimationSpeed>
      </frames>
      <moveAnimation>
        <iniTop>44</iniTop>
        <maxTop>294</maxTop>
        <pixelsMoveTop>4</pixelsMoveTop>
      </moveAnimation>
      <imageTimer>
        <timerDelay>100</timerDelay>
      </imageTimer>
      <events>
        <event>
          <eventType>MoveAnimationMaxTopReached</eventType>
          <eventActions>
            <eventAction>ChangeFrameCollection</eventAction>
          </eventActions>
          <changeFrameCollectionIndexTo>0</changeFrameCollectionIndexTo>
        </event>
        <event>
          <eventType>MoveAnimationMaxBottomReached</eventType>
          <eventActions>
            <eventAction>ChangeFrameCollection</eventAction>
          </eventActions>
          <changeFrameCollectionIndexTo>1</changeFrameCollectionIndexTo>
        </event>
        <event>
          <eventType>Timer</eventType>
          <eventActions>
            <eventAction>ChangeTimerDelay</eventAction>
            <eventAction>StopAnimationAndMove</eventAction>
            <eventAction>ChangeCustomCondition</eventAction>
          </eventActions>
          <whenCustomConditionIs>running</whenCustomConditionIs>
          <newTimerDelay>500</newTimerDelay>
          <newCustomCondition>stoppped</newCustomCondition>
        </event>
        <event>
          <eventType>Timer</eventType>
          <eventActions>
            <eventAction>ChangeTimerDelay</eventAction>
            <eventAction>ResumeAnimationAndMove</eventAction>
            <eventAction>ChangeCustomCondition</eventAction>
          </eventActions>
          <whenCustomConditionIs>stoppped</whenCustomConditionIs>
          <newTimerDelay>1500</newTimerDelay>
          <newCustomCondition>running</newCustomCondition>
        </event>
        <defaultCustomCondition>running</defaultCustomCondition>
      </events>
      <left>614</left>
      <top>44</top>
      <speed>1</speed>
    </image>
    <image>
      <frames>
        <reUseTagFramesFromPreviousImage>true</reUseTagFramesFromPreviousImage>
        <framesAnimationSpeed>2</framesAnimationSpeed>
      </frames>
      <moveAnimation>
        <iniTop>802</iniTop>
        <maxTop>852</maxTop>
        <pixelsMoveTop>4</pixelsMoveTop>
      </moveAnimation>
      <imageTimer>
        <timerDelay>7000</timerDelay>
      </imageTimer>
      <events>
        <event>
          <eventType>MoveAnimationMaxTopReached</eventType>
          <eventActions>
            <eventAction>ChangeFrameCollection</eventAction>
          </eventActions>
          <changeFrameCollectionIndexTo>0</changeFrameCollectionIndexTo>
        </event>
        <event>
          <eventType>MoveAnimationMaxBottomReached</eventType>
          <eventActions>
            <eventAction>ChangeFrameCollection</eventAction>
          </eventActions>
          <changeFrameCollectionIndexTo>1</changeFrameCollectionIndexTo>
        </event>
        <event>
          <eventType>Timer</eventType>
          <eventActions>
            <eventAction>ChangeTimerDelay</eventAction>
            <eventAction>StopAnimationAndMove</eventAction>
            <eventAction>ChangeCustomCondition</eventAction>
          </eventActions>
          <whenCustomConditionIs>running</whenCustomConditionIs>
          <newTimerDelay>500</newTimerDelay>
          <newCustomCondition>stoppped</newCustomCondition>
        </event>
        <event>
          <eventType>Timer</eventType>
          <eventActions>
            <eventAction>ChangeTimerDelay</eventAction>
            <eventAction>ResumeAnimationAndMove</eventAction>
            <eventAction>ChangeCustomCondition</eventAction>
          </eventActions>
          <whenCustomConditionIs>stoppped</whenCustomConditionIs>
          <newTimerDelay>1500</newTimerDelay>
          <newCustomCondition>running</newCustomCondition>
        </event>
        <defaultCustomCondition>running</defaultCustomCondition>
      </events>
      <left>830</left>
      <top>830</top>
      <speed>1</speed>
    </image>
  </images>
</doc>
