<?xml version="1.0"?>
<doc>
  <basic type="animations">
    <screenCanvasResolution>
      <width>256</width>
      <height>1280</height>
    </screenCanvasResolution>
    <canvasResolution>
      <maxWidth>256</maxWidth>
      <maxHeight>1280</maxHeight>
    </canvasResolution>
    <bgColor>#00ffffff</bgColor>
    <postEffects>
      <effect>
        <effectName>mode7snes</effectName>
        <profile>ffvi</profile>
      </effect>
    </postEffects>
  </basic>
  <images>
    <image>
      <fileName>ff3map.png</fileName>
      <moveEndLessAnimation>
        <direction>Down</direction>
        <pixelsMove>1</pixelsMove>
      </moveEndLessAnimation>
      <left>0</left>
      <top>0</top>
      <speed>3</speed>
    </image>
  </images>
</doc>
