<?xml version="1.0"?>
<doc>
  <basic type="animations">
    <screenCanvasResolution>
      <width>832</width>
      <height>528</height>
    </screenCanvasResolution>
    <canvasResolution>
      <maxWidth>832</maxWidth>
      <maxHeight>528</maxHeight>
    </canvasResolution>
    <bgColor>#00000000</bgColor>
  </basic>
  <images>
    <image>
      <fileName>map.png</fileName>
    </image>
    <image>
      <frames>
        <frame>
          <fileName>watera1.png</fileName>
        </frame>
        <frame>
          <fileName>watera2.png</fileName>
        </frame>
        <frame>
          <fileName>watera3.png</fileName>
        </frame>
        <frame>
          <fileName></fileName>
        </frame>
      </frames>
      <speed>6</speed>
      <left>16</left>
      <top>400</top>
    </image>
    <image>
      <frames>
        <frame>
          <fileName>waterb1.png</fileName>
        </frame>
        <frame>
          <fileName>waterb2.png</fileName>
        </frame>
        <frame>
          <fileName>waterb3.png</fileName>
        </frame>
        <frame>
          <fileName></fileName>
        </frame>
      </frames>
      <speed>6</speed>
      <left>304</left>
      <top>432</top>
    </image>
    <image>
      <frames>
        <frame>
          <fileName>waterc1.png</fileName>
        </frame>
        <frame>
          <fileName>waterc2.png</fileName>
        </frame>
        <frame>
          <fileName>waterc3.png</fileName>
        </frame>
        <frame>
          <fileName></fileName>
        </frame>
      </frames>
      <speed>6</speed>
      <left>624</left>
      <top>432</top>
    </image>
    <image>
      <frames>
        <frame>
          <fileName>waterd1.png</fileName>
        </frame>
        <frame>
          <fileName>waterd2.png</fileName>
        </frame>
        <frame>
          <fileName>waterd3.png</fileName>
        </frame>
        <frame>
          <fileName></fileName>
        </frame>
      </frames>
      <speed>6</speed>
      <left>384</left>
      <top>0</top>
    </image>
    <image>
      <frames>
        <frame>
          <fileName from="zdxMabe">f1.png</fileName>
        </frame>
        <frame>
          <fileName from="zdxMabe">f2.png</fileName>
        </frame>
        <frame>
          <fileName from="zdxMabe">f3.png</fileName>
        </frame>
        <frame>
          <fileName from="zdxMabe">f4.png</fileName>
        </frame>
      </frames>
      <coordinates>
        97;416,145;464,241;352,273;400,289;384,305;304,449;416,465;496,545;0,609;336,641;336,673;416,673;480,705;272,737;256,753;368,753;464,769;416,801;368,817;32,657;304
      </coordinates>
      <speed>6</speed>
    </image>
    <image>
      <frames>
        <frame>
          <fileName>mermaid1.png</fileName>
        </frame>
        <frame>
          <fileName>mermaid2.png</fileName>
        </frame>
        <frame>
          <fileName>mermaid3.png</fileName>
        </frame>
        <returnBackwardToFirstFrame>true</returnBackwardToFirstFrame>
      </frames>
      <speed>5</speed>
      <left>592</left>
      <top>80</top>
    </image>
    <image>
      <frames>
        <frameCollection>
          <frame>
            <fileName>ene2d.png</fileName>
          </frame>
          <frame>
            <fileName>ene2d.png</fileName>
            <applyAlterationsToThisFrame>
              <alterationsToDo>FlipHorizontal</alterationsToDo>
            </applyAlterationsToThisFrame>
          </frame>
        </frameCollection>
        <frameCollection>
          <frame>
            <fileName>ene2c.png</fileName>
          </frame>
          <frame>
            <fileName>ene2c.png</fileName>
            <applyAlterationsToThisFrame>
              <alterationsToDo>FlipHorizontal</alterationsToDo>
            </applyAlterationsToThisFrame>
          </frame>
        </frameCollection>
        <framesAnimationSpeed>3</framesAnimationSpeed>
        <!--<defaultFrameCollection>1</defaultFrameCollection>-->
      </frames>
      <moveAnimation>
        <iniTop>64</iniTop>
        <maxTop>112</maxTop>
        <pixelsMoveTop>2</pixelsMoveTop>
      </moveAnimation>
      <imageTimer>
        <timerDelay>300</timerDelay>
      </imageTimer>
      <events>
        <event>
          <eventType>MoveAnimationMaxTopReached</eventType>
          <eventActions>
            <eventAction>ChangeFrameCollection</eventAction>
          </eventActions>
          <changeFrameCollectionIndexTo>0</changeFrameCollectionIndexTo>
        </event>
        <event>
          <eventType>MoveAnimationMaxBottomReached</eventType>
          <eventActions>
            <eventAction>ChangeFrameCollection</eventAction>
          </eventActions>
          <changeFrameCollectionIndexTo>1</changeFrameCollectionIndexTo>
        </event>
        <event>
          <eventType>Timer</eventType>
          <eventActions>
            <eventAction>ChangeTimerDelay</eventAction>
            <eventAction>StopAnimationAndMove</eventAction>
            <eventAction>ChangeCustomCondition</eventAction>
          </eventActions>
          <whenCustomConditionIs>running</whenCustomConditionIs>
          <newTimerDelay>300</newTimerDelay>
          <newCustomCondition>stoppped</newCustomCondition>
        </event>
        <event>
          <eventType>Timer</eventType>
          <eventActions>
            <eventAction>ChangeTimerDelay</eventAction>
            <eventAction>ResumeAnimationAndMove</eventAction>
            <eventAction>ChangeCustomCondition</eventAction>
          </eventActions>
          <whenCustomConditionIs>stoppped</whenCustomConditionIs>
          <newTimerDelay>800</newTimerDelay>
          <newCustomCondition>running</newCustomCondition>
        </event>
        <defaultCustomCondition>running</defaultCustomCondition>
      </events>
      <left>399</left>
      <top>70</top>
      <speed>1</speed>
    </image>
    <image>
      <frames>
        <frame>
          <fileName>ene2a.png</fileName>
        </frame>
        <frame>
          <fileName>ene2b.png</fileName>
        </frame>
        <framesAnimationSpeed>3</framesAnimationSpeed>
      </frames>
      <moveAnimation>
        <iniLeft>336</iniLeft>
        <maxLeft>414</maxLeft>
        <pixelsMoveLeft>2</pixelsMoveLeft>
      </moveAnimation>
      <imageTimer>
        <timerDelay>1500</timerDelay>
      </imageTimer>
      <events>
        <event>
          <eventType>MoveAnimationMaxLeftReached</eventType>
          <eventActions>
            <eventAction>FlipImage</eventAction>
          </eventActions>
        </event>
        <event>
          <eventType>MoveAnimationMaxRightReached</eventType>
          <eventActions>
            <eventAction>FlipImage</eventAction>
            <eventAction>ChangeTimerDelay</eventAction>
            <eventAction>StopAnimationAndMove</eventAction>
            <eventAction>ChangeCustomCondition</eventAction>
          </eventActions>
          <newTimerDelay>400</newTimerDelay>
          <newCustomCondition>stoppped</newCustomCondition>
        </event>
        <event>
          <eventType>MoveAnimationMaxRightReached</eventType>
          <eventActions>
            <eventAction>EnableByID</eventAction>
          </eventActions>
          <ids>arrowa</ids>
        </event>
        <event>
          <eventType>Timer</eventType>
          <eventActions>
            <eventAction>ChangeTimerDelay</eventAction>
            <eventAction>StopAnimationAndMove</eventAction>
            <eventAction>ChangeCustomCondition</eventAction>
          </eventActions>
          <whenCustomConditionIs>running</whenCustomConditionIs>
          <newTimerDelay>400</newTimerDelay>
          <newCustomCondition>stoppped</newCustomCondition>
        </event>
        <event>
          <eventType>Timer</eventType>
          <eventActions>
            <eventAction>ChangeTimerDelay</eventAction>
            <eventAction>ResumeAnimationAndMove</eventAction>
            <eventAction>ChangeCustomCondition</eventAction>
          </eventActions>
          <whenCustomConditionIs>stoppped</whenCustomConditionIs>
          <newTimerDelay>900</newTimerDelay>
          <newCustomCondition>running</newCustomCondition>
        </event>
        <defaultCustomCondition>running</defaultCustomCondition>
      </events>
      <left>340</left>
      <top>126</top>
      <speed>1</speed>
    </image>
    <image>
      <frames>
        <frameCollection>
          <frame>
            <fileName>arrow1.png</fileName>
          </frame>
        </frameCollection>
        <frameCollection>
          <convertImageSequenceInFrames>
            <filePreName>arrow</filePreName>
            <startNumber>2</startNumber>
            <endNumber>11</endNumber>
            <fileNameExtension>png</fileNameExtension>
          </convertImageSequenceInFrames>
        </frameCollection>
        <!--<defaultFrameCollection>1</defaultFrameCollection>-->
      </frames>
      <disableImage>true</disableImage>
      <moveAnimation>
        <iniLeft>336</iniLeft>
        <maxLeft>407</maxLeft>
        <pixelsMoveLeft>-4</pixelsMoveLeft>
      </moveAnimation>
      <events>
        <event>
          <eventType>MoveAnimationMaxLeftReached</eventType>
          <eventActions>
            <eventAction>StopMove</eventAction>
            <eventAction>ChangeFrameCollection</eventAction>
          </eventActions>
          <changeFrameCollectionIndexTo>1</changeFrameCollectionIndexTo>
        </event>
        <event>
          <eventType>FrameAnimationLoopEnds</eventType>
          <eventActions>
            <eventAction>ChangeFrameCollection</eventAction>
            <eventAction>ResumeMove</eventAction>
            <eventAction>DisableImage</eventAction>
            <eventAction>EditPosition</eventAction>
          </eventActions>
          <changeFrameCollectionIndexTo>0</changeFrameCollectionIndexTo>
          <newCoordinates>407;119</newCoordinates>
          <whenFrameCollectionIndexIs>1</whenFrameCollectionIndexIs>
        </event>
      </events>
      <id>arrowa</id>
      <left>407</left>
      <top>119</top>
      <speed>1</speed>
      <flipImage>Horizontal</flipImage>
    </image>
    <image>
      <frames>
        <frameCollection>
          <frame>
            <fileName>ene1a.png</fileName>
          </frame>
          <frame>
            <fileName>ene1b.png</fileName>
          </frame>
          <frame>
            <fileName>ene1c.png</fileName>
          </frame>
          <frame>
            <fileName>ene1b.png</fileName>
          </frame>
        </frameCollection>
        <frameCollection>
          <convertImageSequenceInFrames>
            <filePreName>ene1s</filePreName>
            <startNumber>1</startNumber>
            <endNumber>13</endNumber>
            <fileNameExtension>png</fileNameExtension>
          </convertImageSequenceInFrames>
        </frameCollection>
      </frames>
      <moveAnimation>
        <iniLeft>306</iniLeft>
        <iniTop>142</iniTop>
        <maxLeft>382</maxLeft>
        <maxTop>174</maxTop>
        <pixelsMoveLeft>-2</pixelsMoveLeft>
        <pixelsMoveTop>1</pixelsMoveTop>
        <moveAnimationSpeed>1</moveAnimationSpeed>
      </moveAnimation>
      <imageTimer>
        <timerDelay>3000</timerDelay>
      </imageTimer>
      <events>
        <event>
          <eventType>MoveAnimationMaxRightReached</eventType>
          <eventActions>
            <eventAction>FlipImage</eventAction>
          </eventActions>
        </event>
        <event>
          <eventType>MoveAnimationMaxLeftReached</eventType>
          <eventActions>
            <eventAction>FlipImage</eventAction>
          </eventActions>
        </event>

        <event>
          <eventType>Timer</eventType>
          <eventActions>
            <eventAction>ChangeFrameCollection</eventAction>
            <eventAction>StopMove</eventAction>
            <eventAction>ChangeSpeedAnimationForFrames</eventAction>
          </eventActions>
          <newSpeedAnimationForFrames>1</newSpeedAnimationForFrames>
          <changeFrameCollectionIndexTo>1</changeFrameCollectionIndexTo>
          <whenFrameCollectionIndexIs>0</whenFrameCollectionIndexIs>
        </event>
        <event>
          <eventType>FrameAnimationLoopEnds</eventType>
          <eventActions>
            <eventAction>ChangeFrameCollection</eventAction>
            <eventAction>ResumeMove</eventAction>
            <eventAction>ChangeSpeedAnimationForFrames</eventAction>
          </eventActions>
          <changeFrameCollectionIndexTo>0</changeFrameCollectionIndexTo>
          <whenFrameCollectionIndexIs>1</whenFrameCollectionIndexIs>
          <newSpeedAnimationForFrames>2</newSpeedAnimationForFrames>
        </event>
      </events>
      <left>370</left>
      <top>150</top>
      <speed>2</speed>
      <flipImage>Horizontal</flipImage>
    </image>
    <image>
      <frames>
        <frame>
          <fileName>ene3b.png</fileName>
        </frame>
        <frame>
          <fileName>ene3a.png</fileName>
        </frame>
        <frame>
          <fileName>ene3b.png</fileName>
          <applyAlterationsToThisFrame>
            <alterationsToDo>FlipHorizontal</alterationsToDo>
          </applyAlterationsToThisFrame>
        </frame>
        <frame>
          <fileName>ene3a.png</fileName>
        </frame>
        <framesAnimationSpeed>3</framesAnimationSpeed>
      </frames>
      <moveAnimation>
        <iniLeft>400</iniLeft>
        <iniTop>320</iniTop>
        <maxLeft>420</maxLeft>
        <maxTop>400</maxTop>
        <pixelsMoveTop>-2</pixelsMoveTop>
        <pixelsMoveLeft>-1</pixelsMoveLeft>
      </moveAnimation>
      <left>410</left>
      <top>390</top>
      <speed>2</speed>
    </image>
    <image>
      <frames>
        <reUseTagFramesFromPreviousImage>true</reUseTagFramesFromPreviousImage>
        <framesAnimationSpeed>3</framesAnimationSpeed>
      </frames>
      <moveAnimation>
        <iniLeft>320</iniLeft>
        <iniTop>368</iniTop>
        <maxLeft>394</maxLeft>
        <maxTop>400</maxTop>
        <pixelsMoveTop>-1</pixelsMoveTop>
        <pixelsMoveLeft>2</pixelsMoveLeft>
      </moveAnimation>
      <left>322</left>
      <top>380</top>
      <speed>2</speed>
    </image>
    <image>
      <frames>
        <reUseTagFramesFromPreviousImage>true</reUseTagFramesFromPreviousImage>
        <framesAnimationSpeed>3</framesAnimationSpeed>
      </frames>
      <moveAnimation>
        <iniLeft>656</iniLeft>
        <iniTop>382</iniTop>
        <maxLeft>674</maxLeft>
        <maxTop>432</maxTop>
        <pixelsMoveTop>2</pixelsMoveTop>
        <pixelsMoveLeft>1</pixelsMoveLeft>
      </moveAnimation>
      <left>660</left>
      <top>410</top>
      <speed>2</speed>
    </image>
    <image>
      <frames>
        <reUseTagFramesFromPreviousImage>true</reUseTagFramesFromPreviousImage>
        <framesAnimationSpeed>3</framesAnimationSpeed>
      </frames>
      <moveAnimation>
        <iniLeft>719</iniLeft>
        <iniTop>368</iniTop>
        <maxLeft>771</maxLeft>
        <maxTop>400</maxTop>
        <pixelsMoveTop>-1</pixelsMoveTop>
        <pixelsMoveLeft>-2</pixelsMoveLeft>
      </moveAnimation>
      <left>730</left>
      <top>380</top>
      <speed>2</speed>
    </image>
    <image>
      <frames>
        <frame>
          <fileName>ene3bb.png</fileName>
        </frame>
        <frame>
          <fileName>ene3aa.png</fileName>
        </frame>
        <frame>
          <fileName>ene3bb.png</fileName>
          <applyAlterationsToThisFrame>
            <alterationsToDo>FlipHorizontal</alterationsToDo>
          </applyAlterationsToThisFrame>
        </frame>
        <frame>
          <fileName>ene3aa.png</fileName>
        </frame>
        <framesAnimationSpeed>3</framesAnimationSpeed>
      </frames>
      <moveAnimation>
        <iniLeft>116</iniLeft>
        <iniTop>288</iniTop>
        <maxLeft>238</maxLeft>
        <maxTop>304</maxTop>
        <pixelsMoveTop>1</pixelsMoveTop>
        <pixelsMoveLeft>2</pixelsMoveLeft>
      </moveAnimation>
      <left>120</left>
      <top>290</top>
      <speed>2</speed>
    </image>

    <image>
      <frames>
        <frameCollection>
          <frame>
            <fileName>sora1.png</fileName>
            <delay>1</delay>
          </frame>
          <frame>
            <fileName>sora1.png</fileName>
            <applyAlterationsToThisFrame>
              <alterationsToDo>FlipHorizontal</alterationsToDo>
            </applyAlterationsToThisFrame>
          </frame>
          <repeatThisLoopForTimes>6</repeatThisLoopForTimes>
        </frameCollection>
        <frameCollection>
          <frame>
            <fileName>sora2.png</fileName>
            <delay>12</delay>
          </frame>
          <frame>
            <fileName>sora3.png</fileName>
            <delay>9</delay>
          </frame>
          <frame>
            <fileName>sora2.png</fileName>
            <delay>12</delay>
          </frame>
          <frame>
            <fileName>sora4.png</fileName>
            <delay>4</delay>
          </frame>
          <frame>
            <fileName>sora5.png</fileName>
          </frame>
          <frame>
            <fileName></fileName>
          </frame>
        </frameCollection>
      </frames>
      <moveAnimation>
        <iniTop>426</iniTop>
        <maxTop>428</maxTop>
        <pixelsMoveTop>1</pixelsMoveTop>
        <moveAnimationSpeed>12</moveAnimationSpeed>
        <moveAnimationStop>true</moveAnimationStop>
      </moveAnimation>
      <events>
        <event>
          <eventType>FrameAnimationRepeatLoopEnds</eventType>
          <eventActions>
            <eventAction>ChangeFrameCollection</eventAction>
            <eventAction>ResumeMove</eventAction>
          </eventActions>
          <changeFrameCollectionIndexTo>1</changeFrameCollectionIndexTo>
        </event>
        <event>
          <eventType>TriggerActionByCurrentFrame</eventType>
          <eventActions>
            <eventAction>EditAnimationByID</eventAction>
          </eventActions>
          <editAnimationByIDOptions>
            <option>
              <imageID>zoraball1</imageID>
              <editActions>
                <editAction>ResumeMove</editAction>
                <editAction>ChangeVisibleValue</editAction>
              </editActions>
              <newVisibleValue>true</newVisibleValue>
            </option>
          </editAnimationByIDOptions>
          <whenCurrentFrameIndexIs>1</whenCurrentFrameIndexIs>
          <whenFrameCollectionIndexIs>1</whenFrameCollectionIndexIs>
        </event>
        <event>
          <eventType>TriggerActionByCurrentFrame</eventType>
          <eventActions>
            <eventAction>StopMove</eventAction>
          </eventActions>
          <whenCurrentFrameIndexIs>3</whenCurrentFrameIndexIs>
          <whenFrameCollectionIndexIs>1</whenFrameCollectionIndexIs>
        </event>
        <event>
          <eventType>FrameAnimationLoopEnds</eventType>
          <eventActions>
            <eventAction>ChangeFrameCollection</eventAction>
            <eventAction>DisableImage</eventAction>
          </eventActions>
          <changeFrameCollectionIndexTo>0</changeFrameCollectionIndexTo>
          <whenFrameCollectionIndexIs>1</whenFrameCollectionIndexIs>
        </event>
      </events>
      <left>342</left>
      <top>428</top>
      <speed>2</speed>
      <id>Zora</id>
    </image>


    <image>
      <frames>
        <reUseTagFramesFromPreviousImage>true</reUseTagFramesFromPreviousImage>
      </frames>
      <moveAnimation>
        <iniTop>270</iniTop>
        <maxTop>272</maxTop>
        <pixelsMoveTop>1</pixelsMoveTop>
        <moveAnimationSpeed>12</moveAnimationSpeed>
        <moveAnimationStop>true</moveAnimationStop>
      </moveAnimation>
      <events>
        <event>
          <eventType>FrameAnimationRepeatLoopEnds</eventType>
          <eventActions>
            <eventAction>ChangeFrameCollection</eventAction>
            <eventAction>ResumeMove</eventAction>
          </eventActions>
          <changeFrameCollectionIndexTo>1</changeFrameCollectionIndexTo>
        </event>
        <event>
          <eventType>TriggerActionByCurrentFrame</eventType>
          <eventActions>
            <eventAction>EditAnimationByID</eventAction>
          </eventActions>
          <editAnimationByIDOptions>
            <option>
              <imageID>zoraball2</imageID>
              <editActions>
                <editAction>ResumeMove</editAction>
                <editAction>ChangeVisibleValue</editAction>
              </editActions>
              <newVisibleValue>true</newVisibleValue>
            </option>
          </editAnimationByIDOptions>
          <whenCurrentFrameIndexIs>1</whenCurrentFrameIndexIs>
          <whenFrameCollectionIndexIs>1</whenFrameCollectionIndexIs>
        </event>
        <event>
          <eventType>TriggerActionByCurrentFrame</eventType>
          <eventActions>
            <eventAction>StopMove</eventAction>
          </eventActions>
          <whenCurrentFrameIndexIs>3</whenCurrentFrameIndexIs>
          <whenFrameCollectionIndexIs>1</whenFrameCollectionIndexIs>
        </event>
        <event>
          <eventType>FrameAnimationLoopEnds</eventType>
          <eventActions>
            <eventAction>ChangeFrameCollection</eventAction>
            <eventAction>DisableImage</eventAction>
          </eventActions>
          <changeFrameCollectionIndexTo>0</changeFrameCollectionIndexTo>
          <whenFrameCollectionIndexIs>1</whenFrameCollectionIndexIs>
        </event>
      </events>
      <left>424</left>
      <top>270</top>
      <speed>2</speed>
      <id>Zora2</id>
    </image>



    <image>
      <frames>
        <reUseTagFramesFromPreviousImage>true</reUseTagFramesFromPreviousImage>
      </frames>
      <moveAnimation>
        <iniTop>7</iniTop>
        <maxTop>9</maxTop>
        <pixelsMoveTop>1</pixelsMoveTop>
        <moveAnimationSpeed>12</moveAnimationSpeed>
        <moveAnimationStop>true</moveAnimationStop>
      </moveAnimation>
      <events>
        <event>
          <eventType>FrameAnimationRepeatLoopEnds</eventType>
          <eventActions>
            <eventAction>ChangeFrameCollection</eventAction>
            <eventAction>ResumeMove</eventAction>
          </eventActions>
          <changeFrameCollectionIndexTo>1</changeFrameCollectionIndexTo>
        </event>
        <event>
          <eventType>TriggerActionByCurrentFrame</eventType>
          <eventActions>
            <eventAction>EditAnimationByID</eventAction>
          </eventActions>
          <editAnimationByIDOptions>
            <option>
              <imageID>zoraball3</imageID>
              <editActions>
                <editAction>ResumeMove</editAction>
                <editAction>ChangeVisibleValue</editAction>
              </editActions>
              <newVisibleValue>true</newVisibleValue>
            </option>
          </editAnimationByIDOptions>
          <whenCurrentFrameIndexIs>1</whenCurrentFrameIndexIs>
          <whenFrameCollectionIndexIs>1</whenFrameCollectionIndexIs>
        </event>
        <event>
          <eventType>TriggerActionByCurrentFrame</eventType>
          <eventActions>
            <eventAction>StopMove</eventAction>
          </eventActions>
          <whenCurrentFrameIndexIs>3</whenCurrentFrameIndexIs>
          <whenFrameCollectionIndexIs>1</whenFrameCollectionIndexIs>
        </event>
        <event>
          <eventType>FrameAnimationLoopEnds</eventType>
          <eventActions>
            <eventAction>ChangeFrameCollection</eventAction>
            <eventAction>DisableImage</eventAction>
          </eventActions>
          <changeFrameCollectionIndexTo>0</changeFrameCollectionIndexTo>
          <whenFrameCollectionIndexIs>1</whenFrameCollectionIndexIs>
        </event>
      </events>
      <left>631</left>
      <top>7</top>
      <speed>2</speed>
      <id>Zora3</id>
    </image>

    <image>
      <frames>
        <reUseTagFramesFromPreviousImage>true</reUseTagFramesFromPreviousImage>
      </frames>
      <moveAnimation>
        <iniTop>68</iniTop>
        <maxTop>70</maxTop>
        <pixelsMoveTop>1</pixelsMoveTop>
        <moveAnimationSpeed>12</moveAnimationSpeed>
        <moveAnimationStop>true</moveAnimationStop>
      </moveAnimation>
      <events>
        <event>
          <eventType>FrameAnimationRepeatLoopEnds</eventType>
          <eventActions>
            <eventAction>ChangeFrameCollection</eventAction>
            <eventAction>ResumeMove</eventAction>
          </eventActions>
          <changeFrameCollectionIndexTo>1</changeFrameCollectionIndexTo>
        </event>
        <event>
          <eventType>TriggerActionByCurrentFrame</eventType>
          <eventActions>
            <eventAction>EditAnimationByID</eventAction>
          </eventActions>
          <editAnimationByIDOptions>
            <option>
              <imageID>zoraball4</imageID>
              <editActions>
                <editAction>ResumeMove</editAction>
                <editAction>ChangeVisibleValue</editAction>
              </editActions>
              <newVisibleValue>true</newVisibleValue>
            </option>
          </editAnimationByIDOptions>
          <whenCurrentFrameIndexIs>1</whenCurrentFrameIndexIs>
          <whenFrameCollectionIndexIs>1</whenFrameCollectionIndexIs>
        </event>
        <event>
          <eventType>TriggerActionByCurrentFrame</eventType>
          <eventActions>
            <eventAction>StopMove</eventAction>
          </eventActions>
          <whenCurrentFrameIndexIs>3</whenCurrentFrameIndexIs>
          <whenFrameCollectionIndexIs>1</whenFrameCollectionIndexIs>
        </event>
        <event>
          <eventType>FrameAnimationLoopEnds</eventType>
          <eventActions>
            <eventAction>ChangeFrameCollection</eventAction>
            <eventAction>DisableImage</eventAction>
          </eventActions>
          <changeFrameCollectionIndexTo>0</changeFrameCollectionIndexTo>
          <whenFrameCollectionIndexIs>1</whenFrameCollectionIndexIs>
        </event>
      </events>
      <left>719</left>
      <top>68</top>
      <speed>2</speed>
      <id>Zora4</id>
    </image>

    <image>
      <frames>
        <reUseTagFramesFromPreviousImage>true</reUseTagFramesFromPreviousImage>
      </frames>
      <moveAnimation>
        <iniTop>84</iniTop>
        <maxTop>86</maxTop>
        <pixelsMoveTop>1</pixelsMoveTop>
        <moveAnimationSpeed>12</moveAnimationSpeed>
        <moveAnimationStop>true</moveAnimationStop>
      </moveAnimation>
      <events>
        <event>
          <eventType>FrameAnimationRepeatLoopEnds</eventType>
          <eventActions>
            <eventAction>ChangeFrameCollection</eventAction>
            <eventAction>ResumeMove</eventAction>
          </eventActions>
          <changeFrameCollectionIndexTo>1</changeFrameCollectionIndexTo>
        </event>
        <event>
          <eventType>TriggerActionByCurrentFrame</eventType>
          <eventActions>
            <eventAction>EditAnimationByID</eventAction>
          </eventActions>
          <editAnimationByIDOptions>
            <option>
              <imageID>zoraball5</imageID>
              <editActions>
                <editAction>ResumeMove</editAction>
                <editAction>ChangeVisibleValue</editAction>
              </editActions>
              <newVisibleValue>true</newVisibleValue>
            </option>
          </editAnimationByIDOptions>
          <whenCurrentFrameIndexIs>1</whenCurrentFrameIndexIs>
          <whenFrameCollectionIndexIs>1</whenFrameCollectionIndexIs>
        </event>
        <event>
          <eventType>TriggerActionByCurrentFrame</eventType>
          <eventActions>
            <eventAction>StopMove</eventAction>
          </eventActions>
          <whenCurrentFrameIndexIs>3</whenCurrentFrameIndexIs>
          <whenFrameCollectionIndexIs>1</whenFrameCollectionIndexIs>
        </event>
        <event>
          <eventType>FrameAnimationLoopEnds</eventType>
          <eventActions>
            <eventAction>ChangeFrameCollection</eventAction>
            <eventAction>DisableImage</eventAction>
          </eventActions>
          <changeFrameCollectionIndexTo>0</changeFrameCollectionIndexTo>
          <whenFrameCollectionIndexIs>1</whenFrameCollectionIndexIs>
        </event>
      </events>
      <left>688</left>
      <top>84</top>
      <speed>2</speed>
      <id>Zora5</id>
    </image>











    <image>
      <frames>
        <reUseTagFramesFromPreviousImage>true</reUseTagFramesFromPreviousImage>
      </frames>
      <moveAnimation>
        <iniTop>155</iniTop>
        <maxTop>157</maxTop>
        <pixelsMoveTop>1</pixelsMoveTop>
        <moveAnimationSpeed>12</moveAnimationSpeed>
        <moveAnimationStop>true</moveAnimationStop>
      </moveAnimation>
      <events>
        <event>
          <eventType>FrameAnimationRepeatLoopEnds</eventType>
          <eventActions>
            <eventAction>ChangeFrameCollection</eventAction>
            <eventAction>ResumeMove</eventAction>
          </eventActions>
          <changeFrameCollectionIndexTo>1</changeFrameCollectionIndexTo>
        </event>
        <event>
          <eventType>TriggerActionByCurrentFrame</eventType>
          <eventActions>
            <eventAction>EditAnimationByID</eventAction>
          </eventActions>
          <editAnimationByIDOptions>
            <option>
              <imageID>zoraball6</imageID>
              <editActions>
                <editAction>ResumeMove</editAction>
                <editAction>ChangeVisibleValue</editAction>
              </editActions>
              <newVisibleValue>true</newVisibleValue>
            </option>
          </editAnimationByIDOptions>
          <whenCurrentFrameIndexIs>1</whenCurrentFrameIndexIs>
          <whenFrameCollectionIndexIs>1</whenFrameCollectionIndexIs>
        </event>
        <event>
          <eventType>TriggerActionByCurrentFrame</eventType>
          <eventActions>
            <eventAction>StopMove</eventAction>
          </eventActions>
          <whenCurrentFrameIndexIs>3</whenCurrentFrameIndexIs>
          <whenFrameCollectionIndexIs>1</whenFrameCollectionIndexIs>
        </event>
        <event>
          <eventType>FrameAnimationLoopEnds</eventType>
          <eventActions>
            <eventAction>ChangeFrameCollection</eventAction>
            <eventAction>DisableImage</eventAction>
          </eventActions>
          <changeFrameCollectionIndexTo>0</changeFrameCollectionIndexTo>
          <whenFrameCollectionIndexIs>1</whenFrameCollectionIndexIs>
        </event>
      </events>
      <left>679</left>
      <top>155</top>
      <speed>2</speed>
      <id>Zora6</id>
    </image>




    <image>
      <frames>
        <reUseTagFramesFromPreviousImage>true</reUseTagFramesFromPreviousImage>
      </frames>
      <moveAnimation>
        <iniTop>291</iniTop>
        <maxTop>293</maxTop>
        <pixelsMoveTop>1</pixelsMoveTop>
        <moveAnimationSpeed>12</moveAnimationSpeed>
        <moveAnimationStop>true</moveAnimationStop>
      </moveAnimation>
      <events>
        <event>
          <eventType>FrameAnimationRepeatLoopEnds</eventType>
          <eventActions>
            <eventAction>ChangeFrameCollection</eventAction>
            <eventAction>ResumeMove</eventAction>
          </eventActions>
          <changeFrameCollectionIndexTo>1</changeFrameCollectionIndexTo>
        </event>
        <event>
          <eventType>TriggerActionByCurrentFrame</eventType>
          <eventActions>
            <eventAction>EditAnimationByID</eventAction>
          </eventActions>
          <editAnimationByIDOptions>
            <option>
              <imageID>zoraball7</imageID>
              <editActions>
                <editAction>ResumeMove</editAction>
                <editAction>ChangeVisibleValue</editAction>
              </editActions>
              <newVisibleValue>true</newVisibleValue>
            </option>
          </editAnimationByIDOptions>
          <whenCurrentFrameIndexIs>1</whenCurrentFrameIndexIs>
          <whenFrameCollectionIndexIs>1</whenFrameCollectionIndexIs>
        </event>
        <event>
          <eventType>TriggerActionByCurrentFrame</eventType>
          <eventActions>
            <eventAction>StopMove</eventAction>
          </eventActions>
          <whenCurrentFrameIndexIs>3</whenCurrentFrameIndexIs>
          <whenFrameCollectionIndexIs>1</whenFrameCollectionIndexIs>
        </event>
        <event>
          <eventType>FrameAnimationLoopEnds</eventType>
          <eventActions>
            <eventAction>ChangeFrameCollection</eventAction>
            <eventAction>DisableImage</eventAction>
          </eventActions>
          <changeFrameCollectionIndexTo>0</changeFrameCollectionIndexTo>
          <whenFrameCollectionIndexIs>1</whenFrameCollectionIndexIs>
        </event>
      </events>
      <left>781</left>
      <top>291</top>
      <speed>2</speed>
      <id>Zora7</id>
    </image>

    <image>
      <frames>
        <reUseTagFramesFromPreviousImage>true</reUseTagFramesFromPreviousImage>
      </frames>
      <moveAnimation>
        <iniTop>464</iniTop>
        <maxTop>466</maxTop>
        <pixelsMoveTop>1</pixelsMoveTop>
        <moveAnimationSpeed>12</moveAnimationSpeed>
        <moveAnimationStop>true</moveAnimationStop>
      </moveAnimation>
      <events>
        <event>
          <eventType>FrameAnimationRepeatLoopEnds</eventType>
          <eventActions>
            <eventAction>ChangeFrameCollection</eventAction>
            <eventAction>ResumeMove</eventAction>
          </eventActions>
          <changeFrameCollectionIndexTo>1</changeFrameCollectionIndexTo>
        </event>
        <event>
          <eventType>TriggerActionByCurrentFrame</eventType>
          <eventActions>
            <eventAction>EditAnimationByID</eventAction>
          </eventActions>
          <editAnimationByIDOptions>
            <option>
              <imageID>zoraball8</imageID>
              <editActions>
                <editAction>ResumeMove</editAction>
                <editAction>ChangeVisibleValue</editAction>
              </editActions>
              <newVisibleValue>true</newVisibleValue>
            </option>
          </editAnimationByIDOptions>
          <whenCurrentFrameIndexIs>1</whenCurrentFrameIndexIs>
          <whenFrameCollectionIndexIs>1</whenFrameCollectionIndexIs>
        </event>
        <event>
          <eventType>TriggerActionByCurrentFrame</eventType>
          <eventActions>
            <eventAction>StopMove</eventAction>
          </eventActions>
          <whenCurrentFrameIndexIs>3</whenCurrentFrameIndexIs>
          <whenFrameCollectionIndexIs>1</whenFrameCollectionIndexIs>
        </event>
        <event>
          <eventType>FrameAnimationLoopEnds</eventType>
          <eventActions>
            <eventAction>ChangeFrameCollection</eventAction>
            <eventAction>DisableImage</eventAction>
          </eventActions>
          <changeFrameCollectionIndexTo>0</changeFrameCollectionIndexTo>
          <whenFrameCollectionIndexIs>1</whenFrameCollectionIndexIs>
        </event>
      </events>
      <left>710</left>
      <top>464</top>
      <speed>2</speed>
      <id>Zora8</id>
    </image>
    <image>
      <frames>
        <frame>
          <fileName>ball1.png</fileName>
        </frame>
        <frame>
          <fileName>ball1.png</fileName>
          <applyAlterationsToThisFrame>
            <alterationsToDo>FlipHorizontal,ApplyNewPaletteColor</alterationsToDo>
            <basicPaletteColor>
              255,248,184,136-255,248,8,40-255,0,0,0
            </basicPaletteColor>
            <newPaletteColor>
              255,0,0,0-255,216,0,0-255,248,176,48
            </newPaletteColor>
          </applyAlterationsToThisFrame>
        </frame>
        <frame>
          <fileName>ball1.png</fileName>
          <frame>
            <fileName>ball1.png</fileName>
            <applyAlterationsToThisFrame>
              <alterationsToDo>FlipHorizontal</alterationsToDo>
            </applyAlterationsToThisFrame>
          </frame>
        </frame>
        <frame>
          <fileName>ball1.png</fileName>
          <applyAlterationsToThisFrame>
            <alterationsToDo>FlipHorizontal,ApplyNewPaletteColor</alterationsToDo>
            <basicPaletteColor>
              255,248,184,136-255,248,8,40-255,0,0,0
            </basicPaletteColor>
            <newPaletteColor>
              255,0,0,0-255,216,0,0-255,248,176,48
            </newPaletteColor>
          </applyAlterationsToThisFrame>
        </frame>
      </frames>
      <moveAnimation>
        <iniLeft>347</iniLeft>
        <iniTop>436</iniTop>
        <maxLeft>470</maxLeft>
        <maxTop>527</maxTop>
        <pixelsMoveLeft>2</pixelsMoveLeft>
        <pixelsMoveTop>2</pixelsMoveTop>
        <moveAnimationSpeed>1</moveAnimationSpeed>
        <moveAnimationStop>true</moveAnimationStop>
      </moveAnimation>
      <events>
        <event>
          <eventType>MoveAnimationMaxBottomReached</eventType>
          <eventActions>
            <eventAction>EnableByID</eventAction>
          </eventActions>
          <ids>Zora</ids>
        </event>
        <event>
          <eventType>MoveAnimationMaxBottomReached</eventType>
          <eventActions>
            <eventAction>ChangeVisibleValue</eventAction>
            <eventAction>StopMove</eventAction>
            <eventAction>EditPosition</eventAction>
          </eventActions>
          <newVisibleValue>false</newVisibleValue>
          <newCoordinates>347;436</newCoordinates>
        </event>
      </events>
      <visible>false</visible>
      <id>zoraball1</id>
      <left>347</left>
      <top>436</top>
      <speed>1</speed>
    </image>
    <image>
      <frames>
        <reUseTagFramesFromPreviousImage>true</reUseTagFramesFromPreviousImage>
      </frames>
      <moveAnimation>
        <iniLeft>304</iniLeft>
        <iniTop>153</iniTop>
        <maxLeft>428</maxLeft>
        <maxTop>277</maxTop>
        <pixelsMoveLeft>-2</pixelsMoveLeft>
        <pixelsMoveTop>-2</pixelsMoveTop>
        <moveAnimationSpeed>1</moveAnimationSpeed>
        <moveAnimationStop>true</moveAnimationStop>
      </moveAnimation>
      <events>
        <event>
          <eventType>MoveAnimationMaxTopReached</eventType>
          <eventActions>
            <eventAction>EnableByID</eventAction>
          </eventActions>
          <ids>Zora2</ids>
        </event>
        <event>
          <eventType>MoveAnimationMaxTopReached</eventType>
          <eventActions>
            <eventAction>ChangeVisibleValue</eventAction>
            <eventAction>StopMove</eventAction>
            <eventAction>EditPosition</eventAction>
          </eventActions>
          <newVisibleValue>false</newVisibleValue>
          <newCoordinates>426;275</newCoordinates>
        </event>
      </events>
      <visible>false</visible>
      <id>zoraball2</id>
      <left>426</left>
      <top>275</top>
      <speed>1</speed>
    </image>


    <image>
      <frames>
        <reUseTagFramesFromPreviousImage>true</reUseTagFramesFromPreviousImage>
      </frames>
      <moveAnimation>
        <iniLeft>636</iniLeft>
        <iniTop>15</iniTop>
        <maxLeft>780</maxLeft>
        <maxTop>159</maxTop>
        <pixelsMoveLeft>2</pixelsMoveLeft>
        <pixelsMoveTop>2</pixelsMoveTop>
        <moveAnimationSpeed>1</moveAnimationSpeed>
        <moveAnimationStop>true</moveAnimationStop>
      </moveAnimation>
      <events>
        <event>
          <eventType>MoveAnimationMaxBottomReached</eventType>
          <eventActions>
            <eventAction>EnableByID</eventAction>
          </eventActions>
          <ids>Zora3</ids>
        </event>
        <event>
          <eventType>MoveAnimationMaxBottomReached</eventType>
          <eventActions>
            <eventAction>ChangeVisibleValue</eventAction>
            <eventAction>StopMove</eventAction>
            <eventAction>EditPosition</eventAction>
          </eventActions>
          <newVisibleValue>false</newVisibleValue>
          <newCoordinates>638;17</newCoordinates>
        </event>
      </events>
      <visible>false</visible>
      <id>zoraball3</id>
      <left>638</left>
      <top>17</top>
      <speed>1</speed>
    </image>
    <image>
      <frames>
        <reUseTagFramesFromPreviousImage>true</reUseTagFramesFromPreviousImage>
      </frames>
      <moveAnimation>
        <iniLeft>724</iniLeft>
        <iniTop>76</iniTop>
        <maxLeft>800</maxLeft>
        <maxTop>0</maxTop>
        <pixelsMoveLeft>2</pixelsMoveLeft>
        <pixelsMoveTop>-2</pixelsMoveTop>
        <moveAnimationSpeed>1</moveAnimationSpeed>
        <moveAnimationStop>true</moveAnimationStop>
      </moveAnimation>
      <events>
        <event>
          <eventType>MoveAnimationMaxTopReached</eventType>
          <eventActions>
            <eventAction>EnableByID</eventAction>
          </eventActions>
          <ids>Zora4</ids>
        </event>
        <event>
          <eventType>MoveAnimationMaxTopReached</eventType>
          <eventActions>
            <eventAction>ChangeVisibleValue</eventAction>
            <eventAction>StopMove</eventAction>
            <eventAction>EditPosition</eventAction>
          </eventActions>
          <newVisibleValue>false</newVisibleValue>
          <newCoordinates>726;74</newCoordinates>
        </event>
      </events>
      <visible>false</visible>
      <id>zoraball4</id>
      <left>726</left>
      <top>74</top>
      <speed>1</speed>
    </image>
    <image>
      <frames>
        <reUseTagFramesFromPreviousImage>true</reUseTagFramesFromPreviousImage>
      </frames>
      <moveAnimation>
        <iniLeft>693</iniLeft>
        <iniTop>93</iniTop>
        <maxLeft>831</maxLeft>
        <maxTop>231</maxTop>
        <pixelsMoveLeft>2</pixelsMoveLeft>
        <pixelsMoveTop>2</pixelsMoveTop>
        <moveAnimationSpeed>1</moveAnimationSpeed>
        <moveAnimationStop>true</moveAnimationStop>
      </moveAnimation>
      <events>
        <event>
          <eventType>MoveAnimationMaxBottomReached</eventType>
          <eventActions>
            <eventAction>EnableByID</eventAction>
          </eventActions>
          <ids>Zora5</ids>
        </event>
        <event>
          <eventType>MoveAnimationMaxBottomReached</eventType>
          <eventActions>
            <eventAction>ChangeVisibleValue</eventAction>
            <eventAction>StopMove</eventAction>
            <eventAction>EditPosition</eventAction>
          </eventActions>
          <newVisibleValue>false</newVisibleValue>
          <newCoordinates>695;95</newCoordinates>
        </event>
      </events>
      <visible>false</visible>
      <id>zoraball5</id>
      <left>695</left>
      <top>95</top>
      <speed>1</speed>
    </image>



    <image>
      <frames>
        <reUseTagFramesFromPreviousImage>true</reUseTagFramesFromPreviousImage>
      </frames>
      <moveAnimation>
        <iniLeft>560</iniLeft>
        <iniTop>163</iniTop>
        <maxLeft>684</maxLeft>
        <maxTop>287</maxTop>
        <pixelsMoveLeft>-2</pixelsMoveLeft>
        <pixelsMoveTop>2</pixelsMoveTop>
        <moveAnimationSpeed>1</moveAnimationSpeed>
        <moveAnimationStop>true</moveAnimationStop>
      </moveAnimation>
      <events>
        <event>
          <eventType>MoveAnimationMaxBottomReached</eventType>
          <eventActions>
            <eventAction>EnableByID</eventAction>
          </eventActions>
          <ids>Zora6</ids>
        </event>
        <event>
          <eventType>MoveAnimationMaxBottomReached</eventType>
          <eventActions>
            <eventAction>ChangeVisibleValue</eventAction>
            <eventAction>StopMove</eventAction>
            <eventAction>EditPosition</eventAction>
          </eventActions>
          <newVisibleValue>false</newVisibleValue>
          <newCoordinates>682;165</newCoordinates>
        </event>
      </events>
      <visible>false</visible>
      <id>zoraball6</id>
      <left>682</left>
      <top>165</top>
      <speed>1</speed>
    </image>
    <image>
      <frames>
        <reUseTagFramesFromPreviousImage>true</reUseTagFramesFromPreviousImage>
      </frames>
      <moveAnimation>
        <iniLeft>681</iniLeft>
        <iniTop>194</iniTop>
        <maxLeft>786</maxLeft>
        <maxTop>299</maxTop>
        <pixelsMoveLeft>-2</pixelsMoveLeft>
        <pixelsMoveTop>-2</pixelsMoveTop>
        <moveAnimationSpeed>1</moveAnimationSpeed>
        <moveAnimationStop>true</moveAnimationStop>
      </moveAnimation>
      <events>
        <event>
          <eventType>MoveAnimationMaxTopReached</eventType>
          <eventActions>
            <eventAction>EnableByID</eventAction>
          </eventActions>
          <ids>Zora7</ids>
        </event>
        <event>
          <eventType>MoveAnimationMaxTopReached</eventType>
          <eventActions>
            <eventAction>ChangeVisibleValue</eventAction>
            <eventAction>StopMove</eventAction>
            <eventAction>EditPosition</eventAction>
          </eventActions>
          <newVisibleValue>false</newVisibleValue>
          <newCoordinates>784;297</newCoordinates>
        </event>
      </events>
      <visible>false</visible>
      <id>zoraball7</id>
      <left>784</left>
      <top>297</top>
      <speed>1</speed>
    </image>
    <image>
      <frames>
        <reUseTagFramesFromPreviousImage>true</reUseTagFramesFromPreviousImage>
      </frames>
      <moveAnimation>
        <iniLeft>576</iniLeft>
        <iniTop>333</iniTop>
        <maxLeft>715</maxLeft>
        <maxTop>472</maxTop>
        <pixelsMoveLeft>-2</pixelsMoveLeft>
        <pixelsMoveTop>-2</pixelsMoveTop>
        <moveAnimationSpeed>1</moveAnimationSpeed>
        <moveAnimationStop>true</moveAnimationStop>
      </moveAnimation>
      <events>
        <event>
          <eventType>MoveAnimationMaxTopReached</eventType>
          <eventActions>
            <eventAction>EnableByID</eventAction>
          </eventActions>
          <ids>Zora8</ids>
        </event>
        <event>
          <eventType>MoveAnimationMaxTopReached</eventType>
          <eventActions>
            <eventAction>ChangeVisibleValue</eventAction>
            <eventAction>StopMove</eventAction>
            <eventAction>EditPosition</eventAction>
          </eventActions>
          <newVisibleValue>false</newVisibleValue>
          <newCoordinates>715;472</newCoordinates>
        </event>
      </events>
      <visible>false</visible>
      <id>zoraball8</id>
      <left>715</left>
      <top>472</top>
      <speed>1</speed>
    </image>
  </images>
</doc>