<?xml version="1.0"?>
<doc>
  <basic type="animations">
    <screenCanvasResolution>
      <width>856</width>
      <height>480</height>
    </screenCanvasResolution>
    <canvasResolution>
      <maxWidth>856</maxWidth>
      <maxHeight>480</maxHeight>
    </canvasResolution>
    <bgColor>#00000000</bgColor>
  </basic>
  <javaScriptActions>
    <javaScriptAction>
      <id>Secret</id>
      <events>
        <event>
          <eventActions>
            <eventAction>EnableByID</eventAction>
          </eventActions>
          <ids>kirby,extradummy</ids>
        </event>
      </events>
    </javaScriptAction>
  </javaScriptActions>
  <audioPlayers>
    <audioPlayer>
      <playerID>secretAudio</playerID>
      <audioFile from="loading">youdidit.m4a</audioFile>
      <autoPlay>false</autoPlay>
      <volume>1</volume>
      <loop>false</loop>
    </audioPlayer>
  </audioPlayers>
  <images>
    <image>
      <fileName>map.png</fileName>
    </image>
    <image>
      <frames>
        <frame>
          <fileName>sea1.png</fileName>
        </frame>
        <frame>
          <fileName>sea2.png</fileName>
        </frame>
        <frame>
          <fileName>sea3.png</fileName>
        </frame>
        <frame>
          <fileName></fileName>
        </frame>
      </frames>
      <speed>8</speed>
      <left>0</left>
      <top>32</top>
    </image>
    <image>
      <frames>
        <frame>
          <fileName>wa1.png</fileName>
        </frame>
        <frame>
          <fileName>wa2.png</fileName>
        </frame>
        <frame>
          <fileName>wa3.png</fileName>
        </frame>
        <frame>
          <fileName></fileName>
        </frame>
      </frames>
      <speed>6</speed>
      <left>400</left>
      <top>288</top>
    </image>
    <image>
      <frames>
        <frame>
          <fileName>wb1.png</fileName>
        </frame>
        <frame>
          <fileName>wb2.png</fileName>
        </frame>
        <frame>
          <fileName>wb3.png</fileName>
        </frame>
        <frame>
          <fileName></fileName>
        </frame>
      </frames>
      <speed>6</speed>
      <left>384</left>
      <top>416</top>
    </image>
    <image>
      <frames>
        <frame>
          <fileName>wc1.png</fileName>
        </frame>
        <frame>
          <fileName>wc2.png</fileName>
        </frame>
        <frame>
          <fileName>wc3.png</fileName>
        </frame>
        <frame>
          <fileName></fileName>
        </frame>
      </frames>
      <speed>6</speed>
      <left>736</left>
      <top>448</top>
    </image>
    <image>
      <frames>
        <frame>
          <fileName>wd1.png</fileName>
        </frame>
        <frame>
          <fileName>wd2.png</fileName>
        </frame>
        <frame>
          <fileName>wd3.png</fileName>
        </frame>
        <frame>
          <fileName></fileName>
        </frame>
      </frames>
      <speed>6</speed>
      <left>368</left>
      <top>176</top>
    </image>
    <image>
      <frames>
        <frame>
          <fileName from="zdxLake">ene2a.png</fileName>
        </frame>
        <frame>
          <fileName from="zdxLake">ene2b.png</fileName>
        </frame>
        <framesAnimationSpeed>3</framesAnimationSpeed>
      </frames>
      <moveAnimation>
        <iniLeft>614</iniLeft>
        <maxLeft>702</maxLeft>
        <pixelsMoveLeft>2</pixelsMoveLeft>
      </moveAnimation>
      <imageTimer>
        <timerDelay>600</timerDelay>
      </imageTimer>
      <events>
        <event>
          <eventType>MoveAnimationMaxLeftReached</eventType>
          <eventActions>
            <eventAction>FlipImage</eventAction>
          </eventActions>
        </event>
        <event>
          <eventType>MoveAnimationMaxRightReached</eventType>
          <eventActions>
            <eventAction>FlipImage</eventAction>
          </eventActions>
        </event>
        <event>
          <eventType>Timer</eventType>
          <eventActions>
            <eventAction>ChangeTimerDelay</eventAction>
            <eventAction>StopAnimationAndMove</eventAction>
            <eventAction>ChangeCustomCondition</eventAction>
          </eventActions>
          <whenCustomConditionIs>running</whenCustomConditionIs>
          <newTimerDelay>400</newTimerDelay>
          <newCustomCondition>stoppped</newCustomCondition>
        </event>
        <event>
          <eventType>Timer</eventType>
          <eventActions>
            <eventAction>ChangeTimerDelay</eventAction>
            <eventAction>ResumeAnimationAndMove</eventAction>
            <eventAction>ChangeCustomCondition</eventAction>
          </eventActions>
          <whenCustomConditionIs>stoppped</whenCustomConditionIs>
          <newTimerDelay>900</newTimerDelay>
          <newCustomCondition>running</newCustomCondition>
        </event>
        <defaultCustomCondition>running</defaultCustomCondition>
      </events>
      <left>650</left>
      <top>434</top>
      <speed>1</speed>
    </image>
    <image>
      <frames>
        <reUseTagFramesFromPreviousImage>true</reUseTagFramesFromPreviousImage>
        <framesAnimationSpeed>3</framesAnimationSpeed>
      </frames>
      <moveAnimation>
        <iniLeft>492</iniLeft>
        <maxLeft>600</maxLeft>
        <pixelsMoveLeft>2</pixelsMoveLeft>
      </moveAnimation>
      <imageTimer>
        <timerDelay>1600</timerDelay>
      </imageTimer>
      <events>
        <event>
          <eventType>MoveAnimationMaxLeftReached</eventType>
          <eventActions>
            <eventAction>FlipImage</eventAction>
          </eventActions>
        </event>
        <event>
          <eventType>MoveAnimationMaxRightReached</eventType>
          <eventActions>
            <eventAction>FlipImage</eventAction>
          </eventActions>
        </event>
        <event>
          <eventType>Timer</eventType>
          <eventActions>
            <eventAction>ChangeTimerDelay</eventAction>
            <eventAction>StopAnimationAndMove</eventAction>
            <eventAction>ChangeCustomCondition</eventAction>
          </eventActions>
          <whenCustomConditionIs>running</whenCustomConditionIs>
          <newTimerDelay>400</newTimerDelay>
          <newCustomCondition>stoppped</newCustomCondition>
        </event>
        <event>
          <eventType>Timer</eventType>
          <eventActions>
            <eventAction>ChangeTimerDelay</eventAction>
            <eventAction>ResumeAnimationAndMove</eventAction>
            <eventAction>ChangeCustomCondition</eventAction>
          </eventActions>
          <whenCustomConditionIs>stoppped</whenCustomConditionIs>
          <newTimerDelay>900</newTimerDelay>
          <newCustomCondition>running</newCustomCondition>
        </event>
        <defaultCustomCondition>running</defaultCustomCondition>
      </events>
      <left>500</left>
      <top>432</top>
      <speed>1</speed>
    </image>
    <image>
      <frames>
        <reUseTagFramesFromPreviousImage>true</reUseTagFramesFromPreviousImage>
        <framesAnimationSpeed>3</framesAnimationSpeed>
      </frames>
      <moveAnimation>
        <iniLeft>450</iniLeft>
        <maxLeft>550</maxLeft>
        <pixelsMoveLeft>2</pixelsMoveLeft>
      </moveAnimation>
      <imageTimer>
        <timerDelay>900</timerDelay>
      </imageTimer>
      <events>
        <event>
          <eventType>MoveAnimationMaxLeftReached</eventType>
          <eventActions>
            <eventAction>FlipImage</eventAction>
          </eventActions>
        </event>
        <event>
          <eventType>MoveAnimationMaxRightReached</eventType>
          <eventActions>
            <eventAction>FlipImage</eventAction>
          </eventActions>
        </event>
        <event>
          <eventType>Timer</eventType>
          <eventActions>
            <eventAction>ChangeTimerDelay</eventAction>
            <eventAction>StopAnimationAndMove</eventAction>
            <eventAction>ChangeCustomCondition</eventAction>
          </eventActions>
          <whenCustomConditionIs>running</whenCustomConditionIs>
          <newTimerDelay>400</newTimerDelay>
          <newCustomCondition>stoppped</newCustomCondition>
        </event>
        <event>
          <eventType>Timer</eventType>
          <eventActions>
            <eventAction>ChangeTimerDelay</eventAction>
            <eventAction>ResumeAnimationAndMove</eventAction>
            <eventAction>ChangeCustomCondition</eventAction>
          </eventActions>
          <whenCustomConditionIs>stoppped</whenCustomConditionIs>
          <newTimerDelay>900</newTimerDelay>
          <newCustomCondition>running</newCustomCondition>
        </event>
        <defaultCustomCondition>running</defaultCustomCondition>
      </events>
      <left>548</left>
      <top>448</top>
      <speed>1</speed>
    </image>
    <image>
      <frames>
        <reUseTagFramesFromPreviousImage>true</reUseTagFramesFromPreviousImage>
        <framesAnimationSpeed>3</framesAnimationSpeed>
      </frames>
      <moveAnimation>
        <iniLeft>562</iniLeft>
        <maxLeft>638</maxLeft>
        <pixelsMoveLeft>2</pixelsMoveLeft>
      </moveAnimation>
      <imageTimer>
        <timerDelay>1200</timerDelay>
      </imageTimer>
      <events>
        <event>
          <eventType>MoveAnimationMaxLeftReached</eventType>
          <eventActions>
            <eventAction>FlipImage</eventAction>
          </eventActions>
        </event>
        <event>
          <eventType>MoveAnimationMaxRightReached</eventType>
          <eventActions>
            <eventAction>FlipImage</eventAction>
          </eventActions>
        </event>
        <event>
          <eventType>Timer</eventType>
          <eventActions>
            <eventAction>ChangeTimerDelay</eventAction>
            <eventAction>StopAnimationAndMove</eventAction>
            <eventAction>ChangeCustomCondition</eventAction>
          </eventActions>
          <whenCustomConditionIs>running</whenCustomConditionIs>
          <newTimerDelay>400</newTimerDelay>
          <newCustomCondition>stoppped</newCustomCondition>
        </event>
        <event>
          <eventType>Timer</eventType>
          <eventActions>
            <eventAction>ChangeTimerDelay</eventAction>
            <eventAction>ResumeAnimationAndMove</eventAction>
            <eventAction>ChangeCustomCondition</eventAction>
          </eventActions>
          <whenCustomConditionIs>stoppped</whenCustomConditionIs>
          <newTimerDelay>900</newTimerDelay>
          <newCustomCondition>running</newCustomCondition>
        </event>
        <defaultCustomCondition>running</defaultCustomCondition>
      </events>
      <left>600</left>
      <top>344</top>
      <speed>1</speed>
    </image>
    <image>
      <frames>
        <reUseTagFramesFromPreviousImage>true</reUseTagFramesFromPreviousImage>
        <framesAnimationSpeed>3</framesAnimationSpeed>
      </frames>
      <moveAnimation>
        <iniLeft>288</iniLeft>
        <maxLeft>352</maxLeft>
        <pixelsMoveLeft>2</pixelsMoveLeft>
      </moveAnimation>
      <imageTimer>
        <timerDelay>1500</timerDelay>
      </imageTimer>
      <events>
        <event>
          <eventType>MoveAnimationMaxLeftReached</eventType>
          <eventActions>
            <eventAction>FlipImage</eventAction>
          </eventActions>
        </event>
        <event>
          <eventType>MoveAnimationMaxRightReached</eventType>
          <eventActions>
            <eventAction>FlipImage</eventAction>
          </eventActions>
        </event>
        <event>
          <eventType>Timer</eventType>
          <eventActions>
            <eventAction>ChangeTimerDelay</eventAction>
            <eventAction>StopAnimationAndMove</eventAction>
            <eventAction>ChangeCustomCondition</eventAction>
          </eventActions>
          <whenCustomConditionIs>running</whenCustomConditionIs>
          <newTimerDelay>400</newTimerDelay>
          <newCustomCondition>stoppped</newCustomCondition>
        </event>
        <event>
          <eventType>Timer</eventType>
          <eventActions>
            <eventAction>ChangeTimerDelay</eventAction>
            <eventAction>ResumeAnimationAndMove</eventAction>
            <eventAction>ChangeCustomCondition</eventAction>
          </eventActions>
          <whenCustomConditionIs>stoppped</whenCustomConditionIs>
          <newTimerDelay>900</newTimerDelay>
          <newCustomCondition>running</newCustomCondition>
        </event>
        <defaultCustomCondition>running</defaultCustomCondition>
      </events>
      <left>300</left>
      <top>440</top>
      <speed>1</speed>
    </image>
    <image>
      <frames>
        <frameCollection>
          <frame>
            <fileName from="zdxLake">ene2d.png</fileName>
          </frame>
          <frame>
            <fileName from="zdxLake">ene2d.png</fileName>
            <applyAlterationsToThisFrame>
              <alterationsToDo>FlipHorizontal</alterationsToDo>
            </applyAlterationsToThisFrame>
          </frame>
        </frameCollection>
        <frameCollection>
          <frame>
            <fileName from="zdxLake">ene2c.png</fileName>
          </frame>
          <frame>
            <fileName from="zdxLake">ene2c.png</fileName>
            <applyAlterationsToThisFrame>
              <alterationsToDo>FlipHorizontal</alterationsToDo>
            </applyAlterationsToThisFrame>
          </frame>
        </frameCollection>
        <framesAnimationSpeed>3</framesAnimationSpeed>
        <!--<defaultFrameCollection>1</defaultFrameCollection>-->
      </frames>
      <moveAnimation>
        <iniTop>310</iniTop>
        <maxTop>400</maxTop>
        <pixelsMoveTop>2</pixelsMoveTop>
      </moveAnimation>
      <imageTimer>
        <timerDelay>300</timerDelay>
      </imageTimer>
      <events>
        <event>
          <eventType>MoveAnimationMaxTopReached</eventType>
          <eventActions>
            <eventAction>ChangeFrameCollection</eventAction>
          </eventActions>
          <changeFrameCollectionIndexTo>0</changeFrameCollectionIndexTo>
        </event>
        <event>
          <eventType>MoveAnimationMaxBottomReached</eventType>
          <eventActions>
            <eventAction>ChangeFrameCollection</eventAction>
          </eventActions>
          <changeFrameCollectionIndexTo>1</changeFrameCollectionIndexTo>
        </event>
        <event>
          <eventType>Timer</eventType>
          <eventActions>
            <eventAction>ChangeTimerDelay</eventAction>
            <eventAction>StopAnimationAndMove</eventAction>
            <eventAction>ChangeCustomCondition</eventAction>
          </eventActions>
          <whenCustomConditionIs>running</whenCustomConditionIs>
          <newTimerDelay>300</newTimerDelay>
          <newCustomCondition>stoppped</newCustomCondition>
        </event>
        <event>
          <eventType>Timer</eventType>
          <eventActions>
            <eventAction>ChangeTimerDelay</eventAction>
            <eventAction>ResumeAnimationAndMove</eventAction>
            <eventAction>ChangeCustomCondition</eventAction>
          </eventActions>
          <whenCustomConditionIs>stoppped</whenCustomConditionIs>
          <newTimerDelay>800</newTimerDelay>
          <newCustomCondition>running</newCustomCondition>
        </event>
        <defaultCustomCondition>running</defaultCustomCondition>
      </events>
      <left>336</left>
      <top>336</top>
      <speed>1</speed>
    </image>
    <image>
      <frames>
        <reUseTagFramesFromPreviousImage>true</reUseTagFramesFromPreviousImage>
        <framesAnimationSpeed>3</framesAnimationSpeed>
      </frames>
      <moveAnimation>
        <iniTop>276</iniTop>
        <maxTop>366</maxTop>
        <pixelsMoveTop>2</pixelsMoveTop>
      </moveAnimation>
      <imageTimer>
        <timerDelay>700</timerDelay>
      </imageTimer>
      <events>
        <event>
          <eventType>MoveAnimationMaxTopReached</eventType>
          <eventActions>
            <eventAction>ChangeFrameCollection</eventAction>
          </eventActions>
          <changeFrameCollectionIndexTo>0</changeFrameCollectionIndexTo>
        </event>
        <event>
          <eventType>MoveAnimationMaxBottomReached</eventType>
          <eventActions>
            <eventAction>ChangeFrameCollection</eventAction>
          </eventActions>
          <changeFrameCollectionIndexTo>1</changeFrameCollectionIndexTo>
        </event>
        <event>
          <eventType>Timer</eventType>
          <eventActions>
            <eventAction>ChangeTimerDelay</eventAction>
            <eventAction>StopAnimationAndMove</eventAction>
            <eventAction>ChangeCustomCondition</eventAction>
          </eventActions>
          <whenCustomConditionIs>running</whenCustomConditionIs>
          <newTimerDelay>300</newTimerDelay>
          <newCustomCondition>stoppped</newCustomCondition>
        </event>
        <event>
          <eventType>Timer</eventType>
          <eventActions>
            <eventAction>ChangeTimerDelay</eventAction>
            <eventAction>ResumeAnimationAndMove</eventAction>
            <eventAction>ChangeCustomCondition</eventAction>
          </eventActions>
          <whenCustomConditionIs>stoppped</whenCustomConditionIs>
          <newTimerDelay>800</newTimerDelay>
          <newCustomCondition>running</newCustomCondition>
        </event>
        <defaultCustomCondition>running</defaultCustomCondition>
      </events>
      <left>358</left>
      <top>364</top>
      <speed>1</speed>
    </image>






    <image>
      <frames>
        <frameCollection>
          <frame>
            <fileName from="zdxTalTalMountain">enejump1.png</fileName>
          </frame>
          <frame>
            <fileName from="zdxTalTalMountain">enejump2.png</fileName>
          </frame>
          <repeatThisLoopForTimes>5</repeatThisLoopForTimes>
        </frameCollection>
        <frameCollection>
          <frame>
            <fileName from="zdxTalTalMountain">enejump2.png</fileName>
          </frame>
          <frame>
            <fileName from="zdxTalTalMountain">enejump3.png</fileName>
          </frame>
          <frame>
            <fileName from="zdxTalTalMountain">enejump4.png</fileName>
          </frame>
          <frame>
            <fileName from="zdxTalTalMountain">enejump5.png</fileName>
          </frame>
          <frame>
            <fileName from="zdxTalTalMountain">enejump6.png</fileName>
          </frame>
          <frame>
            <fileName from="zdxTalTalMountain">enejump5.png</fileName>
          </frame>
          <frame>
            <fileName from="zdxTalTalMountain">enejump4.png</fileName>
          </frame>
          <frame>
            <fileName from="zdxTalTalMountain">enejump3.png</fileName>
          </frame>
          <frame>
            <fileName from="zdxTalTalMountain">enejump2.png</fileName>
          </frame>
        </frameCollection>
      </frames>
      <moveAnimation>
        <iniLeft>752</iniLeft>
        <iniTop>0</iniTop>
        <maxLeft>832</maxLeft>
        <maxTop>38</maxTop>
        <pixelsMoveTop>4</pixelsMoveTop>
        <pixelsMoveLeft>3</pixelsMoveLeft>
        <moveAnimationStop>true</moveAnimationStop>
        <moveAnimationSpeed>1</moveAnimationSpeed>
      </moveAnimation>
      <events>
        <event>
          <eventType>MoveAnimationMaxTopReached</eventType>
          <eventActions>
            <eventAction>ResumeAnimation</eventAction>
            <eventAction>StopMove</eventAction>
          </eventActions>
        </event>
        <event>
          <eventType>MoveAnimationMaxBottomReached</eventType>
          <eventActions>
            <eventAction>ResumeAnimation</eventAction>
            <eventAction>StopMove</eventAction>
          </eventActions>
        </event>
        <event>
          <eventType>MoveAnimationMaxLeftReached</eventType>
          <eventActions>
            <eventAction>ResumeAnimation</eventAction>
            <eventAction>StopMove</eventAction>
          </eventActions>
        </event>
        <event>
          <eventType>MoveAnimationMaxRightReached</eventType>
          <eventActions>
            <eventAction>ResumeAnimation</eventAction>
            <eventAction>StopMove</eventAction>
          </eventActions>
        </event>
        <event>
          <eventType>FrameAnimationRepeatLoopEnds</eventType>
          <eventActions>
            <eventAction>ResumeAnimationAndMove</eventAction>
            <eventAction>ChangeFrameCollection</eventAction>
            <eventAction>ChangeSpeedAnimation</eventAction>
          </eventActions>
          <whenFrameCollectionIndexIs>0</whenFrameCollectionIndexIs>
          <changeFrameCollectionIndexTo>1</changeFrameCollectionIndexTo>
          <newSpeedAnimation>2</newSpeedAnimation>
        </event>
        <event>
          <eventType>TriggerActionByCurrentFrame</eventType>
          <eventActions>
            <eventAction>StopMove</eventAction>
            <eventAction>ChangeFrameCollection</eventAction>
            <eventAction>ChangeSpeedAnimation</eventAction>
          </eventActions>
          <newSpeedAnimation>6</newSpeedAnimation>
          <changeFrameCollectionIndexTo>0</changeFrameCollectionIndexTo>
          <whenCurrentFrameIndexIs>8</whenCurrentFrameIndexIs>
        </event>
      </events>
      <left>760</left>
      <top>20</top>
      <speed>6</speed>
    </image>
    <image>
      <frames>
        <frameCollection>
          <frame>
            <fileName from="zdxTalTalMountain">enejump1.png</fileName>
          </frame>
          <frame>
            <fileName from="zdxTalTalMountain">enejump2.png</fileName>
          </frame>
          <repeatThisLoopForTimes>8</repeatThisLoopForTimes>
        </frameCollection>
        <frameCollection>
          <frame>
            <fileName from="zdxTalTalMountain">enejump2.png</fileName>
          </frame>
          <frame>
            <fileName from="zdxTalTalMountain">enejump3.png</fileName>
          </frame>
          <frame>
            <fileName from="zdxTalTalMountain">enejump4.png</fileName>
          </frame>
          <frame>
            <fileName from="zdxTalTalMountain">enejump5.png</fileName>
          </frame>
          <frame>
            <fileName from="zdxTalTalMountain">enejump6.png</fileName>
          </frame>
          <frame>
            <fileName from="zdxTalTalMountain">enejump5.png</fileName>
          </frame>
          <frame>
            <fileName from="zdxTalTalMountain">enejump4.png</fileName>
          </frame>
          <frame>
            <fileName from="zdxTalTalMountain">enejump3.png</fileName>
          </frame>
          <frame>
            <fileName from="zdxTalTalMountain">enejump2.png</fileName>
          </frame>
        </frameCollection>
      </frames>
      <moveAnimation>
        <iniLeft>623</iniLeft>
        <iniTop>14</iniTop>
        <maxLeft>733</maxLeft>
        <maxTop>36</maxTop>
        <pixelsMoveTop>3</pixelsMoveTop>
        <pixelsMoveLeft>4</pixelsMoveLeft>
        <moveAnimationStop>true</moveAnimationStop>
        <moveAnimationSpeed>1</moveAnimationSpeed>
      </moveAnimation>
      <events>
        <event>
          <eventType>MoveAnimationMaxTopReached</eventType>
          <eventActions>
            <eventAction>ResumeAnimation</eventAction>
            <eventAction>StopMove</eventAction>
          </eventActions>
        </event>
        <event>
          <eventType>MoveAnimationMaxBottomReached</eventType>
          <eventActions>
            <eventAction>ResumeAnimation</eventAction>
            <eventAction>StopMove</eventAction>
          </eventActions>
        </event>
        <event>
          <eventType>MoveAnimationMaxLeftReached</eventType>
          <eventActions>
            <eventAction>ResumeAnimation</eventAction>
            <eventAction>StopMove</eventAction>
          </eventActions>
        </event>
        <event>
          <eventType>MoveAnimationMaxRightReached</eventType>
          <eventActions>
            <eventAction>ResumeAnimation</eventAction>
            <eventAction>StopMove</eventAction>
          </eventActions>
        </event>
        <event>
          <eventType>FrameAnimationRepeatLoopEnds</eventType>
          <eventActions>
            <eventAction>ResumeAnimationAndMove</eventAction>
            <eventAction>ChangeFrameCollection</eventAction>
            <eventAction>ChangeSpeedAnimation</eventAction>
          </eventActions>
          <whenFrameCollectionIndexIs>0</whenFrameCollectionIndexIs>
          <changeFrameCollectionIndexTo>1</changeFrameCollectionIndexTo>
          <newSpeedAnimation>2</newSpeedAnimation>
        </event>
        <event>
          <eventType>TriggerActionByCurrentFrame</eventType>
          <eventActions>
            <eventAction>StopMove</eventAction>
            <eventAction>ChangeFrameCollection</eventAction>
            <eventAction>ChangeSpeedAnimation</eventAction>
          </eventActions>
          <newSpeedAnimation>6</newSpeedAnimation>
          <changeFrameCollectionIndexTo>0</changeFrameCollectionIndexTo>
          <whenCurrentFrameIndexIs>8</whenCurrentFrameIndexIs>
        </event>
      </events>
      <left>650</left>
      <top>30</top>
      <speed>6</speed>
    </image>
    <image>
      <frames>
        <frameCollection>
          <frame>
            <fileName from="zdxTalTalMountain">enejump1.png</fileName>
          </frame>
          <frame>
            <fileName from="zdxTalTalMountain">enejump2.png</fileName>
          </frame>
          <repeatThisLoopForTimes>10</repeatThisLoopForTimes>
        </frameCollection>
        <frameCollection>
          <frame>
            <fileName from="zdxTalTalMountain">enejump2.png</fileName>
          </frame>
          <frame>
            <fileName from="zdxTalTalMountain">enejump3.png</fileName>
          </frame>
          <frame>
            <fileName from="zdxTalTalMountain">enejump4.png</fileName>
          </frame>
          <frame>
            <fileName from="zdxTalTalMountain">enejump5.png</fileName>
          </frame>
          <frame>
            <fileName from="zdxTalTalMountain">enejump6.png</fileName>
          </frame>
          <frame>
            <fileName from="zdxTalTalMountain">enejump5.png</fileName>
          </frame>
          <frame>
            <fileName from="zdxTalTalMountain">enejump4.png</fileName>
          </frame>
          <frame>
            <fileName from="zdxTalTalMountain">enejump3.png</fileName>
          </frame>
          <frame>
            <fileName from="zdxTalTalMountain">enejump2.png</fileName>
          </frame>
        </frameCollection>
      </frames>
      <moveAnimation>
        <iniLeft>623</iniLeft>
        <iniTop>14</iniTop>
        <maxLeft>733</maxLeft>
        <maxTop>36</maxTop>
        <pixelsMoveTop>-3</pixelsMoveTop>
        <pixelsMoveLeft>-4</pixelsMoveLeft>
        <moveAnimationStop>true</moveAnimationStop>
        <moveAnimationSpeed>1</moveAnimationSpeed>
      </moveAnimation>
      <events>
        <event>
          <eventType>MoveAnimationMaxTopReached</eventType>
          <eventActions>
            <eventAction>ResumeAnimation</eventAction>
            <eventAction>StopMove</eventAction>
          </eventActions>
        </event>
        <event>
          <eventType>MoveAnimationMaxBottomReached</eventType>
          <eventActions>
            <eventAction>ResumeAnimation</eventAction>
            <eventAction>StopMove</eventAction>
          </eventActions>
        </event>
        <event>
          <eventType>MoveAnimationMaxLeftReached</eventType>
          <eventActions>
            <eventAction>ResumeAnimation</eventAction>
            <eventAction>StopMove</eventAction>
          </eventActions>
        </event>
        <event>
          <eventType>MoveAnimationMaxRightReached</eventType>
          <eventActions>
            <eventAction>ResumeAnimation</eventAction>
            <eventAction>StopMove</eventAction>
          </eventActions>
        </event>
        <event>
          <eventType>FrameAnimationRepeatLoopEnds</eventType>
          <eventActions>
            <eventAction>ResumeAnimationAndMove</eventAction>
            <eventAction>ChangeFrameCollection</eventAction>
            <eventAction>ChangeSpeedAnimation</eventAction>
          </eventActions>
          <whenFrameCollectionIndexIs>0</whenFrameCollectionIndexIs>
          <changeFrameCollectionIndexTo>1</changeFrameCollectionIndexTo>
          <newSpeedAnimation>2</newSpeedAnimation>
        </event>
        <event>
          <eventType>TriggerActionByCurrentFrame</eventType>
          <eventActions>
            <eventAction>StopMove</eventAction>
            <eventAction>ChangeFrameCollection</eventAction>
            <eventAction>ChangeSpeedAnimation</eventAction>
          </eventActions>
          <newSpeedAnimation>6</newSpeedAnimation>
          <changeFrameCollectionIndexTo>0</changeFrameCollectionIndexTo>
          <whenCurrentFrameIndexIs>8</whenCurrentFrameIndexIs>
        </event>
      </events>
      <left>720</left>
      <top>36</top>
      <speed>6</speed>
    </image>
    <image>
      <frames>
        <frameCollection>
          <frame>
            <fileName from="zdxTalTalMountain">enejump1.png</fileName>
          </frame>
          <frame>
            <fileName from="zdxTalTalMountain">enejump2.png</fileName>
          </frame>
          <repeatThisLoopForTimes>9</repeatThisLoopForTimes>
        </frameCollection>
        <frameCollection>
          <frame>
            <fileName from="zdxTalTalMountain">enejump2.png</fileName>
          </frame>
          <frame>
            <fileName from="zdxTalTalMountain">enejump3.png</fileName>
          </frame>
          <frame>
            <fileName from="zdxTalTalMountain">enejump4.png</fileName>
          </frame>
          <frame>
            <fileName from="zdxTalTalMountain">enejump5.png</fileName>
          </frame>
          <frame>
            <fileName from="zdxTalTalMountain">enejump6.png</fileName>
          </frame>
          <frame>
            <fileName from="zdxTalTalMountain">enejump5.png</fileName>
          </frame>
          <frame>
            <fileName from="zdxTalTalMountain">enejump4.png</fileName>
          </frame>
          <frame>
            <fileName from="zdxTalTalMountain">enejump3.png</fileName>
          </frame>
          <frame>
            <fileName from="zdxTalTalMountain">enejump2.png</fileName>
          </frame>
        </frameCollection>
      </frames>
      <moveAnimation>
        <iniLeft>669</iniLeft>
        <!--<iniTop>333</iniTop>-->
        <maxLeft>829</maxLeft>
        <!--<maxTop>341</maxTop>-->
        <pixelsMoveTop>0</pixelsMoveTop>
        <pixelsMoveLeft>-4</pixelsMoveLeft>
        <moveAnimationStop>true</moveAnimationStop>
        <moveAnimationSpeed>1</moveAnimationSpeed>
      </moveAnimation>
      <events>
        <event>
          <eventType>MoveAnimationMaxTopReached</eventType>
          <eventActions>
            <eventAction>ResumeAnimation</eventAction>
            <eventAction>StopMove</eventAction>
          </eventActions>
        </event>
        <event>
          <eventType>MoveAnimationMaxBottomReached</eventType>
          <eventActions>
            <eventAction>ResumeAnimation</eventAction>
            <eventAction>StopMove</eventAction>
          </eventActions>
        </event>
        <event>
          <eventType>MoveAnimationMaxLeftReached</eventType>
          <eventActions>
            <eventAction>ResumeAnimation</eventAction>
            <eventAction>StopMove</eventAction>
          </eventActions>
        </event>
        <event>
          <eventType>MoveAnimationMaxRightReached</eventType>
          <eventActions>
            <eventAction>ResumeAnimation</eventAction>
            <eventAction>StopMove</eventAction>
          </eventActions>
        </event>
        <event>
          <eventType>FrameAnimationRepeatLoopEnds</eventType>
          <eventActions>
            <eventAction>ResumeAnimationAndMove</eventAction>
            <eventAction>ChangeFrameCollection</eventAction>
            <eventAction>ChangeSpeedAnimation</eventAction>
          </eventActions>
          <whenFrameCollectionIndexIs>0</whenFrameCollectionIndexIs>
          <changeFrameCollectionIndexTo>1</changeFrameCollectionIndexTo>
          <newSpeedAnimation>2</newSpeedAnimation>
        </event>
        <event>
          <eventType>TriggerActionByCurrentFrame</eventType>
          <eventActions>
            <eventAction>StopMove</eventAction>
            <eventAction>ChangeFrameCollection</eventAction>
            <eventAction>ChangeSpeedAnimation</eventAction>
          </eventActions>
          <newSpeedAnimation>6</newSpeedAnimation>
          <changeFrameCollectionIndexTo>0</changeFrameCollectionIndexTo>
          <whenCurrentFrameIndexIs>8</whenCurrentFrameIndexIs>
        </event>
      </events>
      <left>760</left>
      <top>340</top>
      <speed>6</speed>
    </image>
    <image>
      <frames>
        <frameCollection>
          <frame>
            <fileName from="zdxTalTalMountain">enejump1.png</fileName>
          </frame>
          <frame>
            <fileName from="zdxTalTalMountain">enejump2.png</fileName>
          </frame>
          <repeatThisLoopForTimes>6</repeatThisLoopForTimes>
        </frameCollection>
        <frameCollection>
          <frame>
            <fileName from="zdxTalTalMountain">enejump2.png</fileName>
          </frame>
          <frame>
            <fileName from="zdxTalTalMountain">enejump3.png</fileName>
          </frame>
          <frame>
            <fileName from="zdxTalTalMountain">enejump4.png</fileName>
          </frame>
          <frame>
            <fileName from="zdxTalTalMountain">enejump5.png</fileName>
          </frame>
          <frame>
            <fileName from="zdxTalTalMountain">enejump6.png</fileName>
          </frame>
          <frame>
            <fileName from="zdxTalTalMountain">enejump5.png</fileName>
          </frame>
          <frame>
            <fileName from="zdxTalTalMountain">enejump4.png</fileName>
          </frame>
          <frame>
            <fileName from="zdxTalTalMountain">enejump3.png</fileName>
          </frame>
          <frame>
            <fileName from="zdxTalTalMountain">enejump2.png</fileName>
          </frame>
        </frameCollection>
      </frames>
      <moveAnimation>
        <iniLeft>669</iniLeft>
        <!--<iniTop>333</iniTop>-->
        <maxLeft>829</maxLeft>
        <!--<maxTop>341</maxTop>-->
        <pixelsMoveTop>0</pixelsMoveTop>
        <pixelsMoveLeft>4</pixelsMoveLeft>
        <moveAnimationStop>true</moveAnimationStop>
        <moveAnimationSpeed>1</moveAnimationSpeed>
      </moveAnimation>
      <events>
        <event>
          <eventType>MoveAnimationMaxTopReached</eventType>
          <eventActions>
            <eventAction>ResumeAnimation</eventAction>
            <eventAction>StopMove</eventAction>
          </eventActions>
        </event>
        <event>
          <eventType>MoveAnimationMaxBottomReached</eventType>
          <eventActions>
            <eventAction>ResumeAnimation</eventAction>
            <eventAction>StopMove</eventAction>
          </eventActions>
        </event>
        <event>
          <eventType>MoveAnimationMaxLeftReached</eventType>
          <eventActions>
            <eventAction>ResumeAnimation</eventAction>
            <eventAction>StopMove</eventAction>
          </eventActions>
        </event>
        <event>
          <eventType>MoveAnimationMaxRightReached</eventType>
          <eventActions>
            <eventAction>ResumeAnimation</eventAction>
            <eventAction>StopMove</eventAction>
          </eventActions>
        </event>
        <event>
          <eventType>FrameAnimationRepeatLoopEnds</eventType>
          <eventActions>
            <eventAction>ResumeAnimationAndMove</eventAction>
            <eventAction>ChangeFrameCollection</eventAction>
            <eventAction>ChangeSpeedAnimation</eventAction>
          </eventActions>
          <whenFrameCollectionIndexIs>0</whenFrameCollectionIndexIs>
          <changeFrameCollectionIndexTo>1</changeFrameCollectionIndexTo>
          <newSpeedAnimation>2</newSpeedAnimation>
        </event>
        <event>
          <eventType>TriggerActionByCurrentFrame</eventType>
          <eventActions>
            <eventAction>StopMove</eventAction>
            <eventAction>ChangeFrameCollection</eventAction>
            <eventAction>ChangeSpeedAnimation</eventAction>
          </eventActions>
          <newSpeedAnimation>6</newSpeedAnimation>
          <changeFrameCollectionIndexTo>0</changeFrameCollectionIndexTo>
          <whenCurrentFrameIndexIs>8</whenCurrentFrameIndexIs>
        </event>
      </events>
      <left>670</left>
      <top>333</top>
      <speed>6</speed>
    </image>
    <image>
      <frames>
        <frameCollection>
          <frame>
            <fileName from="zdxTalTalMountain">enejump1.png</fileName>
          </frame>
          <frame>
            <fileName from="zdxTalTalMountain">enejump2.png</fileName>
          </frame>
          <repeatThisLoopForTimes>11</repeatThisLoopForTimes>
        </frameCollection>
        <frameCollection>
          <frame>
            <fileName from="zdxTalTalMountain">enejump2.png</fileName>
          </frame>
          <frame>
            <fileName from="zdxTalTalMountain">enejump3.png</fileName>
          </frame>
          <frame>
            <fileName from="zdxTalTalMountain">enejump4.png</fileName>
          </frame>
          <frame>
            <fileName from="zdxTalTalMountain">enejump5.png</fileName>
          </frame>
          <frame>
            <fileName from="zdxTalTalMountain">enejump6.png</fileName>
          </frame>
          <frame>
            <fileName from="zdxTalTalMountain">enejump5.png</fileName>
          </frame>
          <frame>
            <fileName from="zdxTalTalMountain">enejump4.png</fileName>
          </frame>
          <frame>
            <fileName from="zdxTalTalMountain">enejump3.png</fileName>
          </frame>
          <frame>
            <fileName from="zdxTalTalMountain">enejump2.png</fileName>
          </frame>
        </frameCollection>
      </frames>
      <moveAnimation>
        <iniLeft>610</iniLeft>
        <iniTop>386</iniTop>
        <maxLeft>702</maxLeft>
        <maxTop>436</maxTop>
        <pixelsMoveTop>3</pixelsMoveTop>
        <pixelsMoveLeft>4</pixelsMoveLeft>
        <moveAnimationStop>true</moveAnimationStop>
        <moveAnimationSpeed>1</moveAnimationSpeed>
      </moveAnimation>
      <events>
        <event>
          <eventType>MoveAnimationMaxTopReached</eventType>
          <eventActions>
            <eventAction>ResumeAnimation</eventAction>
            <eventAction>StopMove</eventAction>
          </eventActions>
        </event>
        <event>
          <eventType>MoveAnimationMaxBottomReached</eventType>
          <eventActions>
            <eventAction>ResumeAnimation</eventAction>
            <eventAction>StopMove</eventAction>
          </eventActions>
        </event>
        <event>
          <eventType>MoveAnimationMaxLeftReached</eventType>
          <eventActions>
            <eventAction>ResumeAnimation</eventAction>
            <eventAction>StopMove</eventAction>
          </eventActions>
        </event>
        <event>
          <eventType>MoveAnimationMaxRightReached</eventType>
          <eventActions>
            <eventAction>ResumeAnimation</eventAction>
            <eventAction>StopMove</eventAction>
          </eventActions>
        </event>
        <event>
          <eventType>FrameAnimationRepeatLoopEnds</eventType>
          <eventActions>
            <eventAction>ResumeAnimationAndMove</eventAction>
            <eventAction>ChangeFrameCollection</eventAction>
            <eventAction>ChangeSpeedAnimation</eventAction>
          </eventActions>
          <whenFrameCollectionIndexIs>0</whenFrameCollectionIndexIs>
          <changeFrameCollectionIndexTo>1</changeFrameCollectionIndexTo>
          <newSpeedAnimation>2</newSpeedAnimation>
        </event>
        <event>
          <eventType>TriggerActionByCurrentFrame</eventType>
          <eventActions>
            <eventAction>StopMove</eventAction>
            <eventAction>ChangeFrameCollection</eventAction>
            <eventAction>ChangeSpeedAnimation</eventAction>
          </eventActions>
          <newSpeedAnimation>6</newSpeedAnimation>
          <changeFrameCollectionIndexTo>0</changeFrameCollectionIndexTo>
          <whenCurrentFrameIndexIs>8</whenCurrentFrameIndexIs>
        </event>
      </events>
      <left>620</left>
      <top>400</top>
      <speed>6</speed>
    </image>
    
    
    
    
    <image>
      <fileName>secr.png</fileName>
      <moveAnimation>
        <iniTop>221</iniTop>
        <maxTop>223</maxTop>
        <pixelsMoveTop>1</pixelsMoveTop>
      </moveAnimation>
      <left>81</left>
      <top>221</top>
      <id>kirby</id>
      <disableImage>true</disableImage>
    </image>
    <image>
      <fileName>extrab.png</fileName>
      <left>51</left>
      <top>191</top>
      <events>
        <event>
          <eventType>OnClickUp</eventType>
          <eventType>OnMouseOver</eventType>
          <eventActions>
            <eventAction>PlayAudio</eventAction>
          </eventActions>
          <audioPlayer>
            <playerID>secretAudio</playerID>
          </audioPlayer>
        </event>
        <event>
          <eventType>OnClickUp</eventType>
          <eventType>OnMouseOver</eventType>
          <eventActions>
            <eventAction>DisableByID</eventAction>
          </eventActions>
          <ids>extradummy</ids>
        </event>
        <event>
          <eventType>OnClickUp</eventType>
          <eventType>OnMouseOver</eventType>
          <eventActions>
            <eventAction>EnableByID</eventAction>
          </eventActions>
          <ids>mesecret</ids>
        </event>
      </events>
      <id>extradummy</id>
      <disableImage>true</disableImage>
    </image>
    <image>
      <fileName>messa.png</fileName>
      <events>
        <event>
          <eventType>OnClickUp</eventType>
          <eventActions>
            <eventAction>RunJavascriptFunction</eventAction>
          </eventActions>
          <runJavascriptFunction>secrets(3);</runJavascriptFunction>
        </event>
        <event>
          <eventType>OnClickUp</eventType>
          <eventActions>
            <eventAction>DisableByID</eventAction>
          </eventActions>
          <ids>kirby,mesecret</ids>
        </event>
      </events>
      <left>2</left>
      <top>239</top>
      <id>mesecret</id>
      <disableImage>true</disableImage>
    </image>
  </images>
</doc>
