<?xml version="1.0"?>
<doc>
  <basic type="animations">
    <screenCanvasResolution>
      <width>466</width>
      <height>491</height>
    </screenCanvasResolution>
    <canvasResolution>
      <maxWidth>466</maxWidth>
      <maxHeight>491</maxHeight>
    </canvasResolution>
    <bgColor>#00000000</bgColor>
  </basic>
  <images>
    <!--<image>
      <fileName>map.png</fileName>
    </image>-->
    <image>
      <frames>
        <frame>
          <fileName from="mapzCastle">flower1.png</fileName>
        </frame>
        <frame>
          <fileName from="mapzCastle">flower2.png</fileName>
        </frame>
        <frame>
          <fileName from="mapzCastle">flower3.png</fileName>
        </frame>
      </frames>
      <coordinates>382;15</coordinates>
      <speed>5</speed>
    </image>
    <image>
      <frames>
        <frameCollection>
          <frame>
            <fileName from="mapzLake">ball1.png</fileName>
          </frame>
        </frameCollection>
        <frameCollection>
          <frame>
            <fileName from="mapzLake">ball2.png</fileName>
          </frame>
          <frame>
            <fileName from="mapzLake">ball3.png</fileName>
          </frame>
          <frame>
            <fileName from="mapzLake">ball4.png</fileName>
          </frame>
        </frameCollection>
      </frames>
      <disableImage>true</disableImage>
      <moveAnimation>
        <iniTop>112</iniTop>
        <maxTop>188</maxTop>
        <pixelsMoveTop>-4</pixelsMoveTop>
      </moveAnimation>
      <events>
        <event>
          <eventType>MoveAnimationMaxTopReached</eventType>
          <eventActions>
            <eventAction>StopMove</eventAction>
            <eventAction>ChangeFrameCollection</eventAction>
            <eventAction>ChangeSpeedAnimation</eventAction>
          </eventActions>
          <changeFrameCollectionIndexTo>1</changeFrameCollectionIndexTo>
          <newSpeedAnimation>2</newSpeedAnimation>
        </event>
        <event>
          <eventType>FrameAnimationLoopEnds</eventType>
          <eventActions>
            <eventAction>ChangeFrameCollection</eventAction>
            <eventAction>ChangeSpeedAnimation</eventAction>
            <eventAction>ResumeMove</eventAction>
            <eventAction>DisableImage</eventAction>
            <eventAction>EditPosition</eventAction>
          </eventActions>
          <changeFrameCollectionIndexTo>0</changeFrameCollectionIndexTo>
          <newSpeedAnimation>1</newSpeedAnimation>
          <newCoordinates>46;188</newCoordinates>
          <whenFrameCollectionIndexIs>1</whenFrameCollectionIndexIs>
        </event>
      </events>
      <speed>1</speed>
      <id>ball</id>
      <left>46</left>
      <top>188</top>
    </image>
    <image>
      <frames>
        <reUseTagFramesFromPreviousImage>true</reUseTagFramesFromPreviousImage>
      </frames>
      <disableImage>true</disableImage>
      <moveAnimation>
        <iniTop>328</iniTop>
        <maxTop>420</maxTop>
        <pixelsMoveTop>4</pixelsMoveTop>
      </moveAnimation>
      <events>
        <event>
          <eventType>MoveAnimationMaxBottomReached</eventType>
          <eventActions>
            <eventAction>StopMove</eventAction>
            <eventAction>ChangeFrameCollection</eventAction>
            <eventAction>ChangeSpeedAnimation</eventAction>
          </eventActions>
          <changeFrameCollectionIndexTo>1</changeFrameCollectionIndexTo>
          <newSpeedAnimation>2</newSpeedAnimation>
        </event>
        <event>
          <eventType>FrameAnimationLoopEnds</eventType>
          <eventActions>
            <eventAction>ChangeFrameCollection</eventAction>
            <eventAction>ChangeSpeedAnimation</eventAction>
            <eventAction>ResumeMove</eventAction>
            <eventAction>DisableImage</eventAction>
            <eventAction>EditPosition</eventAction>
          </eventActions>
          <changeFrameCollectionIndexTo>0</changeFrameCollectionIndexTo>
          <newSpeedAnimation>1</newSpeedAnimation>
          <newCoordinates>46;328</newCoordinates>
          <whenFrameCollectionIndexIs>1</whenFrameCollectionIndexIs>
        </event>
      </events>
      <speed>1</speed>
      <id>ballb</id>
      <left>46</left>
      <top>328</top>
    </image>
    <image>
      <frames>
        <reUseTagFramesFromPreviousImage>true</reUseTagFramesFromPreviousImage>
      </frames>
      <disableImage>true</disableImage>
      <moveAnimation>
        <iniTop>358</iniTop>
        <maxTop>422</maxTop>
        <pixelsMoveTop>4</pixelsMoveTop>
      </moveAnimation>
      <events>
        <event>
          <eventType>MoveAnimationMaxBottomReached</eventType>
          <eventActions>
            <eventAction>StopMove</eventAction>
            <eventAction>ChangeFrameCollection</eventAction>
            <eventAction>ChangeSpeedAnimation</eventAction>
          </eventActions>
          <changeFrameCollectionIndexTo>1</changeFrameCollectionIndexTo>
          <newSpeedAnimation>2</newSpeedAnimation>
        </event>
        <event>
          <eventType>FrameAnimationLoopEnds</eventType>
          <eventActions>
            <eventAction>ChangeFrameCollection</eventAction>
            <eventAction>ChangeSpeedAnimation</eventAction>
            <eventAction>ResumeMove</eventAction>
            <eventAction>DisableImage</eventAction>
            <eventAction>EditPosition</eventAction>
          </eventActions>
          <changeFrameCollectionIndexTo>0</changeFrameCollectionIndexTo>
          <newSpeedAnimation>1</newSpeedAnimation>
          <newCoordinates>329;358</newCoordinates>
          <whenFrameCollectionIndexIs>1</whenFrameCollectionIndexIs>
        </event>
      </events>
      <speed>1</speed>
      <id>ballc</id>
      <left>329</left>
      <top>358</top>
    </image>
    <image>
      <frames>
        <frameCollection>
          <frame>
            <fileName from="mapzLake">enedown1.png</fileName>
          </frame>
          <frame>
            <fileName from="mapzLake">enedown2.png</fileName>
          </frame>
          <frame>
            <fileName from="mapzLake">enedown3.png</fileName>
          </frame>
          <frame>
            <fileName from="mapzLake">enedown2.png</fileName>
          </frame>
        </frameCollection>
        <frameCollection>
          <frame>
            <fileName from="mapzLake">enedownshot1.png</fileName>
          </frame>
          <frame>
            <fileName from="mapzLake">enedownshot2.png</fileName>
          </frame>
        </frameCollection>
        <frameCollection>
          <frame>
            <fileName from="mapzLake">eneup1.png</fileName>
          </frame>
          <frame>
            <fileName from="mapzLake">eneup2.png</fileName>
          </frame>
          <frame>
            <fileName from="mapzLake">eneup3.png</fileName>
          </frame>
          <frame>
            <fileName from="mapzLake">eneup2.png</fileName>
          </frame>
        </frameCollection>
        <frameCollection>
          <frame>
            <fileName from="mapzLake">eneup1.png</fileName>
          </frame>
          <frame>
            <fileName from="mapzLake">eneup2.png</fileName>
          </frame>
        </frameCollection>
        <framesAnimationSpeed>2</framesAnimationSpeed>
      </frames>
      <moveAnimation>
        <iniTop>208</iniTop>
        <maxTop>328</maxTop>
        <pixelsMoveTop>4</pixelsMoveTop>
      </moveAnimation>
      <events>
        <event>
          <eventType>MoveAnimationMaxBottomReached</eventType>
          <eventActions>
            <eventAction>StopMove</eventAction>
            <eventAction>ChangeFrameCollection</eventAction>
            <!--<eventAction>ChangeSpeedAnimation</eventAction>-->
          </eventActions>
          <!--<newSpeedAnimation>4</newSpeedAnimation>-->
          <whenFrameCollectionIndexIs>0</whenFrameCollectionIndexIs>
          <changeFrameCollectionIndexTo>1</changeFrameCollectionIndexTo>
        </event>
        <event>
          <eventType>FrameAnimationLoopEnds</eventType>
          <eventActions>
            <eventAction>ResumeMove</eventAction>
            <eventAction>ChangeFrameCollection</eventAction>
            <!--<eventAction>ChangeSpeedAnimation</eventAction>-->
          </eventActions>
          <!--<newSpeedAnimation>1</newSpeedAnimation>-->
          <whenFrameCollectionIndexIs>1</whenFrameCollectionIndexIs>
          <changeFrameCollectionIndexTo>2</changeFrameCollectionIndexTo>
        </event>
        <event>
          <eventType>MoveAnimationMaxTopReached</eventType>
          <eventActions>
            <eventAction>StopMove</eventAction>
            <eventAction>ChangeFrameCollection</eventAction>
            <!--<eventAction>ChangeSpeedAnimation</eventAction>-->
          </eventActions>
          <!--<newSpeedAnimation>4</newSpeedAnimation>-->
          <whenFrameCollectionIndexIs>2</whenFrameCollectionIndexIs>
          <changeFrameCollectionIndexTo>3</changeFrameCollectionIndexTo>
        </event>
        <event>
          <eventType>FrameAnimationLoopEnds</eventType>
          <eventActions>
            <eventAction>ResumeMove</eventAction>
            <eventAction>ChangeFrameCollection</eventAction>
            <!--<eventAction>ChangeSpeedAnimation</eventAction>-->
          </eventActions>
          <!--<newSpeedAnimation>1</newSpeedAnimation>-->
          <whenFrameCollectionIndexIs>3</whenFrameCollectionIndexIs>
          <changeFrameCollectionIndexTo>0</changeFrameCollectionIndexTo>
        </event>
        <event>
          <eventType>TriggerActionByCurrentFrame</eventType>
          <eventActions>
            <eventAction>EnableByID</eventAction>
          </eventActions>
          <whenFrameCollectionIndexIs>3</whenFrameCollectionIndexIs>
          <whenCurrentFrameIndexIs>1</whenCurrentFrameIndexIs>
          <ids>ball</ids>
        </event>
        <event>
          <eventType>TriggerActionByCurrentFrame</eventType>
          <eventActions>
            <eventAction>EnableByID</eventAction>
          </eventActions>
          <whenFrameCollectionIndexIs>1</whenFrameCollectionIndexIs>
          <whenCurrentFrameIndexIs>1</whenCurrentFrameIndexIs>
          <ids>ballb</ids>
        </event>
      </events>
      <left>53</left>
      <top>208</top>
      <speed>1</speed>
    </image>
    <image>
      <frames>
        <frameCollection>
          <frame>
            <fileName from="mapzLake">eneleft1.png</fileName>
          </frame>
          <frame>
            <fileName from="mapzLake">eneleft2.png</fileName>
          </frame>
        </frameCollection>
        <frameCollection>
          <frame>
            <fileName from="mapzLake">eneleftshot1.png</fileName>
          </frame>
          <frame>
            <fileName from="mapzLake">eneleftshot2.png</fileName>
          </frame>
        </frameCollection>
        <framesAnimationSpeed>2</framesAnimationSpeed>
      </frames>
      <moveAnimation>
        <iniLeft>8</iniLeft>
        <maxLeft>238</maxLeft>
        <pixelsMoveLeft>4</pixelsMoveLeft>
      </moveAnimation>
      <events>
        <event>
          <eventType>MoveAnimationMaxLeftReached</eventType>
          <eventActions>
            <eventAction>FlipImage</eventAction>
          </eventActions>
        </event>
        <event>
          <eventType>MoveAnimationMaxRightReached</eventType>
          <eventActions>
            <eventAction>FlipImage</eventAction>
          </eventActions>
        </event>
      </events>
      <left>8</left>
      <top>392</top>
      <speed>1</speed>
    </image>
    <image>
      <frames>
        <frameCollection>
          <frame>
            <fileName from="mapzLake">enedown1.png</fileName>
          </frame>
          <frame>
            <fileName from="mapzLake">enedown2.png</fileName>
          </frame>
          <frame>
            <fileName from="mapzLake">enedown3.png</fileName>
          </frame>
          <frame>
            <fileName from="mapzLake">enedown2.png</fileName>
          </frame>
        </frameCollection>
        <frameCollection>
          <frame>
            <fileName from="mapzLake">enedownshot1.png</fileName>
          </frame>
          <frame>
            <fileName from="mapzLake">enedownshot2.png</fileName>
          </frame>
        </frameCollection>
        <frameCollection>
          <frame>
            <fileName from="mapzLake">eneup1.png</fileName>
          </frame>
          <frame>
            <fileName from="mapzLake">eneup2.png</fileName>
          </frame>
          <frame>
            <fileName from="mapzLake">eneup3.png</fileName>
          </frame>
          <frame>
            <fileName from="mapzLake">eneup2.png</fileName>
          </frame>
        </frameCollection>
        <frameCollection>
          <frame>
            <fileName from="mapzLake">eneup1.png</fileName>
          </frame>
          <frame>
            <fileName from="mapzLake">eneup2.png</fileName>
          </frame>
        </frameCollection>
        <framesAnimationSpeed>2</framesAnimationSpeed>
      </frames>
      <moveAnimation>
        <iniTop>276</iniTop>
        <maxTop>356</maxTop>
        <pixelsMoveTop>4</pixelsMoveTop>
      </moveAnimation>
      <events>
        <event>
          <eventType>MoveAnimationMaxBottomReached</eventType>
          <eventActions>
            <eventAction>StopMove</eventAction>
            <eventAction>ChangeFrameCollection</eventAction>
            <!--<eventAction>ChangeSpeedAnimation</eventAction>-->
          </eventActions>
          <!--<newSpeedAnimation>4</newSpeedAnimation>-->
          <whenFrameCollectionIndexIs>0</whenFrameCollectionIndexIs>
          <changeFrameCollectionIndexTo>1</changeFrameCollectionIndexTo>
        </event>
        <event>
          <eventType>FrameAnimationLoopEnds</eventType>
          <eventActions>
            <eventAction>ResumeMove</eventAction>
            <eventAction>ChangeFrameCollection</eventAction>
            <eventAction>ChangeSpeedAnimation</eventAction>
          </eventActions>
          <newSpeedAnimation>1</newSpeedAnimation>
          <whenFrameCollectionIndexIs>1</whenFrameCollectionIndexIs>
          <changeFrameCollectionIndexTo>2</changeFrameCollectionIndexTo>
        </event>
        <event>
          <eventType>MoveAnimationMaxTopReached</eventType>
          <eventActions>
            <eventAction>StopMove</eventAction>
            <eventAction>ChangeFrameCollection</eventAction>
            <!--<eventAction>ChangeSpeedAnimation</eventAction>-->
          </eventActions>
          <!--<newSpeedAnimation>4</newSpeedAnimation>-->
          <whenFrameCollectionIndexIs>2</whenFrameCollectionIndexIs>
          <changeFrameCollectionIndexTo>3</changeFrameCollectionIndexTo>
        </event>
        <event>
          <eventType>FrameAnimationLoopEnds</eventType>
          <eventActions>
            <eventAction>ResumeMove</eventAction>
            <eventAction>ChangeFrameCollection</eventAction>
            <!--<eventAction>ChangeSpeedAnimation</eventAction>-->
          </eventActions>
          <!--<newSpeedAnimation>1</newSpeedAnimation>-->
          <whenFrameCollectionIndexIs>3</whenFrameCollectionIndexIs>
          <changeFrameCollectionIndexTo>0</changeFrameCollectionIndexTo>
        </event>
        <event>
          <eventType>TriggerActionByCurrentFrame</eventType>
          <eventActions>
            <eventAction>EnableByID</eventAction>
          </eventActions>
          <whenFrameCollectionIndexIs>1</whenFrameCollectionIndexIs>
          <whenCurrentFrameIndexIs>1</whenCurrentFrameIndexIs>
          <ids>ballc</ids>
        </event>
      </events>
      <left>336</left>
      <top>276</top>
      <speed>1</speed>
    </image>
    <image>
      <frames>
        <frame>
          <fileName from="mapzLake">eneleft1.png</fileName>
        </frame>
        <frame>
          <fileName from="mapzLake">eneleft2.png</fileName>
        </frame>
        <framesAnimationSpeed>2</framesAnimationSpeed>
      </frames>
      <moveAnimation>
        <iniLeft>284</iniLeft>
        <maxLeft>426</maxLeft>
        <pixelsMoveLeft>4</pixelsMoveLeft>
      </moveAnimation>
      <events>
        <event>
          <eventType>MoveAnimationMaxLeftReached</eventType>
          <eventActions>
            <eventAction>FlipImage</eventAction>
          </eventActions>
        </event>
        <event>
          <eventType>MoveAnimationMaxRightReached</eventType>
          <eventActions>
            <eventAction>FlipImage</eventAction>
          </eventActions>
        </event>
      </events>
      <left>284</left>
      <top>376</top>
      <speed>1</speed>
    </image>
  </images>
</doc>
