<?xml version="1.0"?>
<doc>
  <basic type="animations">
    <screenCanvasResolution>
      <width>256</width>
      <height>224</height>
    </screenCanvasResolution>
    <canvasResolution>
      <maxWidth>256</maxWidth>
      <maxHeight>224</maxHeight>
    </canvasResolution>
    <bgColor>#ff000000</bgColor>
  </basic>
  <images>
    <image>
      <frames>
        <colorCycling>
          <fileName>cycling.png</fileName>
          <basicPaletteColor>
            255,255,0,0-
            255,239,173,0-
            255,222,123,0-
            255,173,49,0-
            255,173,0,0-
            255,165,0,0-
            255,156,0,0-
            255,132,0,0
          </basicPaletteColor>
          <!--<backwardAnimation>true</backwardAnimation>-->
        </colorCycling>
      </frames>
      <speed>4</speed>
    </image>
  </images>
</doc>
