<?xml version="1.0"?>
<doc>
  <basic type="animations">
    <screenCanvasResolution>
      <width>744</width>
      <height>480</height>
    </screenCanvasResolution>
    <canvasResolution>
      <maxWidth>744</maxWidth>
      <maxHeight>480</maxHeight>
    </canvasResolution>
    <bgColor>#00000000</bgColor>
  </basic>
  <images>
    <image>
      <fileName>map.png</fileName>
    </image>
    <image>
      <frames>
        <frame>
          <fileName>wb1.png</fileName>
        </frame>
        <frame>
          <fileName>wb2.png</fileName>
        </frame>
        <frame>
          <fileName>wb3.png</fileName>
        </frame>
        <frame>
          <fileName></fileName>
        </frame>
      </frames>
      <speed>6</speed>
      <left>0</left>
      <top>128</top>
    </image>
    <image>
      <frames>
        <frame>
          <fileName>w1.png</fileName>
        </frame>
        <frame>
          <fileName>w2.png</fileName>
        </frame>
        <frame>
          <fileName>w3.png</fileName>
        </frame>
        <frame>
          <fileName></fileName>
        </frame>
      </frames>
      <speed>6</speed>
      <left>0</left>
      <top>288</top>
    </image>
    <image>
      <frames>
        <frame>
          <fileName>sea1.png</fileName>
        </frame>
        <frame>
          <fileName>sea2.png</fileName>
        </frame>
        <frame>
          <fileName>sea3.png</fileName>
        </frame>
        <frame>
          <fileName></fileName>
        </frame>
      </frames>
      <speed>8</speed>
      <left>40</left>
      <top>32</top>
    </image>
    <image>
      <frames>
        <frame>
          <fileName>seab1.png</fileName>
        </frame>
        <frame>
          <fileName>seab2.png</fileName>
        </frame>
        <frame>
          <fileName>seab3.png</fileName>
        </frame>
        <frame>
          <fileName></fileName>
        </frame>
      </frames>
      <speed>8</speed>
      <left>344</left>
      <top>32</top>
    </image>
    <image>
      <frames>
        <frame>
          <fileName>seac1.png</fileName>
        </frame>
        <frame>
          <fileName>seac2.png</fileName>
        </frame>
        <frame>
          <fileName>seac3.png</fileName>
        </frame>
        <frame>
          <fileName></fileName>
        </frame>
      </frames>
      <speed>8</speed>
      <left>552</left>
      <top>32</top>
    </image>
    <image>
      <frames>
        <frame>
          <fileName from="zdxUkuku">warp1.png</fileName>
        </frame>
        <frame>
          <fileName from="zdxUkuku">warp2.png</fileName>
        </frame>
        <frame>
          <fileName from="zdxUkuku">warp3.png</fileName>
        </frame>
        <frame>
          <fileName from="zdxUkuku">warp4.png</fileName>
        </frame>
      </frames>
      <speed>2</speed>
      <left>199</left>
      <top>319</top>
    </image>
    <image>
      <frames>
        <frame>
          <fileName from="zdxMabeb">eneb1.png</fileName>
        </frame>
        <frame>
          <fileName from="zdxMabeb">eneb2.png</fileName>
        </frame>
        <framesAnimationSpeed>3</framesAnimationSpeed>
      </frames>
      <moveAnimation>
        <iniLeft>574</iniLeft>
        <maxLeft>648</maxLeft>
        <pixelsMoveLeft>2</pixelsMoveLeft>
      </moveAnimation>
      <imageTimer>
        <timerDelay>1500</timerDelay>
      </imageTimer>
      <events>
        <event>
          <eventType>MoveAnimationMaxLeftReached</eventType>
          <eventActions>
            <eventAction>FlipImage</eventAction>
          </eventActions>
        </event>
        <event>
          <eventType>MoveAnimationMaxRightReached</eventType>
          <eventActions>
            <eventAction>FlipImage</eventAction>
          </eventActions>
        </event>
        <event>
          <eventType>Timer</eventType>
          <eventActions>
            <eventAction>ChangeTimerDelay</eventAction>
            <eventAction>StopAnimationAndMove</eventAction>
            <eventAction>ChangeCustomCondition</eventAction>
          </eventActions>
          <whenCustomConditionIs>running</whenCustomConditionIs>
          <newTimerDelay>400</newTimerDelay>
          <newCustomCondition>stoppped</newCustomCondition>
        </event>
        <event>
          <eventType>Timer</eventType>
          <eventActions>
            <eventAction>ChangeTimerDelay</eventAction>
            <eventAction>ResumeAnimationAndMove</eventAction>
            <eventAction>ChangeCustomCondition</eventAction>
          </eventActions>
          <whenCustomConditionIs>stoppped</whenCustomConditionIs>
          <newTimerDelay>900</newTimerDelay>
          <newCustomCondition>running</newCustomCondition>
        </event>
        <defaultCustomCondition>running</defaultCustomCondition>
      </events>
      <left>600</left>
      <top>320</top>
      <speed>1</speed>
    </image>
    <image>
      <frames>
        <reUseTagFramesFromPreviousImage>true</reUseTagFramesFromPreviousImage>
        <framesAnimationSpeed>3</framesAnimationSpeed>
      </frames>
      <moveAnimation>
        <iniLeft>552</iniLeft>
        <maxLeft>632</maxLeft>
        <pixelsMoveLeft>-2</pixelsMoveLeft>
      </moveAnimation>
      <imageTimer>
        <timerDelay>2000</timerDelay>
      </imageTimer>
      <events>
        <event>
          <eventType>MoveAnimationMaxLeftReached</eventType>
          <eventActions>
            <eventAction>FlipImage</eventAction>
          </eventActions>
        </event>
        <event>
          <eventType>MoveAnimationMaxRightReached</eventType>
          <eventActions>
            <eventAction>FlipImage</eventAction>
          </eventActions>
        </event>
        <event>
          <eventType>Timer</eventType>
          <eventActions>
            <eventAction>ChangeTimerDelay</eventAction>
            <eventAction>StopAnimationAndMove</eventAction>
            <eventAction>ChangeCustomCondition</eventAction>
          </eventActions>
          <whenCustomConditionIs>running</whenCustomConditionIs>
          <newTimerDelay>400</newTimerDelay>
          <newCustomCondition>stoppped</newCustomCondition>
        </event>
        <event>
          <eventType>Timer</eventType>
          <eventActions>
            <eventAction>ChangeTimerDelay</eventAction>
            <eventAction>ResumeAnimationAndMove</eventAction>
            <eventAction>ChangeCustomCondition</eventAction>
          </eventActions>
          <whenCustomConditionIs>stoppped</whenCustomConditionIs>
          <newTimerDelay>900</newTimerDelay>
          <newCustomCondition>running</newCustomCondition>
        </event>
        <defaultCustomCondition>running</defaultCustomCondition>
      </events>
      <left>554</left>
      <top>336</top>
      <speed>1</speed>
      <flipImage>Horizontal</flipImage>
    </image>
    <image>
      <frames>
        <frameCollection>
          <frame>
            <fileName>enejump1.png</fileName>
          </frame>
          <frame>
            <fileName>enejump2.png</fileName>
          </frame>
          <repeatThisLoopForTimes>5</repeatThisLoopForTimes>
        </frameCollection>
        <frameCollection>
          <frame>
            <fileName>enejump2.png</fileName>
          </frame>
          <frame>
            <fileName>enejump3.png</fileName>
          </frame>
          <frame>
            <fileName>enejump4.png</fileName>
          </frame>
          <frame>
            <fileName>enejump5.png</fileName>
          </frame>
          <frame>
            <fileName>enejump6.png</fileName>
          </frame>
          <frame>
            <fileName>enejump5.png</fileName>
          </frame>
          <frame>
            <fileName>enejump4.png</fileName>
          </frame>
          <frame>
            <fileName>enejump3.png</fileName>
          </frame>
          <frame>
            <fileName>enejump2.png</fileName>
          </frame>
        </frameCollection>
      </frames>
      <moveAnimation>
        <iniLeft>663</iniLeft>
        <iniTop>171</iniTop>
        <maxLeft>696</maxLeft>
        <maxTop>198</maxTop>
        <pixelsMoveTop>4</pixelsMoveTop>
        <pixelsMoveLeft>3</pixelsMoveLeft>
        <moveAnimationStop>true</moveAnimationStop>
        <moveAnimationSpeed>1</moveAnimationSpeed>
      </moveAnimation>
      <events>
        <event>
          <eventType>MoveAnimationMaxTopReached</eventType>
          <eventActions>
            <eventAction>ResumeAnimation</eventAction>
            <eventAction>StopMove</eventAction>
          </eventActions>
        </event>
        <event>
          <eventType>MoveAnimationMaxBottomReached</eventType>
          <eventActions>
            <eventAction>ResumeAnimation</eventAction>
            <eventAction>StopMove</eventAction>
          </eventActions>
        </event>
        <event>
          <eventType>MoveAnimationMaxLeftReached</eventType>
          <eventActions>
            <eventAction>ResumeAnimation</eventAction>
            <eventAction>StopMove</eventAction>
          </eventActions>
        </event>
        <event>
          <eventType>MoveAnimationMaxRightReached</eventType>
          <eventActions>
            <eventAction>ResumeAnimation</eventAction>
            <eventAction>StopMove</eventAction>
          </eventActions>
        </event>
        <event>
          <eventType>FrameAnimationRepeatLoopEnds</eventType>
          <eventActions>
            <eventAction>ResumeAnimationAndMove</eventAction>
            <eventAction>ChangeFrameCollection</eventAction>
            <eventAction>ChangeSpeedAnimation</eventAction>
          </eventActions>
          <whenFrameCollectionIndexIs>0</whenFrameCollectionIndexIs>
          <changeFrameCollectionIndexTo>1</changeFrameCollectionIndexTo>
          <newSpeedAnimation>2</newSpeedAnimation>
        </event>
        <event>
          <eventType>TriggerActionByCurrentFrame</eventType>
          <eventActions>
            <eventAction>StopMove</eventAction>
            <eventAction>ChangeFrameCollection</eventAction>
            <eventAction>ChangeSpeedAnimation</eventAction>
          </eventActions>
          <newSpeedAnimation>6</newSpeedAnimation>
          <changeFrameCollectionIndexTo>0</changeFrameCollectionIndexTo>
          <whenCurrentFrameIndexIs>8</whenCurrentFrameIndexIs>
        </event>
      </events>
      <left>670</left>
      <top>180</top>
      <speed>6</speed>
    </image>
    <image>
      <frames>
        <frameCollection>
          <frame>
            <fileName>enejump1.png</fileName>
          </frame>
          <frame>
            <fileName>enejump2.png</fileName>
          </frame>
          <repeatThisLoopForTimes>7</repeatThisLoopForTimes>
        </frameCollection>
        <frameCollection>
          <frame>
            <fileName>enejump2.png</fileName>
          </frame>
          <frame>
            <fileName>enejump3.png</fileName>
          </frame>
          <frame>
            <fileName>enejump4.png</fileName>
          </frame>
          <frame>
            <fileName>enejump5.png</fileName>
          </frame>
          <frame>
            <fileName>enejump6.png</fileName>
          </frame>
          <frame>
            <fileName>enejump5.png</fileName>
          </frame>
          <frame>
            <fileName>enejump4.png</fileName>
          </frame>
          <frame>
            <fileName>enejump3.png</fileName>
          </frame>
          <frame>
            <fileName>enejump2.png</fileName>
          </frame>
        </frameCollection>
      </frames>
      <moveAnimation>
        <iniLeft>553</iniLeft>
        <iniTop>60</iniTop>
        <maxLeft>664</maxLeft>
        <maxTop>86</maxTop>
        <pixelsMoveTop>3</pixelsMoveTop>
        <pixelsMoveLeft>4</pixelsMoveLeft>
        <moveAnimationStop>true</moveAnimationStop>
        <moveAnimationSpeed>1</moveAnimationSpeed>
      </moveAnimation>
      <events>
        <event>
          <eventType>MoveAnimationMaxTopReached</eventType>
          <eventActions>
            <eventAction>ResumeAnimation</eventAction>
            <eventAction>StopMove</eventAction>
          </eventActions>
        </event>
        <event>
          <eventType>MoveAnimationMaxBottomReached</eventType>
          <eventActions>
            <eventAction>ResumeAnimation</eventAction>
            <eventAction>StopMove</eventAction>
          </eventActions>
        </event>
        <event>
          <eventType>MoveAnimationMaxLeftReached</eventType>
          <eventActions>
            <eventAction>ResumeAnimation</eventAction>
            <eventAction>StopMove</eventAction>
          </eventActions>
        </event>
        <event>
          <eventType>MoveAnimationMaxRightReached</eventType>
          <eventActions>
            <eventAction>ResumeAnimation</eventAction>
            <eventAction>StopMove</eventAction>
          </eventActions>
        </event>
        <event>
          <eventType>FrameAnimationRepeatLoopEnds</eventType>
          <eventActions>
            <eventAction>ResumeAnimationAndMove</eventAction>
            <eventAction>ChangeFrameCollection</eventAction>
            <eventAction>ChangeSpeedAnimation</eventAction>
          </eventActions>
          <whenFrameCollectionIndexIs>0</whenFrameCollectionIndexIs>
          <changeFrameCollectionIndexTo>1</changeFrameCollectionIndexTo>
          <newSpeedAnimation>2</newSpeedAnimation>
        </event>
        <event>
          <eventType>TriggerActionByCurrentFrame</eventType>
          <eventActions>
            <eventAction>StopMove</eventAction>
            <eventAction>ChangeFrameCollection</eventAction>
            <eventAction>ChangeSpeedAnimation</eventAction>
          </eventActions>
          <newSpeedAnimation>6</newSpeedAnimation>
          <changeFrameCollectionIndexTo>0</changeFrameCollectionIndexTo>
          <whenCurrentFrameIndexIs>8</whenCurrentFrameIndexIs>
        </event>
      </events>
      <left>560</left>
      <top>64</top>
      <speed>6</speed>
    </image>
    <image>
      <frames>
        <frameCollection>
          <frame>
            <fileName>enejump1.png</fileName>
          </frame>
          <frame>
            <fileName>enejump2.png</fileName>
          </frame>
          <repeatThisLoopForTimes>6</repeatThisLoopForTimes>
        </frameCollection>
        <frameCollection>
          <frame>
            <fileName>enejump2.png</fileName>
          </frame>
          <frame>
            <fileName>enejump3.png</fileName>
          </frame>
          <frame>
            <fileName>enejump4.png</fileName>
          </frame>
          <frame>
            <fileName>enejump5.png</fileName>
          </frame>
          <frame>
            <fileName>enejump6.png</fileName>
          </frame>
          <frame>
            <fileName>enejump5.png</fileName>
          </frame>
          <frame>
            <fileName>enejump4.png</fileName>
          </frame>
          <frame>
            <fileName>enejump3.png</fileName>
          </frame>
          <frame>
            <fileName>enejump2.png</fileName>
          </frame>
        </frameCollection>
      </frames>
      <moveAnimation>
        <iniLeft>553</iniLeft>
        <iniTop>60</iniTop>
        <maxLeft>664</maxLeft>
        <maxTop>86</maxTop>
        <pixelsMoveTop>3</pixelsMoveTop>
        <pixelsMoveLeft>-4</pixelsMoveLeft>
        <moveAnimationStop>true</moveAnimationStop>
        <moveAnimationSpeed>1</moveAnimationSpeed>
      </moveAnimation>
      <events>
        <event>
          <eventType>MoveAnimationMaxTopReached</eventType>
          <eventActions>
            <eventAction>ResumeAnimation</eventAction>
            <eventAction>StopMove</eventAction>
          </eventActions>
        </event>
        <event>
          <eventType>MoveAnimationMaxBottomReached</eventType>
          <eventActions>
            <eventAction>ResumeAnimation</eventAction>
            <eventAction>StopMove</eventAction>
          </eventActions>
        </event>
        <event>
          <eventType>MoveAnimationMaxLeftReached</eventType>
          <eventActions>
            <eventAction>ResumeAnimation</eventAction>
            <eventAction>StopMove</eventAction>
          </eventActions>
        </event>
        <event>
          <eventType>MoveAnimationMaxRightReached</eventType>
          <eventActions>
            <eventAction>ResumeAnimation</eventAction>
            <eventAction>StopMove</eventAction>
          </eventActions>
        </event>
        <event>
          <eventType>FrameAnimationRepeatLoopEnds</eventType>
          <eventActions>
            <eventAction>ResumeAnimationAndMove</eventAction>
            <eventAction>ChangeFrameCollection</eventAction>
            <eventAction>ChangeSpeedAnimation</eventAction>
          </eventActions>
          <whenFrameCollectionIndexIs>0</whenFrameCollectionIndexIs>
          <changeFrameCollectionIndexTo>1</changeFrameCollectionIndexTo>
          <newSpeedAnimation>2</newSpeedAnimation>
        </event>
        <event>
          <eventType>TriggerActionByCurrentFrame</eventType>
          <eventActions>
            <eventAction>StopMove</eventAction>
            <eventAction>ChangeFrameCollection</eventAction>
            <eventAction>ChangeSpeedAnimation</eventAction>
          </eventActions>
          <newSpeedAnimation>6</newSpeedAnimation>
          <changeFrameCollectionIndexTo>0</changeFrameCollectionIndexTo>
          <whenCurrentFrameIndexIs>8</whenCurrentFrameIndexIs>
        </event>
      </events>
      <left>660</left>
      <top>82</top>
      <speed>6</speed>
    </image>
    <image>
      <frames>
        <frameCollection>
          <frame>
            <fileName>enejump1.png</fileName>
          </frame>
          <frame>
            <fileName>enejump2.png</fileName>
          </frame>
          <repeatThisLoopForTimes>10</repeatThisLoopForTimes>
        </frameCollection>
        <frameCollection>
          <frame>
            <fileName>enejump2.png</fileName>
          </frame>
          <frame>
            <fileName>enejump3.png</fileName>
          </frame>
          <frame>
            <fileName>enejump4.png</fileName>
          </frame>
          <frame>
            <fileName>enejump5.png</fileName>
          </frame>
          <frame>
            <fileName>enejump6.png</fileName>
          </frame>
          <frame>
            <fileName>enejump5.png</fileName>
          </frame>
          <frame>
            <fileName>enejump4.png</fileName>
          </frame>
          <frame>
            <fileName>enejump3.png</fileName>
          </frame>
          <frame>
            <fileName>enejump2.png</fileName>
          </frame>
        </frameCollection>
      </frames>
      <moveAnimation>
        <iniLeft>420</iniLeft>
        <maxLeft>520</maxLeft>
        <pixelsMoveTop>0</pixelsMoveTop>
        <pixelsMoveLeft>4</pixelsMoveLeft>
        <moveAnimationStop>true</moveAnimationStop>
        <moveAnimationSpeed>1</moveAnimationSpeed>
      </moveAnimation>
      <events>
        <event>
          <eventType>MoveAnimationMaxLeftReached</eventType>
          <eventActions>
            <eventAction>ResumeAnimation</eventAction>
            <eventAction>StopMove</eventAction>
          </eventActions>
        </event>
        <event>
          <eventType>MoveAnimationMaxRightReached</eventType>
          <eventActions>
            <eventAction>ResumeAnimation</eventAction>
            <eventAction>StopMove</eventAction>
          </eventActions>
        </event>
        <event>
          <eventType>FrameAnimationRepeatLoopEnds</eventType>
          <eventActions>
            <eventAction>ResumeAnimationAndMove</eventAction>
            <eventAction>ChangeFrameCollection</eventAction>
            <eventAction>ChangeSpeedAnimation</eventAction>
          </eventActions>
          <whenFrameCollectionIndexIs>0</whenFrameCollectionIndexIs>
          <changeFrameCollectionIndexTo>1</changeFrameCollectionIndexTo>
          <newSpeedAnimation>2</newSpeedAnimation>
        </event>
        <event>
          <eventType>TriggerActionByCurrentFrame</eventType>
          <eventActions>
            <eventAction>StopMove</eventAction>
            <eventAction>ChangeFrameCollection</eventAction>
            <eventAction>ChangeSpeedAnimation</eventAction>
          </eventActions>
          <newSpeedAnimation>6</newSpeedAnimation>
          <changeFrameCollectionIndexTo>0</changeFrameCollectionIndexTo>
          <whenCurrentFrameIndexIs>8</whenCurrentFrameIndexIs>
        </event>
      </events>
      <left>500</left>
      <top>198</top>
      <speed>6</speed>
    </image>
    <image>
      <frames>
        <frameCollection>
          <frame>
            <fileName>enejump1.png</fileName>
          </frame>
          <frame>
            <fileName>enejump2.png</fileName>
          </frame>
          <repeatThisLoopForTimes>4</repeatThisLoopForTimes>
        </frameCollection>
        <frameCollection>
          <frame>
            <fileName>enejump2.png</fileName>
          </frame>
          <frame>
            <fileName>enejump3.png</fileName>
          </frame>
          <frame>
            <fileName>enejump4.png</fileName>
          </frame>
          <frame>
            <fileName>enejump5.png</fileName>
          </frame>
          <frame>
            <fileName>enejump6.png</fileName>
          </frame>
          <frame>
            <fileName>enejump5.png</fileName>
          </frame>
          <frame>
            <fileName>enejump4.png</fileName>
          </frame>
          <frame>
            <fileName>enejump3.png</fileName>
          </frame>
          <frame>
            <fileName>enejump2.png</fileName>
          </frame>
        </frameCollection>
      </frames>
      <moveAnimation>
        <iniLeft>285</iniLeft>
        <iniTop>406</iniTop>
        <maxLeft>394</maxLeft>
        <maxTop>422</maxTop>
        <pixelsMoveTop>2</pixelsMoveTop>
        <pixelsMoveLeft>-4</pixelsMoveLeft>
        <moveAnimationStop>true</moveAnimationStop>
        <moveAnimationSpeed>1</moveAnimationSpeed>
      </moveAnimation>
      <events>
        <event>
          <eventType>MoveAnimationMaxTopReached</eventType>
          <eventActions>
            <eventAction>ResumeAnimation</eventAction>
            <eventAction>StopMove</eventAction>
          </eventActions>
        </event>
        <event>
          <eventType>MoveAnimationMaxBottomReached</eventType>
          <eventActions>
            <eventAction>ResumeAnimation</eventAction>
            <eventAction>StopMove</eventAction>
          </eventActions>
        </event>
        <event>
          <eventType>MoveAnimationMaxLeftReached</eventType>
          <eventActions>
            <eventAction>ResumeAnimation</eventAction>
            <eventAction>StopMove</eventAction>
          </eventActions>
        </event>
        <event>
          <eventType>MoveAnimationMaxRightReached</eventType>
          <eventActions>
            <eventAction>ResumeAnimation</eventAction>
            <eventAction>StopMove</eventAction>
          </eventActions>
        </event>
        <event>
          <eventType>FrameAnimationRepeatLoopEnds</eventType>
          <eventActions>
            <eventAction>ResumeAnimationAndMove</eventAction>
            <eventAction>ChangeFrameCollection</eventAction>
            <eventAction>ChangeSpeedAnimation</eventAction>
          </eventActions>
          <whenFrameCollectionIndexIs>0</whenFrameCollectionIndexIs>
          <changeFrameCollectionIndexTo>1</changeFrameCollectionIndexTo>
          <newSpeedAnimation>2</newSpeedAnimation>
        </event>
        <event>
          <eventType>TriggerActionByCurrentFrame</eventType>
          <eventActions>
            <eventAction>StopMove</eventAction>
            <eventAction>ChangeFrameCollection</eventAction>
            <eventAction>ChangeSpeedAnimation</eventAction>
          </eventActions>
          <newSpeedAnimation>6</newSpeedAnimation>
          <changeFrameCollectionIndexTo>0</changeFrameCollectionIndexTo>
          <whenCurrentFrameIndexIs>8</whenCurrentFrameIndexIs>
        </event>
      </events>
      <left>300</left>
      <top>410</top>
      <speed>6</speed>
    </image>
    <image>
      <frames>
        <frameCollection>
          <frame>
            <fileName>enejump1.png</fileName>
          </frame>
          <frame>
            <fileName>enejump2.png</fileName>
          </frame>
          <repeatThisLoopForTimes>7</repeatThisLoopForTimes>
        </frameCollection>
        <frameCollection>
          <frame>
            <fileName>enejump2.png</fileName>
          </frame>
          <frame>
            <fileName>enejump3.png</fileName>
          </frame>
          <frame>
            <fileName>enejump4.png</fileName>
          </frame>
          <frame>
            <fileName>enejump5.png</fileName>
          </frame>
          <frame>
            <fileName>enejump6.png</fileName>
          </frame>
          <frame>
            <fileName>enejump5.png</fileName>
          </frame>
          <frame>
            <fileName>enejump4.png</fileName>
          </frame>
          <frame>
            <fileName>enejump3.png</fileName>
          </frame>
          <frame>
            <fileName>enejump2.png</fileName>
          </frame>
        </frameCollection>
      </frames>
      <moveAnimation>
        <iniLeft>280</iniLeft>
        <iniTop>94</iniTop>
        <maxLeft>312</maxLeft>
        <maxTop>117</maxTop>
        <pixelsMoveTop>2</pixelsMoveTop>
        <pixelsMoveLeft>3</pixelsMoveLeft>
        <moveAnimationStop>true</moveAnimationStop>
        <moveAnimationSpeed>1</moveAnimationSpeed>
      </moveAnimation>
      <events>
        <event>
          <eventType>MoveAnimationMaxTopReached</eventType>
          <eventActions>
            <eventAction>ResumeAnimation</eventAction>
            <eventAction>StopMove</eventAction>
          </eventActions>
        </event>
        <event>
          <eventType>MoveAnimationMaxBottomReached</eventType>
          <eventActions>
            <eventAction>ResumeAnimation</eventAction>
            <eventAction>StopMove</eventAction>
          </eventActions>
        </event>
        <event>
          <eventType>MoveAnimationMaxLeftReached</eventType>
          <eventActions>
            <eventAction>ResumeAnimation</eventAction>
            <eventAction>StopMove</eventAction>
          </eventActions>
        </event>
        <event>
          <eventType>MoveAnimationMaxRightReached</eventType>
          <eventActions>
            <eventAction>ResumeAnimation</eventAction>
            <eventAction>StopMove</eventAction>
          </eventActions>
        </event>
        <event>
          <eventType>FrameAnimationRepeatLoopEnds</eventType>
          <eventActions>
            <eventAction>ResumeAnimationAndMove</eventAction>
            <eventAction>ChangeFrameCollection</eventAction>
            <eventAction>ChangeSpeedAnimation</eventAction>
          </eventActions>
          <whenFrameCollectionIndexIs>0</whenFrameCollectionIndexIs>
          <changeFrameCollectionIndexTo>1</changeFrameCollectionIndexTo>
          <newSpeedAnimation>2</newSpeedAnimation>
        </event>
        <event>
          <eventType>TriggerActionByCurrentFrame</eventType>
          <eventActions>
            <eventAction>StopMove</eventAction>
            <eventAction>ChangeFrameCollection</eventAction>
            <eventAction>ChangeSpeedAnimation</eventAction>
          </eventActions>
          <newSpeedAnimation>6</newSpeedAnimation>
          <changeFrameCollectionIndexTo>0</changeFrameCollectionIndexTo>
          <whenCurrentFrameIndexIs>8</whenCurrentFrameIndexIs>
        </event>
      </events>
      <left>300</left>
      <top>100</top>
      <speed>6</speed>
    </image>
    <image>
      <frames>
        <frameCollection>
          <frame>
            <fileName>enejump1.png</fileName>
          </frame>
          <frame>
            <fileName>enejump2.png</fileName>
          </frame>
          <repeatThisLoopForTimes>7</repeatThisLoopForTimes>
        </frameCollection>
        <frameCollection>
          <frame>
            <fileName>enejump2.png</fileName>
          </frame>
          <frame>
            <fileName>enejump3.png</fileName>
          </frame>
          <frame>
            <fileName>enejump4.png</fileName>
          </frame>
          <frame>
            <fileName>enejump5.png</fileName>
          </frame>
          <frame>
            <fileName>enejump6.png</fileName>
          </frame>
          <frame>
            <fileName>enejump5.png</fileName>
          </frame>
          <frame>
            <fileName>enejump4.png</fileName>
          </frame>
          <frame>
            <fileName>enejump3.png</fileName>
          </frame>
          <frame>
            <fileName>enejump2.png</fileName>
          </frame>
        </frameCollection>
      </frames>
      <moveAnimation>
        <iniLeft>158</iniLeft>
        <maxLeft>238</maxLeft>
        <pixelsMoveTop>0</pixelsMoveTop>
        <pixelsMoveLeft>3</pixelsMoveLeft>
        <moveAnimationStop>true</moveAnimationStop>
        <moveAnimationSpeed>1</moveAnimationSpeed>
      </moveAnimation>
      <events>
        <event>
          <eventType>MoveAnimationMaxLeftReached</eventType>
          <eventActions>
            <eventAction>ResumeAnimation</eventAction>
            <eventAction>StopMove</eventAction>
          </eventActions>
        </event>
        <event>
          <eventType>MoveAnimationMaxRightReached</eventType>
          <eventActions>
            <eventAction>ResumeAnimation</eventAction>
            <eventAction>StopMove</eventAction>
          </eventActions>
        </event>
        <event>
          <eventType>FrameAnimationRepeatLoopEnds</eventType>
          <eventActions>
            <eventAction>ResumeAnimationAndMove</eventAction>
            <eventAction>ChangeFrameCollection</eventAction>
            <eventAction>ChangeSpeedAnimation</eventAction>
          </eventActions>
          <whenFrameCollectionIndexIs>0</whenFrameCollectionIndexIs>
          <changeFrameCollectionIndexTo>1</changeFrameCollectionIndexTo>
          <newSpeedAnimation>2</newSpeedAnimation>
        </event>
        <event>
          <eventType>TriggerActionByCurrentFrame</eventType>
          <eventActions>
            <eventAction>StopMove</eventAction>
            <eventAction>ChangeFrameCollection</eventAction>
            <eventAction>ChangeSpeedAnimation</eventAction>
          </eventActions>
          <newSpeedAnimation>6</newSpeedAnimation>
          <changeFrameCollectionIndexTo>0</changeFrameCollectionIndexTo>
          <whenCurrentFrameIndexIs>8</whenCurrentFrameIndexIs>
        </event>
      </events>
      <left>200</left>
      <top>341</top>
      <speed>6</speed>
    </image>
    <image>
      <frames>
        <frameCollection>
          <frame>
            <fileName>enejump1.png</fileName>
          </frame>
          <frame>
            <fileName>enejump2.png</fileName>
          </frame>
          <repeatThisLoopForTimes>8</repeatThisLoopForTimes>
        </frameCollection>
        <frameCollection>
          <frame>
            <fileName>enejump2.png</fileName>
          </frame>
          <frame>
            <fileName>enejump3.png</fileName>
          </frame>
          <frame>
            <fileName>enejump4.png</fileName>
          </frame>
          <frame>
            <fileName>enejump5.png</fileName>
          </frame>
          <frame>
            <fileName>enejump6.png</fileName>
          </frame>
          <frame>
            <fileName>enejump5.png</fileName>
          </frame>
          <frame>
            <fileName>enejump4.png</fileName>
          </frame>
          <frame>
            <fileName>enejump3.png</fileName>
          </frame>
          <frame>
            <fileName>enejump2.png</fileName>
          </frame>
        </frameCollection>
      </frames>
      <moveAnimation>
        <iniLeft>130</iniLeft>
        <iniTop>400</iniTop>
        <maxLeft>238</maxLeft>
        <maxTop>420</maxTop>
        <pixelsMoveTop>2</pixelsMoveTop>
        <pixelsMoveLeft>4</pixelsMoveLeft>
        <moveAnimationStop>true</moveAnimationStop>
        <moveAnimationSpeed>1</moveAnimationSpeed>
      </moveAnimation>
      <events>
        <event>
          <eventType>MoveAnimationMaxTopReached</eventType>
          <eventActions>
            <eventAction>ResumeAnimation</eventAction>
            <eventAction>StopMove</eventAction>
          </eventActions>
        </event>
        <event>
          <eventType>MoveAnimationMaxBottomReached</eventType>
          <eventActions>
            <eventAction>ResumeAnimation</eventAction>
            <eventAction>StopMove</eventAction>
          </eventActions>
        </event>
        <event>
          <eventType>MoveAnimationMaxLeftReached</eventType>
          <eventActions>
            <eventAction>ResumeAnimation</eventAction>
            <eventAction>StopMove</eventAction>
          </eventActions>
        </event>
        <event>
          <eventType>MoveAnimationMaxRightReached</eventType>
          <eventActions>
            <eventAction>ResumeAnimation</eventAction>
            <eventAction>StopMove</eventAction>
          </eventActions>
        </event>
        <event>
          <eventType>FrameAnimationRepeatLoopEnds</eventType>
          <eventActions>
            <eventAction>ResumeAnimationAndMove</eventAction>
            <eventAction>ChangeFrameCollection</eventAction>
            <eventAction>ChangeSpeedAnimation</eventAction>
          </eventActions>
          <whenFrameCollectionIndexIs>0</whenFrameCollectionIndexIs>
          <changeFrameCollectionIndexTo>1</changeFrameCollectionIndexTo>
          <newSpeedAnimation>2</newSpeedAnimation>
        </event>
        <event>
          <eventType>TriggerActionByCurrentFrame</eventType>
          <eventActions>
            <eventAction>StopMove</eventAction>
            <eventAction>ChangeFrameCollection</eventAction>
            <eventAction>ChangeSpeedAnimation</eventAction>
          </eventActions>
          <newSpeedAnimation>6</newSpeedAnimation>
          <changeFrameCollectionIndexTo>0</changeFrameCollectionIndexTo>
          <whenCurrentFrameIndexIs>8</whenCurrentFrameIndexIs>
        </event>
      </events>
      <left>140</left>
      <top>402</top>
      <speed>6</speed>
    </image>
    <image>
      <frames>
        <frameCollection>
          <frame>
            <fileName>enejump1.png</fileName>
          </frame>
          <frame>
            <fileName>enejump2.png</fileName>
          </frame>
          <repeatThisLoopForTimes>9</repeatThisLoopForTimes>
        </frameCollection>
        <frameCollection>
          <frame>
            <fileName>enejump2.png</fileName>
          </frame>
          <frame>
            <fileName>enejump3.png</fileName>
          </frame>
          <frame>
            <fileName>enejump4.png</fileName>
          </frame>
          <frame>
            <fileName>enejump5.png</fileName>
          </frame>
          <frame>
            <fileName>enejump6.png</fileName>
          </frame>
          <frame>
            <fileName>enejump5.png</fileName>
          </frame>
          <frame>
            <fileName>enejump4.png</fileName>
          </frame>
          <frame>
            <fileName>enejump3.png</fileName>
          </frame>
          <frame>
            <fileName>enejump2.png</fileName>
          </frame>
        </frameCollection>
      </frames>
      <moveAnimation>
        <iniLeft>130</iniLeft>
        <iniTop>400</iniTop>
        <maxLeft>238</maxLeft>
        <maxTop>420</maxTop>
        <pixelsMoveTop>2</pixelsMoveTop>
        <pixelsMoveLeft>-4</pixelsMoveLeft>
        <moveAnimationStop>true</moveAnimationStop>
        <moveAnimationSpeed>1</moveAnimationSpeed>
      </moveAnimation>
      <events>
        <event>
          <eventType>MoveAnimationMaxTopReached</eventType>
          <eventActions>
            <eventAction>ResumeAnimation</eventAction>
            <eventAction>StopMove</eventAction>
          </eventActions>
        </event>
        <event>
          <eventType>MoveAnimationMaxBottomReached</eventType>
          <eventActions>
            <eventAction>ResumeAnimation</eventAction>
            <eventAction>StopMove</eventAction>
          </eventActions>
        </event>
        <event>
          <eventType>MoveAnimationMaxLeftReached</eventType>
          <eventActions>
            <eventAction>ResumeAnimation</eventAction>
            <eventAction>StopMove</eventAction>
          </eventActions>
        </event>
        <event>
          <eventType>MoveAnimationMaxRightReached</eventType>
          <eventActions>
            <eventAction>ResumeAnimation</eventAction>
            <eventAction>StopMove</eventAction>
          </eventActions>
        </event>
        <event>
          <eventType>FrameAnimationRepeatLoopEnds</eventType>
          <eventActions>
            <eventAction>ResumeAnimationAndMove</eventAction>
            <eventAction>ChangeFrameCollection</eventAction>
            <eventAction>ChangeSpeedAnimation</eventAction>
          </eventActions>
          <whenFrameCollectionIndexIs>0</whenFrameCollectionIndexIs>
          <changeFrameCollectionIndexTo>1</changeFrameCollectionIndexTo>
          <newSpeedAnimation>2</newSpeedAnimation>
        </event>
        <event>
          <eventType>TriggerActionByCurrentFrame</eventType>
          <eventActions>
            <eventAction>StopMove</eventAction>
            <eventAction>ChangeFrameCollection</eventAction>
            <eventAction>ChangeSpeedAnimation</eventAction>
          </eventActions>
          <newSpeedAnimation>6</newSpeedAnimation>
          <changeFrameCollectionIndexTo>0</changeFrameCollectionIndexTo>
          <whenCurrentFrameIndexIs>8</whenCurrentFrameIndexIs>
        </event>
      </events>
      <left>236</left>
      <top>418</top>
      <speed>6</speed>
    </image>
    <image>
      <frames>
        <frameCollection>
          <frame>
            <fileName>enejump1.png</fileName>
          </frame>
          <frame>
            <fileName>enejump2.png</fileName>
          </frame>
          <repeatThisLoopForTimes>9</repeatThisLoopForTimes>
        </frameCollection>
        <frameCollection>
          <frame>
            <fileName>enejump2.png</fileName>
          </frame>
          <frame>
            <fileName>enejump3.png</fileName>
          </frame>
          <frame>
            <fileName>enejump4.png</fileName>
          </frame>
          <frame>
            <fileName>enejump5.png</fileName>
          </frame>
          <frame>
            <fileName>enejump6.png</fileName>
          </frame>
          <frame>
            <fileName>enejump5.png</fileName>
          </frame>
          <frame>
            <fileName>enejump4.png</fileName>
          </frame>
          <frame>
            <fileName>enejump3.png</fileName>
          </frame>
          <frame>
            <fileName>enejump2.png</fileName>
          </frame>
        </frameCollection>
      </frames>
      <moveAnimation>
        <iniLeft>8</iniLeft>
        <iniTop>80</iniTop>
        <maxLeft>40</maxLeft>
        <maxTop>134</maxTop>
        <pixelsMoveTop>2</pixelsMoveTop>
        <pixelsMoveLeft>-4</pixelsMoveLeft>
        <moveAnimationStop>true</moveAnimationStop>
        <moveAnimationSpeed>1</moveAnimationSpeed>
      </moveAnimation>
      <events>
        <event>
          <eventType>MoveAnimationMaxTopReached</eventType>
          <eventActions>
            <eventAction>ResumeAnimation</eventAction>
            <eventAction>StopMove</eventAction>
          </eventActions>
        </event>
        <event>
          <eventType>MoveAnimationMaxBottomReached</eventType>
          <eventActions>
            <eventAction>ResumeAnimation</eventAction>
            <eventAction>StopMove</eventAction>
          </eventActions>
        </event>
        <event>
          <eventType>MoveAnimationMaxLeftReached</eventType>
          <eventActions>
            <eventAction>ResumeAnimation</eventAction>
            <eventAction>StopMove</eventAction>
          </eventActions>
        </event>
        <event>
          <eventType>MoveAnimationMaxRightReached</eventType>
          <eventActions>
            <eventAction>ResumeAnimation</eventAction>
            <eventAction>StopMove</eventAction>
          </eventActions>
        </event>
        <event>
          <eventType>FrameAnimationRepeatLoopEnds</eventType>
          <eventActions>
            <eventAction>ResumeAnimationAndMove</eventAction>
            <eventAction>ChangeFrameCollection</eventAction>
            <eventAction>ChangeSpeedAnimation</eventAction>
          </eventActions>
          <whenFrameCollectionIndexIs>0</whenFrameCollectionIndexIs>
          <changeFrameCollectionIndexTo>1</changeFrameCollectionIndexTo>
          <newSpeedAnimation>2</newSpeedAnimation>
        </event>
        <event>
          <eventType>TriggerActionByCurrentFrame</eventType>
          <eventActions>
            <eventAction>StopMove</eventAction>
            <eventAction>ChangeFrameCollection</eventAction>
            <eventAction>ChangeSpeedAnimation</eventAction>
          </eventActions>
          <newSpeedAnimation>6</newSpeedAnimation>
          <changeFrameCollectionIndexTo>0</changeFrameCollectionIndexTo>
          <whenCurrentFrameIndexIs>8</whenCurrentFrameIndexIs>
        </event>
      </events>
      <left>30</left>
      <top>100</top>
      <speed>6</speed>
    </image>
    <image>
      <frames>
        <frame>
          <fileName>enea1.png</fileName>
        </frame>
        <frame>
          <fileName>enea2.png</fileName>
        </frame>
      </frames>
      <moveAnimation>
        <!--<iniLeft>8</iniLeft>-->
        <iniTop>320</iniTop>
        <!--<maxLeft>40</maxLeft>-->
        <maxTop>384</maxTop>
        <pixelsMoveTop>2</pixelsMoveTop>
        <pixelsMoveLeft>0</pixelsMoveLeft>
        <moveAnimationSpeed>1</moveAnimationSpeed>
      </moveAnimation>
      <speed>6</speed>
      <left>536</left>
      <top>320</top>
    </image>
    <image>
      <frames>
        <reUseTagFramesFromPreviousImage>true</reUseTagFramesFromPreviousImage>
      </frames>
      <moveAnimation>
        <iniLeft>520</iniLeft>
        <iniTop>400</iniTop>
        <maxLeft>552</maxLeft>
        <maxTop>432</maxTop>
        <pixelsMoveTop>2</pixelsMoveTop>
        <pixelsMoveLeft>1</pixelsMoveLeft>
        <moveAnimationSpeed>1</moveAnimationSpeed>
      </moveAnimation>
      <speed>6</speed>
      <left>520</left>
      <top>430</top>
    </image>
    <image>
      <frames>
        <reUseTagFramesFromPreviousImage>true</reUseTagFramesFromPreviousImage>
      </frames>
      <moveAnimation>
        <iniLeft>520</iniLeft>
        <iniTop>400</iniTop>
        <maxLeft>552</maxLeft>
        <maxTop>432</maxTop>
        <pixelsMoveTop>1</pixelsMoveTop>
        <pixelsMoveLeft>2</pixelsMoveLeft>
        <moveAnimationSpeed>1</moveAnimationSpeed>
      </moveAnimation>
      <speed>6</speed>
      <left>520</left>
      <top>413</top>
    </image>
    <image>
      <frames>
        <reUseTagFramesFromPreviousImage>true</reUseTagFramesFromPreviousImage>
      </frames>
      <moveAnimation>
        <iniLeft>276</iniLeft>
        <!--<iniTop>400</iniTop>-->
        <maxLeft>366</maxLeft>
        <!--<maxTop>432</maxTop>-->
        <pixelsMoveTop>0</pixelsMoveTop>
        <pixelsMoveLeft>2</pixelsMoveLeft>
        <moveAnimationSpeed>1</moveAnimationSpeed>
      </moveAnimation>
      <speed>6</speed>
      <left>300</left>
      <top>351</top>
    </image>
    <image>
      <frames>
        <frameCollection>
          <frame>
            <fileName from="zdxDesert">ene3a.png</fileName>
          </frame>
        </frameCollection>
        <frameCollection>
          <frame>
            <fileName from="zdxDesert">ene3b.png</fileName>
          </frame>
          <frame>
            <fileName from="zdxDesert">ene3c.png</fileName>
          </frame>
        </frameCollection>
        <framesAnimationSpeed>3</framesAnimationSpeed>
      </frames>
      <moveAnimation>
        <iniTop>48</iniTop>
        <maxTop>80</maxTop>
        <pixelsMoveTop>3</pixelsMoveTop>
        <pixelsMoveLeft>0</pixelsMoveLeft>
      </moveAnimation>
      <events>
        <event>
          <eventType>MoveAnimationMaxTopReached</eventType>
          <eventActions>
            <eventAction>ChangeFrameCollection</eventAction>
            <eventAction>StopMove</eventAction>
            <eventAction>ChangeSpeedAnimationForFrames</eventAction>
          </eventActions>
          <changeFrameCollectionIndexTo>0</changeFrameCollectionIndexTo>
          <newSpeedAnimationForFrames>40</newSpeedAnimationForFrames>
        </event>
        <event>
          <eventType>FrameAnimationLoopEnds</eventType>
          <eventActions>
            <eventAction>ChangeFrameCollection</eventAction>
            <eventAction>ResumeMove</eventAction>
            <eventAction>ChangeSpeedAnimationForFrames</eventAction>
          </eventActions>
          <changeFrameCollectionIndexTo>1</changeFrameCollectionIndexTo>
          <newSpeedAnimationForFrames>3</newSpeedAnimationForFrames>
          <whenFrameCollectionIndexIs>0</whenFrameCollectionIndexIs>
        </event>
      </events>
      <speed>1</speed>
      <left>216</left>
      <top>48</top>
    </image>
    <image>
      <frames>
        <frameCollection>
          <frame>
            <fileName from="zdxMabeb">enee0.png</fileName>
          </frame>
        </frameCollection>
        <frameCollection>
          <frame>
            <fileName from="zdxMabeb">enee.png</fileName>
          </frame>
          <frame>
            <fileName from="zdxMabeb">enee.png</fileName>
            <applyAlterationsToThisFrame>
              <alterationsToDo>FlipHorizontal</alterationsToDo>
            </applyAlterationsToThisFrame>
          </frame>
        </frameCollection>
        <framesAnimationSpeed>3</framesAnimationSpeed>
      </frames>
      <moveAnimation>
        <iniLeft>359</iniLeft>
        <maxLeft>377</maxLeft>
        <pixelsMoveTop>0</pixelsMoveTop>
        <pixelsMoveLeft>2</pixelsMoveLeft>
      </moveAnimation>
      <events>
        <event>
          <eventType>MoveAnimationMaxLeftReached</eventType>
          <eventActions>
            <eventAction>ChangeFrameCollection</eventAction>
            <eventAction>StopMove</eventAction>
            <eventAction>ChangeSpeedAnimationForFrames</eventAction>
          </eventActions>
          <changeFrameCollectionIndexTo>0</changeFrameCollectionIndexTo>
          <newSpeedAnimationForFrames>40</newSpeedAnimationForFrames>
        </event>
        <event>
          <eventType>FrameAnimationLoopEnds</eventType>
          <eventActions>
            <eventAction>ChangeFrameCollection</eventAction>
            <eventAction>ResumeMove</eventAction>
            <eventAction>ChangeSpeedAnimationForFrames</eventAction>
          </eventActions>
          <changeFrameCollectionIndexTo>1</changeFrameCollectionIndexTo>
          <newSpeedAnimationForFrames>3</newSpeedAnimationForFrames>
          <whenFrameCollectionIndexIs>0</whenFrameCollectionIndexIs>
        </event>
      </events>
      <speed>1</speed>
      <left>359</left>
      <top>64</top>
    </image>
    <image>
      <frames>
        <frameCollection>
          <frame>
            <fileName from="zdxLake">ene1a.png</fileName>
          </frame>
          <frame>
            <fileName from="zdxLake">ene1b.png</fileName>
          </frame>
          <frame>
            <fileName from="zdxLake">ene1c.png</fileName>
          </frame>
          <frame>
            <fileName from="zdxLake">ene1b.png</fileName>
          </frame>
        </frameCollection>
        <frameCollection>
          <convertImageSequenceInFrames  from="zdxLake">
            <filePreName>ene1s</filePreName>
            <startNumber>1</startNumber>
            <endNumber>13</endNumber>
            <fileNameExtension>png</fileNameExtension>
          </convertImageSequenceInFrames>
        </frameCollection>
      </frames>
      <moveAnimation>
        <iniLeft>-10</iniLeft>
        <iniTop>364</iniTop>
        <maxLeft>26</maxLeft>
        <maxTop>406</maxTop>
        <pixelsMoveLeft>-1</pixelsMoveLeft>
        <pixelsMoveTop>1</pixelsMoveTop>
        <moveAnimationSpeed>1</moveAnimationSpeed>
      </moveAnimation>
      <imageTimer>
        <timerDelay>3000</timerDelay>
      </imageTimer>
      <events>
        <event>
          <eventType>MoveAnimationMaxRightReached</eventType>
          <eventActions>
            <eventAction>FlipImage</eventAction>
          </eventActions>
        </event>
        <event>
          <eventType>MoveAnimationMaxLeftReached</eventType>
          <eventActions>
            <eventAction>FlipImage</eventAction>
          </eventActions>
        </event>

        <event>
          <eventType>Timer</eventType>
          <eventActions>
            <eventAction>ChangeFrameCollection</eventAction>
            <eventAction>StopMove</eventAction>
            <eventAction>ChangeSpeedAnimationForFrames</eventAction>
          </eventActions>
          <newSpeedAnimationForFrames>1</newSpeedAnimationForFrames>
          <changeFrameCollectionIndexTo>1</changeFrameCollectionIndexTo>
          <whenFrameCollectionIndexIs>0</whenFrameCollectionIndexIs>
        </event>
        <event>
          <eventType>FrameAnimationLoopEnds</eventType>
          <eventActions>
            <eventAction>ChangeFrameCollection</eventAction>
            <eventAction>ResumeMove</eventAction>
            <eventAction>ChangeSpeedAnimationForFrames</eventAction>
          </eventActions>
          <changeFrameCollectionIndexTo>0</changeFrameCollectionIndexTo>
          <whenFrameCollectionIndexIs>1</whenFrameCollectionIndexIs>
          <newSpeedAnimationForFrames>2</newSpeedAnimationForFrames>
        </event>
      </events>
      <left>14</left>
      <top>400</top>
      <speed>2</speed>
      <flipImage>Horizontal</flipImage>
    </image>
  </images>
</doc>
