<?xml version="1.0"?>
<doc>
  <basic type="animations">
    <screenCanvasResolution>
      <width>1354</width>
      <height>512</height>
    </screenCanvasResolution>
    <canvasResolution>
      <maxWidth>1354</maxWidth>
      <maxHeight>512</maxHeight>
    </canvasResolution>
    <bgColor>#00000000</bgColor>
  </basic>
  <images>
    <!--<image>
      <fileName>map.png</fileName>
    </image>-->
    <image>
      <frames>
        <frame>
          <fileName from="mapzCastle">flower1.png</fileName>
        </frame>
        <frame>
          <fileName from="mapzCastle">flower2.png</fileName>
        </frame>
        <frame>
          <fileName from="mapzCastle">flower3.png</fileName>
        </frame>
      </frames>
      <coordinates>
        109;208,109;224,117;216,117;232,125;176,125;192,125;208,125;224,133;200,133;216,
        125;369,413;144,445;304,493;256,501;264,589;224,597;232,621;161,629;169,637;161,
        813;160,821;168,813;176,821;184,813;192,821;200,813;208,821;216,829;208,837;217,
        845;209,853;217,869;217,861;209,869;201,861;193,869;185,861;177,869;169,861;161,
        925;177,989;177,1037;97,1053;97,1045;105,1053;145,1021;337
      </coordinates>
      <speed>5</speed>
    </image>
    <image>
      <frames>
        <frame>
          <fileName>map1a.png</fileName>
        </frame>
        <frame>
          <fileName>map1b.png</fileName>
        </frame>
        <frame>
          <fileName></fileName>
        </frame>
        <currentFrame>2</currentFrame>
      </frames>
      <left>1061</left>
      <top>0</top>
      <speed>5</speed>
    </image>
    <image>
      <frames>
        <frame>
          <fileName>map2a.png</fileName>
        </frame>
        <frame>
          <fileName>map2b.png</fileName>
        </frame>
        <frame>
          <fileName></fileName>
        </frame>
        <currentFrame>2</currentFrame>
      </frames>
      <left>0</left>
      <top>487</top>
      <speed>5</speed>
    </image>
    <image>
      <frames>
        <frame>
          <fileName from="mapzFTeller">whirlpool1.png</fileName>
        </frame>
        <frame>
          <fileName from="mapzFTeller">whirlpool2.png</fileName>
        </frame>
        <frame>
          <fileName from="mapzFTeller">whirlpool3.png</fileName>
        </frame>
        <frame>
          <fileName from="mapzFTeller">whirlpool4.png</fileName>
        </frame>
      </frames>
      <left>1206</left>
      <top>144</top>
      <speed>4</speed>
    </image>
    <image>
      <frames>
        <frame>
          <fileName>ghost1.png</fileName>
        </frame>
        <frame>
          <fileName>ghost2.png</fileName>
        </frame>
        <frame>
          <fileName>ghost3.png</fileName>
        </frame>
        <frame>
          <fileName>ghost4.png</fileName>
        </frame>
        <frame>
          <fileName>ghost5.png</fileName>
        </frame>
        <frame>
          <fileName>ghost6.png</fileName>
        </frame>
        <frame>
          <fileName>ghost7.png</fileName>
        </frame>
        <frame>
          <fileName>ghost8.png</fileName>
        </frame>
        <frame>
          <fileName>ghost9.png</fileName>
        </frame>
        <frame>
          <fileName>ghost10.png</fileName>
        </frame>
      </frames>
      <pathAnimation>
        <pathAnimationCoordinates>
          <circleRadioWidth>50</circleRadioWidth>
          <circleRadioHeight>25</circleRadioHeight>
          <circleCenterPositionLeft>845</circleCenterPositionLeft>
          <circleCenterPositionTop>200</circleCenterPositionTop>
        </pathAnimationCoordinates>
        <pathAnimationSpeed>1</pathAnimationSpeed>
        <pixelsMove>-1</pixelsMove>
        <startPosition>80</startPosition>
        <returnBackwardToTheBeginning>false</returnBackwardToTheBeginning>
      </pathAnimation>
      <events>
        <event>
          <eventType>CirclePathMaxLeftReached</eventType>
          <eventActions>
            <eventAction>FlipImage</eventAction>
          </eventActions>
        </event>
        <event>
          <eventType>CirclePathMaxRightReached</eventType>
          <eventActions>
            <eventAction>FlipImage</eventAction>
          </eventActions>
        </event>
      </events>
      <left>17</left>
      <top>36</top>
      <!--<flipImage>Horizontal</flipImage>-->
      <speed>2</speed>
    </image>
    <image>
      <frames>
        <reUseTagFramesFromPreviousImage>true</reUseTagFramesFromPreviousImage>
        <currentFrame>4</currentFrame>
      </frames>
      <pathAnimation>
        <pathAnimationCoordinates>
          <circleRadioWidth>50</circleRadioWidth>
          <circleRadioHeight>25</circleRadioHeight>
          <circleCenterPositionLeft>800</circleCenterPositionLeft>
          <circleCenterPositionTop>300</circleCenterPositionTop>
        </pathAnimationCoordinates>
        <pathAnimationSpeed>1</pathAnimationSpeed>
        <startPosition>290</startPosition>
        <returnBackwardToTheBeginning>false</returnBackwardToTheBeginning>
      </pathAnimation>
      <events>
        <event>
          <eventType>CirclePathMaxLeftReached</eventType>
          <eventActions>
            <eventAction>FlipImage</eventAction>
          </eventActions>
        </event>
        <event>
          <eventType>CirclePathMaxRightReached</eventType>
          <eventActions>
            <eventAction>FlipImage</eventAction>
          </eventActions>
        </event>
      </events>
      <left>17</left>
      <top>36</top>
      <speed>2</speed>
    </image>
    <image>
      <frames>
        <reUseTagFramesFromPreviousImage>true</reUseTagFramesFromPreviousImage>
        <currentFrame>7</currentFrame>
      </frames>
      <pathAnimation>
        <pathAnimationCoordinates>
          <circleRadioWidth>50</circleRadioWidth>
          <circleRadioHeight>25</circleRadioHeight>
          <circleCenterPositionLeft>715</circleCenterPositionLeft>
          <circleCenterPositionTop>250</circleCenterPositionTop>
        </pathAnimationCoordinates>
        <pathAnimationSpeed>1</pathAnimationSpeed>
        <startPosition>180</startPosition>
        <pixelsMove>-1</pixelsMove>
        <returnBackwardToTheBeginning>false</returnBackwardToTheBeginning>
      </pathAnimation>
      <events>
        <event>
          <eventType>CirclePathMaxLeftReached</eventType>
          <eventActions>
            <eventAction>FlipImage</eventAction>
          </eventActions>
        </event>
        <event>
          <eventType>CirclePathMaxRightReached</eventType>
          <eventActions>
            <eventAction>FlipImage</eventAction>
          </eventActions>
        </event>
      </events>
      <left>17</left>
      <top>36</top>
      <speed>2</speed>
      <flipImage>Horizontal</flipImage>
    </image>
    <image>
      <frames>
        <reUseTagFramesFromPreviousImage>true</reUseTagFramesFromPreviousImage>
        <currentFrame>9</currentFrame>
      </frames>
      <pathAnimation>
        <pathAnimationCoordinates>
          <circleRadioWidth>50</circleRadioWidth>
          <circleRadioHeight>25</circleRadioHeight>
          <circleCenterPositionLeft>600</circleCenterPositionLeft>
          <circleCenterPositionTop>230</circleCenterPositionTop>
        </pathAnimationCoordinates>
        <pathAnimationSpeed>1</pathAnimationSpeed>
        <startPosition>30</startPosition>
        <returnBackwardToTheBeginning>false</returnBackwardToTheBeginning>
      </pathAnimation>
      <events>
        <event>
          <eventType>CirclePathMaxLeftReached</eventType>
          <eventActions>
            <eventAction>FlipImage</eventAction>
          </eventActions>
        </event>
        <event>
          <eventType>CirclePathMaxRightReached</eventType>
          <eventActions>
            <eventAction>FlipImage</eventAction>
          </eventActions>
        </event>
      </events>
      <left>17</left>
      <top>36</top>
      <flipImage>Horizontal</flipImage>
      <speed>2</speed>
    </image>
    <image>
      <frames>
        <reUseTagFramesFromPreviousImage>true</reUseTagFramesFromPreviousImage>
        <currentFrame>2</currentFrame>
      </frames>
      <pathAnimation>
        <pathAnimationCoordinates>
          <circleRadioWidth>50</circleRadioWidth>
          <circleRadioHeight>25</circleRadioHeight>
          <circleCenterPositionLeft>560</circleCenterPositionLeft>
          <circleCenterPositionTop>160</circleCenterPositionTop>
        </pathAnimationCoordinates>
        <pathAnimationSpeed>1</pathAnimationSpeed>
        <startPosition>200</startPosition>
        <pixelsMove>-1</pixelsMove>
        <returnBackwardToTheBeginning>false</returnBackwardToTheBeginning>
      </pathAnimation>
      <events>
        <event>
          <eventType>CirclePathMaxLeftReached</eventType>
          <eventActions>
            <eventAction>FlipImage</eventAction>
          </eventActions>
        </event>
        <event>
          <eventType>CirclePathMaxRightReached</eventType>
          <eventActions>
            <eventAction>FlipImage</eventAction>
          </eventActions>
        </event>
      </events>
      <left>17</left>
      <top>36</top>
      <speed>2</speed>
      <flipImage>Horizontal</flipImage>
    </image>
    <image>
      <frames>
        <reUseTagFramesFromPreviousImage>true</reUseTagFramesFromPreviousImage>
        <currentFrame>5</currentFrame>
      </frames>
      <pathAnimation>
        <pathAnimationCoordinates>
          <circleRadioWidth>50</circleRadioWidth>
          <circleRadioHeight>25</circleRadioHeight>
          <circleCenterPositionLeft>540</circleCenterPositionLeft>
          <circleCenterPositionTop>280</circleCenterPositionTop>
        </pathAnimationCoordinates>
        <pathAnimationSpeed>1</pathAnimationSpeed>
        <startPosition>100</startPosition>
        <returnBackwardToTheBeginning>false</returnBackwardToTheBeginning>
      </pathAnimation>
      <events>
        <event>
          <eventType>CirclePathMaxLeftReached</eventType>
          <eventActions>
            <eventAction>FlipImage</eventAction>
          </eventActions>
        </event>
        <event>
          <eventType>CirclePathMaxRightReached</eventType>
          <eventActions>
            <eventAction>FlipImage</eventAction>
          </eventActions>
        </event>
      </events>
      <left>17</left>
      <top>36</top>
      <flipImage>Horizontal</flipImage>
      <speed>2</speed>
    </image>
    <image>
      <frames>
        <frameCollection>
          <frame>
            <fileName from="mapzCastle">soldierbwalkdown1.png</fileName>
          </frame>
          <frame>
            <fileName from="mapzCastle">soldierbwalkdown2.png</fileName>
          </frame>
          <frame>
            <fileName from="mapzCastle">soldierbwalkdown3.png</fileName>
          </frame>
          <frame>
            <fileName from="mapzCastle">soldierbwalkdown4.png</fileName>
          </frame>
        </frameCollection>
        <frameCollection>
          <frame>
            <fileName from="mapzCastle">soldierbturndown1.png</fileName>
          </frame>
          <frame>
            <fileName from="mapzCastle">soldierbturndown2.png</fileName>
          </frame>
          <frame>
            <fileName from="mapzCastle">soldierbturndown1.png</fileName>
          </frame>
          <frame>
            <fileName from="mapzCastle">soldierbturndown3.png</fileName>
          </frame>
          <repeatThisLoopForTimes>2</repeatThisLoopForTimes>
        </frameCollection>
        <frameCollection>
          <frame>
            <fileName from="mapzCastle">soldierbturnup1.png</fileName>
          </frame>
          <frame>
            <fileName from="mapzCastle">soldierbturnup2.png</fileName>
          </frame>
          <frame>
            <fileName from="mapzCastle">soldierbturnup1.png</fileName>
          </frame>
          <frame>
            <fileName from="mapzCastle">soldierbturnup3.png</fileName>
          </frame>
          <repeatThisLoopForTimes>2</repeatThisLoopForTimes>
        </frameCollection>
        <frameCollection>
          <frame>
            <fileName from="mapzCastle">soldierbwalkup1.png</fileName>
          </frame>
          <frame>
            <fileName from="mapzCastle">soldierbwalkup2.png</fileName>
          </frame>
          <frame>
            <fileName from="mapzCastle">soldierbwalkup3.png</fileName>
          </frame>
          <frame>
            <fileName from="mapzCastle">soldierbwalkup4.png</fileName>
          </frame>
        </frameCollection>
        <frameCollection>
          <frame>
            <fileName from="mapzForest">soldierbturn1l.png</fileName>
          </frame>
          <frame>
            <fileName from="mapzForest">soldierbturn2l.png</fileName>
          </frame>
          <frame>
            <fileName from="mapzForest">soldierbturn3l.png</fileName>
          </frame>
          <frame>
            <fileName from="mapzForest">soldierbturn2l.png</fileName>
          </frame>
          <repeatThisLoopForTimes>2</repeatThisLoopForTimes>
        </frameCollection>
        <frameCollection>
          <frame>
            <fileName from="mapzForest">soldierbwalk1.png</fileName>
          </frame>
          <frame>
            <fileName from="mapzForest">soldierbwalk2.png</fileName>
          </frame>
          <frame>
            <fileName from="mapzForest">soldierbwalk3.png</fileName>
          </frame>
          <frame>
            <fileName from="mapzForest">soldierbwalk4.png</fileName>
          </frame>
        </frameCollection>
      </frames>
      <moveAnimation>
        <iniTop>108</iniTop>
        <maxTop>368</maxTop>
        <pixelsMoveLeft>0</pixelsMoveLeft>
        <pixelsMoveTop>2</pixelsMoveTop>
      </moveAnimation>
      <events>
        <event>
          <eventType>MoveAnimationMaxBottomReached</eventType>
          <eventActions>
            <eventAction>StopMove</eventAction>
            <eventAction>ChangeFrameCollection</eventAction>
            <eventAction>ChangeSpeedAnimation</eventAction>
          </eventActions>
          <newSpeedAnimation>24</newSpeedAnimation>
          <whenFrameCollectionIndexIs>0</whenFrameCollectionIndexIs>
          <changeFrameCollectionIndexTo>1</changeFrameCollectionIndexTo>
        </event>
        <event>
          <eventType>FrameAnimationRepeatLoopEnds</eventType>
          <eventActions>
            <eventAction>ResumeMove</eventAction>
            <eventAction>ChangeFrameCollection</eventAction>
            <eventAction>ChangeSpeedAnimation</eventAction>
          </eventActions>
          <newSpeedAnimation>4</newSpeedAnimation>
          <whenFrameCollectionIndexIs>1</whenFrameCollectionIndexIs>
          <changeFrameCollectionIndexTo>3</changeFrameCollectionIndexTo>
        </event>
        <event>
          <eventType>MoveAnimationMaxTopReached</eventType>
          <eventActions>
            <eventAction>StopMove</eventAction>
            <eventAction>ChangeFrameCollection</eventAction>
            <eventAction>ChangeSpeedAnimation</eventAction>
          </eventActions>
          <newSpeedAnimation>24</newSpeedAnimation>
          <whenFrameCollectionIndexIs>3</whenFrameCollectionIndexIs>
          <changeFrameCollectionIndexTo>2</changeFrameCollectionIndexTo>
        </event>
        <event>
          <eventType>FrameAnimationRepeatLoopEnds</eventType>
          <eventActions>
            <eventAction>ResumeMove</eventAction>
            <eventAction>ChangeFrameCollection</eventAction>
            <eventAction>ChangeSpeedAnimation</eventAction>
          </eventActions>
          <newSpeedAnimation>4</newSpeedAnimation>
          <whenFrameCollectionIndexIs>2</whenFrameCollectionIndexIs>
          <changeFrameCollectionIndexTo>0</changeFrameCollectionIndexTo>
        </event>
      </events>
      <left>100</left>
      <top>108</top>
      <speed>4</speed>
    </image>
    <image>
      <frames>
        <reUseTagFramesFromPreviousImage>true</reUseTagFramesFromPreviousImage>
        <defaultFrameCollection>5</defaultFrameCollection>
      </frames>
      <moveAnimation>
        <iniLeft>158</iniLeft>
        <maxLeft>468</maxLeft>
        <pixelsMoveLeft>2</pixelsMoveLeft>
      </moveAnimation>
      <events>
        <event>
          <eventType>MoveAnimationMaxLeftReached</eventType>
          <eventActions>
            <eventAction>StopMove</eventAction>
            <eventAction>ChangeFrameCollection</eventAction>
            <eventAction>ChangeSpeedAnimation</eventAction>
          </eventActions>
          <newSpeedAnimation>24</newSpeedAnimation>
          <whenFrameCollectionIndexIs>5</whenFrameCollectionIndexIs>
          <changeFrameCollectionIndexTo>4</changeFrameCollectionIndexTo>
        </event>
        <event>
          <eventType>FrameAnimationRepeatLoopEnds</eventType>
          <eventActions>
            <eventAction>ResumeMove</eventAction>
            <eventAction>ChangeFrameCollection</eventAction>
            <eventAction>ChangeSpeedAnimation</eventAction>
            <eventAction>FlipImage</eventAction>
          </eventActions>
          <newSpeedAnimation>4</newSpeedAnimation>
          <whenFrameCollectionIndexIs>4</whenFrameCollectionIndexIs>
          <changeFrameCollectionIndexTo>5</changeFrameCollectionIndexTo>
        </event>
        <event>
          <eventType>MoveAnimationMaxRightReached</eventType>
          <eventActions>
            <eventAction>StopMove</eventAction>
            <eventAction>ChangeFrameCollection</eventAction>
            <eventAction>ChangeSpeedAnimation</eventAction>
          </eventActions>
          <newSpeedAnimation>24</newSpeedAnimation>
          <whenFrameCollectionIndexIs>5</whenFrameCollectionIndexIs>
          <changeFrameCollectionIndexTo>4</changeFrameCollectionIndexTo>
        </event>
      </events>
      <left>158</left>
      <top>336</top>
      <speed>4</speed>
    </image>
    <image>
      <frames>
        <reUseTagFramesFromPreviousImage>true</reUseTagFramesFromPreviousImage>
        <defaultFrameCollection>5</defaultFrameCollection>
      </frames>
      <moveAnimation>
        <iniLeft>574</iniLeft>
        <maxLeft>884</maxLeft>
        <pixelsMoveLeft>-2</pixelsMoveLeft>
      </moveAnimation>
      <events>
        <event>
          <eventType>MoveAnimationMaxLeftReached</eventType>
          <eventActions>
            <eventAction>StopMove</eventAction>
            <eventAction>ChangeFrameCollection</eventAction>
            <eventAction>ChangeSpeedAnimation</eventAction>
          </eventActions>
          <newSpeedAnimation>24</newSpeedAnimation>
          <whenFrameCollectionIndexIs>5</whenFrameCollectionIndexIs>
          <changeFrameCollectionIndexTo>4</changeFrameCollectionIndexTo>
        </event>
        <event>
          <eventType>FrameAnimationRepeatLoopEnds</eventType>
          <eventActions>
            <eventAction>ResumeMove</eventAction>
            <eventAction>ChangeFrameCollection</eventAction>
            <eventAction>ChangeSpeedAnimation</eventAction>
            <eventAction>FlipImage</eventAction>
          </eventActions>
          <newSpeedAnimation>4</newSpeedAnimation>
          <whenFrameCollectionIndexIs>4</whenFrameCollectionIndexIs>
          <changeFrameCollectionIndexTo>5</changeFrameCollectionIndexTo>
        </event>
        <event>
          <eventType>MoveAnimationMaxRightReached</eventType>
          <eventActions>
            <eventAction>StopMove</eventAction>
            <eventAction>ChangeFrameCollection</eventAction>
            <eventAction>ChangeSpeedAnimation</eventAction>
          </eventActions>
          <newSpeedAnimation>24</newSpeedAnimation>
          <whenFrameCollectionIndexIs>5</whenFrameCollectionIndexIs>
          <changeFrameCollectionIndexTo>4</changeFrameCollectionIndexTo>
        </event>
      </events>
      <left>880</left>
      <top>363</top>
      <speed>4</speed>
      <flipImage>Horizontal</flipImage>
    </image>





    <image>
      <frames>
        <reUseTagFramesFromPreviousImage>true</reUseTagFramesFromPreviousImage>
        <defaultFrameCollection>5</defaultFrameCollection>
      </frames>
      <moveAnimation>
        <iniLeft>908</iniLeft>
        <maxLeft>1118</maxLeft>
        <pixelsMoveLeft>2</pixelsMoveLeft>
      </moveAnimation>
      <events>
        <event>
          <eventType>MoveAnimationMaxLeftReached</eventType>
          <eventActions>
            <eventAction>StopMove</eventAction>
            <eventAction>ChangeFrameCollection</eventAction>
            <eventAction>ChangeSpeedAnimation</eventAction>
          </eventActions>
          <newSpeedAnimation>24</newSpeedAnimation>
          <whenFrameCollectionIndexIs>5</whenFrameCollectionIndexIs>
          <changeFrameCollectionIndexTo>4</changeFrameCollectionIndexTo>
        </event>
        <event>
          <eventType>FrameAnimationRepeatLoopEnds</eventType>
          <eventActions>
            <eventAction>ResumeMove</eventAction>
            <eventAction>ChangeFrameCollection</eventAction>
            <eventAction>ChangeSpeedAnimation</eventAction>
            <eventAction>FlipImage</eventAction>
          </eventActions>
          <newSpeedAnimation>4</newSpeedAnimation>
          <whenFrameCollectionIndexIs>4</whenFrameCollectionIndexIs>
          <changeFrameCollectionIndexTo>5</changeFrameCollectionIndexTo>
        </event>
        <event>
          <eventType>MoveAnimationMaxRightReached</eventType>
          <eventActions>
            <eventAction>StopMove</eventAction>
            <eventAction>ChangeFrameCollection</eventAction>
            <eventAction>ChangeSpeedAnimation</eventAction>
          </eventActions>
          <newSpeedAnimation>24</newSpeedAnimation>
          <whenFrameCollectionIndexIs>5</whenFrameCollectionIndexIs>
          <changeFrameCollectionIndexTo>4</changeFrameCollectionIndexTo>
        </event>
      </events>
      <left>1000</left>
      <top>350</top>
      <speed>4</speed>
    </image>

<image>
      <frames>
        <reUseTagFramesFromPreviousImage>true</reUseTagFramesFromPreviousImage>
        <defaultFrameCollection>5</defaultFrameCollection>
      </frames>
      <moveAnimation>
        <iniLeft>1220</iniLeft>
        <maxLeft>1306</maxLeft>
        <pixelsMoveLeft>-2</pixelsMoveLeft>
      </moveAnimation>
      <events>
        <event>
          <eventType>MoveAnimationMaxLeftReached</eventType>
          <eventActions>
            <eventAction>StopMove</eventAction>
            <eventAction>ChangeFrameCollection</eventAction>
            <eventAction>ChangeSpeedAnimation</eventAction>
          </eventActions>
          <newSpeedAnimation>24</newSpeedAnimation>
          <whenFrameCollectionIndexIs>5</whenFrameCollectionIndexIs>
          <changeFrameCollectionIndexTo>4</changeFrameCollectionIndexTo>
        </event>
        <event>
          <eventType>FrameAnimationRepeatLoopEnds</eventType>
          <eventActions>
            <eventAction>ResumeMove</eventAction>
            <eventAction>ChangeFrameCollection</eventAction>
            <eventAction>ChangeSpeedAnimation</eventAction>
            <eventAction>FlipImage</eventAction>
          </eventActions>
          <newSpeedAnimation>4</newSpeedAnimation>
          <whenFrameCollectionIndexIs>4</whenFrameCollectionIndexIs>
          <changeFrameCollectionIndexTo>5</changeFrameCollectionIndexTo>
        </event>
        <event>
          <eventType>MoveAnimationMaxRightReached</eventType>
          <eventActions>
            <eventAction>StopMove</eventAction>
            <eventAction>ChangeFrameCollection</eventAction>
            <eventAction>ChangeSpeedAnimation</eventAction>
          </eventActions>
          <newSpeedAnimation>24</newSpeedAnimation>
          <whenFrameCollectionIndexIs>5</whenFrameCollectionIndexIs>
          <changeFrameCollectionIndexTo>4</changeFrameCollectionIndexTo>
        </event>
      </events>
      <left>1300</left>
      <top>234</top>
      <speed>4</speed>
      <flipImage>Horizontal</flipImage>
    </image>



  </images>
</doc>
