<?xml version="1.0"?>
<doc>
  <basic type="animations">
    <screenCanvasResolution>
      <width>656</width>
      <height>544</height>
    </screenCanvasResolution>
    <canvasResolution>
      <maxWidth>656</maxWidth>
      <maxHeight>544</maxHeight>
    </canvasResolution>
    <bgColor>#00000000</bgColor>
  </basic>
  <images>
    <image>
      <fileName>map.png</fileName>
    </image>
    <image>
      <frames>
        <frame>
          <fileName>w1.png</fileName>
        </frame>
        <frame>
          <fileName>w2.png</fileName>
        </frame>
        <frame>
          <fileName>w3.png</fileName>
        </frame>
        <frame>
          <fileName></fileName>
        </frame>
      </frames>
      <speed>6</speed>
      <left>0</left>
      <top>96</top>
    </image>
    <image>
      <frames>
        <frame>
          <fileName>wb1.png</fileName>
        </frame>
        <frame>
          <fileName>wb2.png</fileName>
        </frame>
        <frame>
          <fileName>wb3.png</fileName>
        </frame>
        <frame>
          <fileName></fileName>
        </frame>
      </frames>
      <speed>6</speed>
      <left>528</left>
      <top>0</top>
    </image>
    <image>
      <frames>
        <frame>
          <fileName>wc1.png</fileName>
        </frame>
        <frame>
          <fileName>wc2.png</fileName>
        </frame>
        <frame>
          <fileName>wc3.png</fileName>
        </frame>
        <frame>
          <fileName></fileName>
        </frame>
      </frames>
      <speed>6</speed>
      <left>640</left>
      <top>96</top>
    </image>
    <image>
      <frames>
        <frameCollection>
          <frame>
            <fileName></fileName>
            <delay>20</delay>
          </frame>
          <frame>
            <fileName from="zdxMabeb">enef1.png</fileName>
          </frame>
          <frame>
            <fileName from="zdxMabeb">enef2.png</fileName>
            <delay>3</delay>
          </frame>
          <frame>
            <fileName from="zdxMabeb">enef3.png</fileName>
          </frame>
          <frame>
            <fileName from="zdxMabeb">enef4.png</fileName>
          </frame>
          <frame>
            <fileName from="zdxMabeb">enef5.png</fileName>
          </frame>
        </frameCollection>
        <frameCollection>
          <frame>
            <fileName from="zdxMabeb">enef5.png</fileName>
          </frame>
          <frame>
            <fileName from="zdxMabeb">enef6.png</fileName>
          </frame>
          <frame>
            <fileName from="zdxMabeb">enef5.png</fileName>
          </frame>
          <frame>
            <fileName from="zdxMabeb">enef7.png</fileName>
          </frame>
          <repeatThisLoopForTimes>3</repeatThisLoopForTimes>
        </frameCollection>
        <frameCollection>
          <frame>
            <fileName from="zdxMabeb">enef5.png</fileName>
            <delay>15</delay>
          </frame>
          <frame>
            <fileName from="zdxMabeb">enef2.png</fileName>
            <delay>1</delay>
          </frame>
          <frame>
            <fileName from="zdxMabeb">enef2b.png</fileName>
          </frame>
          <frame>
            <fileName from="zdxMabeb">enef2c.png</fileName>
          </frame>
          <frame>
            <fileName from="zdxMabeb">enef2d.png</fileName>
          </frame>
          <frame>
            <fileName from="zdxMabeb">enef2c.png</fileName>
          </frame>
          <frame>
            <fileName from="zdxMabeb">enef2b.png</fileName>
          </frame>
          <frame>
            <fileName from="zdxMabeb">enef2.png</fileName>
          </frame>
        </frameCollection>
        <frameCollection>
          <frame>
            <fileName from="zdxMabeb">enef5.png</fileName>
            <delay>1</delay>
          </frame>
          <frame>
            <fileName from="zdxMabeb">enef2.png</fileName>
          </frame>
          <frame>
            <fileName from="zdxMabeb">enef1.png</fileName>
          </frame>
          <frame>
            <fileName from="zdxMabeb"></fileName>
          </frame>
        </frameCollection>
        <frameCollection>
          <frame>
            <fileName></fileName>
          </frame>
          <repeatThisLoopForTimes>10</repeatThisLoopForTimes>
        </frameCollection>
      </frames>
      <moveAnimation>
        <iniLeft>573</iniLeft>
        <iniTop>436</iniTop>
        <maxLeft>596</maxLeft>
        <maxTop>457</maxTop>
        <pixelsMoveTop>2</pixelsMoveTop>
        <pixelsMoveLeft>1</pixelsMoveLeft>
        <moveAnimationStop>true</moveAnimationStop>
      </moveAnimation>
      <events>
        <event>
          <eventType>FrameAnimationLoopEnds</eventType>
          <eventActions>
            <eventAction>ChangeFrameCollection</eventAction>
            <eventAction>ChangeSpeedAnimationForFrames</eventAction>
          </eventActions>
          <newSpeedAnimationForFrames>1</newSpeedAnimationForFrames>
          <whenFrameCollectionIndexIs>0</whenFrameCollectionIndexIs>
          <changeFrameCollectionIndexTo>1</changeFrameCollectionIndexTo>
        </event>
        <event>
          <eventType>FrameAnimationRepeatLoopEnds</eventType>
          <eventActions>
            <eventAction>ChangeFrameCollection</eventAction>
          </eventActions>
          <whenFrameCollectionIndexIs>1</whenFrameCollectionIndexIs>
          <changeFrameCollectionIndexTo>2</changeFrameCollectionIndexTo>
        </event>
        <event>
          <eventType>TriggerActionByCurrentFrame</eventType>
          <eventActions>
            <eventAction>StopMove</eventAction>
          </eventActions>
          <whenCurrentFrameIndexIs>0</whenCurrentFrameIndexIs>
          <whenFrameCollectionIndexIs>2</whenFrameCollectionIndexIs>
        </event>
        <event>
          <eventType>TriggerActionByCurrentFrame</eventType>
          <eventActions>
            <eventAction>ResumeMove</eventAction>
          </eventActions>
          <whenCurrentFrameIndexIs>1</whenCurrentFrameIndexIs>
          <whenFrameCollectionIndexIs>2</whenFrameCollectionIndexIs>
        </event>
        <event>
          <eventType>MoveAnimationMaxTopReached</eventType>
          <eventType>MoveAnimationMaxBottomReached</eventType>
          <eventType>MoveAnimationMaxLeftReached</eventType>
          <eventType>MoveAnimationMaxRightReached</eventType>
          <eventActions>
            <eventAction>StopMove</eventAction>
            <eventAction>ChangeFrameCollection</eventAction>
          </eventActions>
          <changeFrameCollectionIndexTo>3</changeFrameCollectionIndexTo>
        </event>
        <event>
          <eventType>FrameAnimationLoopEnds</eventType>
          <eventActions>
            <eventAction>ChangeFrameCollection</eventAction>
          </eventActions>
          <whenFrameCollectionIndexIs>3</whenFrameCollectionIndexIs>
          <changeFrameCollectionIndexTo>4</changeFrameCollectionIndexTo>
        </event>
        <event>
          <eventType>FrameAnimationLoopEnds</eventType>
          <eventActions>
            <eventAction>ChangeFrameCollection</eventAction>
          </eventActions>
          <whenFrameCollectionIndexIs>4</whenFrameCollectionIndexIs>
          <changeFrameCollectionIndexTo>0</changeFrameCollectionIndexTo>
        </event>
      </events>
      <left>580</left>
      <top>440</top>
      <speed>2</speed>
    </image>
    <image>
      <frames>
        <reUseTagFramesFromPreviousImage>true</reUseTagFramesFromPreviousImage>
      </frames>
      <moveAnimation>
        <iniLeft>303</iniLeft>
        <iniTop>501</iniTop>
        <maxLeft>356</maxLeft>
        <maxTop>522</maxTop>
        <pixelsMoveTop>1</pixelsMoveTop>
        <pixelsMoveLeft>2</pixelsMoveLeft>
        <moveAnimationStop>true</moveAnimationStop>
      </moveAnimation>
      <events>
        <event>
          <eventType>FrameAnimationLoopEnds</eventType>
          <eventActions>
            <eventAction>ChangeFrameCollection</eventAction>
            <eventAction>ChangeSpeedAnimationForFrames</eventAction>
          </eventActions>
          <newSpeedAnimationForFrames>1</newSpeedAnimationForFrames>
          <whenFrameCollectionIndexIs>0</whenFrameCollectionIndexIs>
          <changeFrameCollectionIndexTo>1</changeFrameCollectionIndexTo>
        </event>
        <event>
          <eventType>FrameAnimationRepeatLoopEnds</eventType>
          <eventActions>
            <eventAction>ChangeFrameCollection</eventAction>
          </eventActions>
          <whenFrameCollectionIndexIs>1</whenFrameCollectionIndexIs>
          <changeFrameCollectionIndexTo>2</changeFrameCollectionIndexTo>
        </event>
        <event>
          <eventType>TriggerActionByCurrentFrame</eventType>
          <eventActions>
            <eventAction>StopMove</eventAction>
          </eventActions>
          <whenCurrentFrameIndexIs>0</whenCurrentFrameIndexIs>
          <whenFrameCollectionIndexIs>2</whenFrameCollectionIndexIs>
        </event>
        <event>
          <eventType>TriggerActionByCurrentFrame</eventType>
          <eventActions>
            <eventAction>ResumeMove</eventAction>
          </eventActions>
          <whenCurrentFrameIndexIs>1</whenCurrentFrameIndexIs>
          <whenFrameCollectionIndexIs>2</whenFrameCollectionIndexIs>
        </event>
        <event>
          <eventType>MoveAnimationMaxTopReached</eventType>
          <eventType>MoveAnimationMaxBottomReached</eventType>
          <eventType>MoveAnimationMaxLeftReached</eventType>
          <eventType>MoveAnimationMaxRightReached</eventType>
          <eventActions>
            <eventAction>StopMove</eventAction>
            <eventAction>ChangeFrameCollection</eventAction>
          </eventActions>
          <changeFrameCollectionIndexTo>3</changeFrameCollectionIndexTo>
        </event>
        <event>
          <eventType>FrameAnimationLoopEnds</eventType>
          <eventActions>
            <eventAction>ChangeFrameCollection</eventAction>
          </eventActions>
          <whenFrameCollectionIndexIs>3</whenFrameCollectionIndexIs>
          <changeFrameCollectionIndexTo>4</changeFrameCollectionIndexTo>
        </event>
        <event>
          <eventType>FrameAnimationLoopEnds</eventType>
          <eventActions>
            <eventAction>ChangeFrameCollection</eventAction>
          </eventActions>
          <whenFrameCollectionIndexIs>4</whenFrameCollectionIndexIs>
          <changeFrameCollectionIndexTo>0</changeFrameCollectionIndexTo>
        </event>
      </events>
      <left>325</left>
      <top>510</top>
      <speed>2</speed>
    </image>
    <image>
      <frames>
        <reUseTagFramesFromPreviousImage>true</reUseTagFramesFromPreviousImage>
      </frames>
      <moveAnimation>
        <iniLeft>382</iniLeft>
        <iniTop>500</iniTop>
        <maxLeft>463</maxLeft>
        <maxTop>522</maxTop>
        <pixelsMoveTop>1</pixelsMoveTop>
        <pixelsMoveLeft>-2</pixelsMoveLeft>
        <moveAnimationStop>true</moveAnimationStop>
      </moveAnimation>
      <events>
        <event>
          <eventType>FrameAnimationLoopEnds</eventType>
          <eventActions>
            <eventAction>ChangeFrameCollection</eventAction>
            <eventAction>ChangeSpeedAnimationForFrames</eventAction>
          </eventActions>
          <newSpeedAnimationForFrames>1</newSpeedAnimationForFrames>
          <whenFrameCollectionIndexIs>0</whenFrameCollectionIndexIs>
          <changeFrameCollectionIndexTo>1</changeFrameCollectionIndexTo>
        </event>
        <event>
          <eventType>FrameAnimationRepeatLoopEnds</eventType>
          <eventActions>
            <eventAction>ChangeFrameCollection</eventAction>
          </eventActions>
          <whenFrameCollectionIndexIs>1</whenFrameCollectionIndexIs>
          <changeFrameCollectionIndexTo>2</changeFrameCollectionIndexTo>
        </event>
        <event>
          <eventType>TriggerActionByCurrentFrame</eventType>
          <eventActions>
            <eventAction>StopMove</eventAction>
          </eventActions>
          <whenCurrentFrameIndexIs>0</whenCurrentFrameIndexIs>
          <whenFrameCollectionIndexIs>2</whenFrameCollectionIndexIs>
        </event>
        <event>
          <eventType>TriggerActionByCurrentFrame</eventType>
          <eventActions>
            <eventAction>ResumeMove</eventAction>
          </eventActions>
          <whenCurrentFrameIndexIs>1</whenCurrentFrameIndexIs>
          <whenFrameCollectionIndexIs>2</whenFrameCollectionIndexIs>
        </event>
        <event>
          <eventType>MoveAnimationMaxTopReached</eventType>
          <eventType>MoveAnimationMaxBottomReached</eventType>
          <eventType>MoveAnimationMaxLeftReached</eventType>
          <eventType>MoveAnimationMaxRightReached</eventType>
          <eventActions>
            <eventAction>StopMove</eventAction>
            <eventAction>ChangeFrameCollection</eventAction>
          </eventActions>
          <changeFrameCollectionIndexTo>3</changeFrameCollectionIndexTo>
        </event>
        <event>
          <eventType>FrameAnimationLoopEnds</eventType>
          <eventActions>
            <eventAction>ChangeFrameCollection</eventAction>
          </eventActions>
          <whenFrameCollectionIndexIs>3</whenFrameCollectionIndexIs>
          <changeFrameCollectionIndexTo>4</changeFrameCollectionIndexTo>
        </event>
        <event>
          <eventType>FrameAnimationLoopEnds</eventType>
          <eventActions>
            <eventAction>ChangeFrameCollection</eventAction>
          </eventActions>
          <whenFrameCollectionIndexIs>4</whenFrameCollectionIndexIs>
          <changeFrameCollectionIndexTo>0</changeFrameCollectionIndexTo>
        </event>
      </events>
      <left>400</left>
      <top>500</top>
      <speed>2</speed>
    </image>
    <image>
      <frames>
        <reUseTagFramesFromPreviousImage>true</reUseTagFramesFromPreviousImage>
      </frames>
      <moveAnimation>
        <iniLeft>382</iniLeft>
        <iniTop>500</iniTop>
        <maxLeft>463</maxLeft>
        <maxTop>522</maxTop>
        <pixelsMoveTop>-1</pixelsMoveTop>
        <pixelsMoveLeft>2</pixelsMoveLeft>
        <moveAnimationStop>true</moveAnimationStop>
      </moveAnimation>
      <events>
        <event>
          <eventType>FrameAnimationLoopEnds</eventType>
          <eventActions>
            <eventAction>ChangeFrameCollection</eventAction>
            <eventAction>ChangeSpeedAnimationForFrames</eventAction>
          </eventActions>
          <newSpeedAnimationForFrames>1</newSpeedAnimationForFrames>
          <whenFrameCollectionIndexIs>0</whenFrameCollectionIndexIs>
          <changeFrameCollectionIndexTo>1</changeFrameCollectionIndexTo>
        </event>
        <event>
          <eventType>FrameAnimationRepeatLoopEnds</eventType>
          <eventActions>
            <eventAction>ChangeFrameCollection</eventAction>
          </eventActions>
          <whenFrameCollectionIndexIs>1</whenFrameCollectionIndexIs>
          <changeFrameCollectionIndexTo>2</changeFrameCollectionIndexTo>
        </event>
        <event>
          <eventType>TriggerActionByCurrentFrame</eventType>
          <eventActions>
            <eventAction>StopMove</eventAction>
          </eventActions>
          <whenCurrentFrameIndexIs>0</whenCurrentFrameIndexIs>
          <whenFrameCollectionIndexIs>2</whenFrameCollectionIndexIs>
        </event>
        <event>
          <eventType>TriggerActionByCurrentFrame</eventType>
          <eventActions>
            <eventAction>ResumeMove</eventAction>
          </eventActions>
          <whenCurrentFrameIndexIs>1</whenCurrentFrameIndexIs>
          <whenFrameCollectionIndexIs>2</whenFrameCollectionIndexIs>
        </event>
        <event>
          <eventType>MoveAnimationMaxTopReached</eventType>
          <eventType>MoveAnimationMaxBottomReached</eventType>
          <eventType>MoveAnimationMaxLeftReached</eventType>
          <eventType>MoveAnimationMaxRightReached</eventType>
          <eventActions>
            <eventAction>StopMove</eventAction>
            <eventAction>ChangeFrameCollection</eventAction>
          </eventActions>
          <changeFrameCollectionIndexTo>3</changeFrameCollectionIndexTo>
        </event>
        <event>
          <eventType>FrameAnimationLoopEnds</eventType>
          <eventActions>
            <eventAction>ChangeFrameCollection</eventAction>
          </eventActions>
          <whenFrameCollectionIndexIs>3</whenFrameCollectionIndexIs>
          <changeFrameCollectionIndexTo>4</changeFrameCollectionIndexTo>
        </event>
        <event>
          <eventType>FrameAnimationLoopEnds</eventType>
          <eventActions>
            <eventAction>ChangeFrameCollection</eventAction>
          </eventActions>
          <whenFrameCollectionIndexIs>4</whenFrameCollectionIndexIs>
          <changeFrameCollectionIndexTo>0</changeFrameCollectionIndexTo>
        </event>
      </events>
      <left>462</left>
      <top>520</top>
      <speed>2</speed>
    </image>
    <image>
      <frames>
        <reUseTagFramesFromPreviousImage>true</reUseTagFramesFromPreviousImage>
      </frames>
      <moveAnimation>
        <iniLeft>142</iniLeft>
        <iniTop>437</iniTop>
        <maxLeft>212</maxLeft>
        <maxTop>474</maxTop>
        <pixelsMoveTop>1</pixelsMoveTop>
        <pixelsMoveLeft>2</pixelsMoveLeft>
        <moveAnimationStop>true</moveAnimationStop>
      </moveAnimation>
      <events>
        <event>
          <eventType>FrameAnimationLoopEnds</eventType>
          <eventActions>
            <eventAction>ChangeFrameCollection</eventAction>
            <eventAction>ChangeSpeedAnimationForFrames</eventAction>
          </eventActions>
          <newSpeedAnimationForFrames>1</newSpeedAnimationForFrames>
          <whenFrameCollectionIndexIs>0</whenFrameCollectionIndexIs>
          <changeFrameCollectionIndexTo>1</changeFrameCollectionIndexTo>
        </event>
        <event>
          <eventType>FrameAnimationRepeatLoopEnds</eventType>
          <eventActions>
            <eventAction>ChangeFrameCollection</eventAction>
          </eventActions>
          <whenFrameCollectionIndexIs>1</whenFrameCollectionIndexIs>
          <changeFrameCollectionIndexTo>2</changeFrameCollectionIndexTo>
        </event>
        <event>
          <eventType>TriggerActionByCurrentFrame</eventType>
          <eventActions>
            <eventAction>StopMove</eventAction>
          </eventActions>
          <whenCurrentFrameIndexIs>0</whenCurrentFrameIndexIs>
          <whenFrameCollectionIndexIs>2</whenFrameCollectionIndexIs>
        </event>
        <event>
          <eventType>TriggerActionByCurrentFrame</eventType>
          <eventActions>
            <eventAction>ResumeMove</eventAction>
          </eventActions>
          <whenCurrentFrameIndexIs>1</whenCurrentFrameIndexIs>
          <whenFrameCollectionIndexIs>2</whenFrameCollectionIndexIs>
        </event>
        <event>
          <eventType>MoveAnimationMaxTopReached</eventType>
          <eventType>MoveAnimationMaxBottomReached</eventType>
          <eventType>MoveAnimationMaxLeftReached</eventType>
          <eventType>MoveAnimationMaxRightReached</eventType>
          <eventActions>
            <eventAction>StopMove</eventAction>
            <eventAction>ChangeFrameCollection</eventAction>
          </eventActions>
          <changeFrameCollectionIndexTo>3</changeFrameCollectionIndexTo>
        </event>
        <event>
          <eventType>FrameAnimationLoopEnds</eventType>
          <eventActions>
            <eventAction>ChangeFrameCollection</eventAction>
          </eventActions>
          <whenFrameCollectionIndexIs>3</whenFrameCollectionIndexIs>
          <changeFrameCollectionIndexTo>4</changeFrameCollectionIndexTo>
        </event>
        <event>
          <eventType>FrameAnimationLoopEnds</eventType>
          <eventActions>
            <eventAction>ChangeFrameCollection</eventAction>
          </eventActions>
          <whenFrameCollectionIndexIs>4</whenFrameCollectionIndexIs>
          <changeFrameCollectionIndexTo>0</changeFrameCollectionIndexTo>
        </event>
      </events>
      <left>200</left>
      <top>450</top>
      <speed>2</speed>
    </image>
    <image>
      <frames>
        <reUseTagFramesFromPreviousImage>true</reUseTagFramesFromPreviousImage>
      </frames>
      <moveAnimation>
        <iniLeft>172</iniLeft>
        <!--<iniTop>437</iniTop>-->
        <maxLeft>252</maxLeft>
        <!--<maxTop>474</maxTop>-->
        <!--<pixelsMoveTop>1</pixelsMoveTop>-->
        <pixelsMoveLeft>2</pixelsMoveLeft>
        <moveAnimationStop>true</moveAnimationStop>
      </moveAnimation>
      <events>
        <event>
          <eventType>FrameAnimationLoopEnds</eventType>
          <eventActions>
            <eventAction>ChangeFrameCollection</eventAction>
            <eventAction>ChangeSpeedAnimationForFrames</eventAction>
          </eventActions>
          <newSpeedAnimationForFrames>1</newSpeedAnimationForFrames>
          <whenFrameCollectionIndexIs>0</whenFrameCollectionIndexIs>
          <changeFrameCollectionIndexTo>1</changeFrameCollectionIndexTo>
        </event>
        <event>
          <eventType>FrameAnimationRepeatLoopEnds</eventType>
          <eventActions>
            <eventAction>ChangeFrameCollection</eventAction>
          </eventActions>
          <whenFrameCollectionIndexIs>1</whenFrameCollectionIndexIs>
          <changeFrameCollectionIndexTo>2</changeFrameCollectionIndexTo>
        </event>
        <event>
          <eventType>TriggerActionByCurrentFrame</eventType>
          <eventActions>
            <eventAction>StopMove</eventAction>
          </eventActions>
          <whenCurrentFrameIndexIs>0</whenCurrentFrameIndexIs>
          <whenFrameCollectionIndexIs>2</whenFrameCollectionIndexIs>
        </event>
        <event>
          <eventType>TriggerActionByCurrentFrame</eventType>
          <eventActions>
            <eventAction>ResumeMove</eventAction>
          </eventActions>
          <whenCurrentFrameIndexIs>1</whenCurrentFrameIndexIs>
          <whenFrameCollectionIndexIs>2</whenFrameCollectionIndexIs>
        </event>
        <event>
          <!--<eventType>MoveAnimationMaxTopReached</eventType>
          <eventType>MoveAnimationMaxBottomReached</eventType>-->
          <eventType>MoveAnimationMaxLeftReached</eventType>
          <eventType>MoveAnimationMaxRightReached</eventType>
          <eventActions>
            <eventAction>StopMove</eventAction>
            <eventAction>ChangeFrameCollection</eventAction>
          </eventActions>
          <changeFrameCollectionIndexTo>3</changeFrameCollectionIndexTo>
        </event>
        <event>
          <eventType>FrameAnimationLoopEnds</eventType>
          <eventActions>
            <eventAction>ChangeFrameCollection</eventAction>
          </eventActions>
          <whenFrameCollectionIndexIs>3</whenFrameCollectionIndexIs>
          <changeFrameCollectionIndexTo>4</changeFrameCollectionIndexTo>
        </event>
        <event>
          <eventType>FrameAnimationLoopEnds</eventType>
          <eventActions>
            <eventAction>ChangeFrameCollection</eventAction>
          </eventActions>
          <whenFrameCollectionIndexIs>4</whenFrameCollectionIndexIs>
          <changeFrameCollectionIndexTo>0</changeFrameCollectionIndexTo>
        </event>
      </events>
      <left>200</left>
      <top>516</top>
      <speed>2</speed>
    </image>
    <image>
      <frames>
        <reUseTagFramesFromPreviousImage>true</reUseTagFramesFromPreviousImage>
      </frames>
      <moveAnimation>
        <iniLeft>190</iniLeft>
        <iniTop>330</iniTop>
        <maxLeft>212</maxLeft>
        <maxTop>407</maxTop>
        <pixelsMoveTop>2</pixelsMoveTop>
        <pixelsMoveLeft>1</pixelsMoveLeft>
        <moveAnimationStop>true</moveAnimationStop>
      </moveAnimation>
      <events>
        <event>
          <eventType>FrameAnimationLoopEnds</eventType>
          <eventActions>
            <eventAction>ChangeFrameCollection</eventAction>
            <eventAction>ChangeSpeedAnimationForFrames</eventAction>
          </eventActions>
          <newSpeedAnimationForFrames>1</newSpeedAnimationForFrames>
          <whenFrameCollectionIndexIs>0</whenFrameCollectionIndexIs>
          <changeFrameCollectionIndexTo>1</changeFrameCollectionIndexTo>
        </event>
        <event>
          <eventType>FrameAnimationRepeatLoopEnds</eventType>
          <eventActions>
            <eventAction>ChangeFrameCollection</eventAction>
          </eventActions>
          <whenFrameCollectionIndexIs>1</whenFrameCollectionIndexIs>
          <changeFrameCollectionIndexTo>2</changeFrameCollectionIndexTo>
        </event>
        <event>
          <eventType>TriggerActionByCurrentFrame</eventType>
          <eventActions>
            <eventAction>StopMove</eventAction>
          </eventActions>
          <whenCurrentFrameIndexIs>0</whenCurrentFrameIndexIs>
          <whenFrameCollectionIndexIs>2</whenFrameCollectionIndexIs>
        </event>
        <event>
          <eventType>TriggerActionByCurrentFrame</eventType>
          <eventActions>
            <eventAction>ResumeMove</eventAction>
          </eventActions>
          <whenCurrentFrameIndexIs>1</whenCurrentFrameIndexIs>
          <whenFrameCollectionIndexIs>2</whenFrameCollectionIndexIs>
        </event>
        <event>
          <eventType>MoveAnimationMaxTopReached</eventType>
          <eventType>MoveAnimationMaxBottomReached</eventType>
          <eventType>MoveAnimationMaxLeftReached</eventType>
          <eventType>MoveAnimationMaxRightReached</eventType>
          <eventActions>
            <eventAction>StopMove</eventAction>
            <eventAction>ChangeFrameCollection</eventAction>
          </eventActions>
          <changeFrameCollectionIndexTo>3</changeFrameCollectionIndexTo>
        </event>
        <event>
          <eventType>FrameAnimationLoopEnds</eventType>
          <eventActions>
            <eventAction>ChangeFrameCollection</eventAction>
          </eventActions>
          <whenFrameCollectionIndexIs>3</whenFrameCollectionIndexIs>
          <changeFrameCollectionIndexTo>4</changeFrameCollectionIndexTo>
        </event>
        <event>
          <eventType>FrameAnimationLoopEnds</eventType>
          <eventActions>
            <eventAction>ChangeFrameCollection</eventAction>
          </eventActions>
          <whenFrameCollectionIndexIs>4</whenFrameCollectionIndexIs>
          <changeFrameCollectionIndexTo>0</changeFrameCollectionIndexTo>
        </event>
      </events>
      <left>200</left>
      <top>332</top>
      <speed>2</speed>
    </image>
    <image>
      <frames>
        <reUseTagFramesFromPreviousImage>true</reUseTagFramesFromPreviousImage>
      </frames>
      <moveAnimation>
        <iniLeft>238</iniLeft>
        <iniTop>384</iniTop>
        <maxLeft>276</maxLeft>
        <maxTop>427</maxTop>
        <pixelsMoveTop>2</pixelsMoveTop>
        <pixelsMoveLeft>-1</pixelsMoveLeft>
        <moveAnimationStop>true</moveAnimationStop>
      </moveAnimation>
      <events>
        <event>
          <eventType>FrameAnimationLoopEnds</eventType>
          <eventActions>
            <eventAction>ChangeFrameCollection</eventAction>
            <eventAction>ChangeSpeedAnimationForFrames</eventAction>
          </eventActions>
          <newSpeedAnimationForFrames>1</newSpeedAnimationForFrames>
          <whenFrameCollectionIndexIs>0</whenFrameCollectionIndexIs>
          <changeFrameCollectionIndexTo>1</changeFrameCollectionIndexTo>
        </event>
        <event>
          <eventType>FrameAnimationRepeatLoopEnds</eventType>
          <eventActions>
            <eventAction>ChangeFrameCollection</eventAction>
          </eventActions>
          <whenFrameCollectionIndexIs>1</whenFrameCollectionIndexIs>
          <changeFrameCollectionIndexTo>2</changeFrameCollectionIndexTo>
        </event>
        <event>
          <eventType>TriggerActionByCurrentFrame</eventType>
          <eventActions>
            <eventAction>StopMove</eventAction>
          </eventActions>
          <whenCurrentFrameIndexIs>0</whenCurrentFrameIndexIs>
          <whenFrameCollectionIndexIs>2</whenFrameCollectionIndexIs>
        </event>
        <event>
          <eventType>TriggerActionByCurrentFrame</eventType>
          <eventActions>
            <eventAction>ResumeMove</eventAction>
          </eventActions>
          <whenCurrentFrameIndexIs>1</whenCurrentFrameIndexIs>
          <whenFrameCollectionIndexIs>2</whenFrameCollectionIndexIs>
        </event>
        <event>
          <eventType>MoveAnimationMaxTopReached</eventType>
          <eventType>MoveAnimationMaxBottomReached</eventType>
          <eventType>MoveAnimationMaxLeftReached</eventType>
          <eventType>MoveAnimationMaxRightReached</eventType>
          <eventActions>
            <eventAction>StopMove</eventAction>
            <eventAction>ChangeFrameCollection</eventAction>
          </eventActions>
          <changeFrameCollectionIndexTo>3</changeFrameCollectionIndexTo>
        </event>
        <event>
          <eventType>FrameAnimationLoopEnds</eventType>
          <eventActions>
            <eventAction>ChangeFrameCollection</eventAction>
          </eventActions>
          <whenFrameCollectionIndexIs>3</whenFrameCollectionIndexIs>
          <changeFrameCollectionIndexTo>4</changeFrameCollectionIndexTo>
        </event>
        <event>
          <eventType>FrameAnimationLoopEnds</eventType>
          <eventActions>
            <eventAction>ChangeFrameCollection</eventAction>
          </eventActions>
          <whenFrameCollectionIndexIs>4</whenFrameCollectionIndexIs>
          <changeFrameCollectionIndexTo>0</changeFrameCollectionIndexTo>
        </event>
      </events>
      <left>250</left>
      <top>390</top>
      <speed>2</speed>
    </image>
    <image>
      <frames>
        <reUseTagFramesFromPreviousImage>true</reUseTagFramesFromPreviousImage>
      </frames>
      <moveAnimation>
        <iniLeft>303</iniLeft>
        <iniTop>325</iniTop>
        <maxLeft>355</maxLeft>
        <maxTop>346</maxTop>
        <pixelsMoveTop>1</pixelsMoveTop>
        <pixelsMoveLeft>2</pixelsMoveLeft>
        <moveAnimationStop>true</moveAnimationStop>
      </moveAnimation>
      <events>
        <event>
          <eventType>FrameAnimationLoopEnds</eventType>
          <eventActions>
            <eventAction>ChangeFrameCollection</eventAction>
            <eventAction>ChangeSpeedAnimationForFrames</eventAction>
          </eventActions>
          <newSpeedAnimationForFrames>1</newSpeedAnimationForFrames>
          <whenFrameCollectionIndexIs>0</whenFrameCollectionIndexIs>
          <changeFrameCollectionIndexTo>1</changeFrameCollectionIndexTo>
        </event>
        <event>
          <eventType>FrameAnimationRepeatLoopEnds</eventType>
          <eventActions>
            <eventAction>ChangeFrameCollection</eventAction>
          </eventActions>
          <whenFrameCollectionIndexIs>1</whenFrameCollectionIndexIs>
          <changeFrameCollectionIndexTo>2</changeFrameCollectionIndexTo>
        </event>
        <event>
          <eventType>TriggerActionByCurrentFrame</eventType>
          <eventActions>
            <eventAction>StopMove</eventAction>
          </eventActions>
          <whenCurrentFrameIndexIs>0</whenCurrentFrameIndexIs>
          <whenFrameCollectionIndexIs>2</whenFrameCollectionIndexIs>
        </event>
        <event>
          <eventType>TriggerActionByCurrentFrame</eventType>
          <eventActions>
            <eventAction>ResumeMove</eventAction>
          </eventActions>
          <whenCurrentFrameIndexIs>1</whenCurrentFrameIndexIs>
          <whenFrameCollectionIndexIs>2</whenFrameCollectionIndexIs>
        </event>
        <event>
          <eventType>MoveAnimationMaxTopReached</eventType>
          <eventType>MoveAnimationMaxBottomReached</eventType>
          <eventType>MoveAnimationMaxLeftReached</eventType>
          <eventType>MoveAnimationMaxRightReached</eventType>
          <eventActions>
            <eventAction>StopMove</eventAction>
            <eventAction>ChangeFrameCollection</eventAction>
          </eventActions>
          <changeFrameCollectionIndexTo>3</changeFrameCollectionIndexTo>
        </event>
        <event>
          <eventType>FrameAnimationLoopEnds</eventType>
          <eventActions>
            <eventAction>ChangeFrameCollection</eventAction>
          </eventActions>
          <whenFrameCollectionIndexIs>3</whenFrameCollectionIndexIs>
          <changeFrameCollectionIndexTo>4</changeFrameCollectionIndexTo>
        </event>
        <event>
          <eventType>FrameAnimationLoopEnds</eventType>
          <eventActions>
            <eventAction>ChangeFrameCollection</eventAction>
          </eventActions>
          <whenFrameCollectionIndexIs>4</whenFrameCollectionIndexIs>
          <changeFrameCollectionIndexTo>0</changeFrameCollectionIndexTo>
        </event>
      </events>
      <left>320</left>
      <top>330</top>
      <speed>2</speed>
    </image>
    <image>
      <frames>
        <reUseTagFramesFromPreviousImage>true</reUseTagFramesFromPreviousImage>
      </frames>
      <moveAnimation>
        <!--<iniLeft>30</iniLeft>-->
        <iniTop>452</iniTop>
        <!--<maxLeft>52</maxLeft>-->
        <maxTop>521</maxTop>
        <pixelsMoveTop>-2</pixelsMoveTop>
        <!--<pixelsMoveLeft>2</pixelsMoveLeft>-->
        <moveAnimationStop>true</moveAnimationStop>
      </moveAnimation>
      <events>
        <event>
          <eventType>FrameAnimationLoopEnds</eventType>
          <eventActions>
            <eventAction>ChangeFrameCollection</eventAction>
            <eventAction>ChangeSpeedAnimationForFrames</eventAction>
          </eventActions>
          <newSpeedAnimationForFrames>1</newSpeedAnimationForFrames>
          <whenFrameCollectionIndexIs>0</whenFrameCollectionIndexIs>
          <changeFrameCollectionIndexTo>1</changeFrameCollectionIndexTo>
        </event>
        <event>
          <eventType>FrameAnimationRepeatLoopEnds</eventType>
          <eventActions>
            <eventAction>ChangeFrameCollection</eventAction>
          </eventActions>
          <whenFrameCollectionIndexIs>1</whenFrameCollectionIndexIs>
          <changeFrameCollectionIndexTo>2</changeFrameCollectionIndexTo>
        </event>
        <event>
          <eventType>TriggerActionByCurrentFrame</eventType>
          <eventActions>
            <eventAction>StopMove</eventAction>
          </eventActions>
          <whenCurrentFrameIndexIs>0</whenCurrentFrameIndexIs>
          <whenFrameCollectionIndexIs>2</whenFrameCollectionIndexIs>
        </event>
        <event>
          <eventType>TriggerActionByCurrentFrame</eventType>
          <eventActions>
            <eventAction>ResumeMove</eventAction>
          </eventActions>
          <whenCurrentFrameIndexIs>1</whenCurrentFrameIndexIs>
          <whenFrameCollectionIndexIs>2</whenFrameCollectionIndexIs>
        </event>
        <event>
          <eventType>MoveAnimationMaxTopReached</eventType>
          <eventType>MoveAnimationMaxBottomReached</eventType>
          <!--<eventType>MoveAnimationMaxLeftReached</eventType>
          <eventType>MoveAnimationMaxRightReached</eventType>-->
          <eventActions>
            <eventAction>StopMove</eventAction>
            <eventAction>ChangeFrameCollection</eventAction>
          </eventActions>
          <changeFrameCollectionIndexTo>3</changeFrameCollectionIndexTo>
        </event>
        <event>
          <eventType>FrameAnimationLoopEnds</eventType>
          <eventActions>
            <eventAction>ChangeFrameCollection</eventAction>
          </eventActions>
          <whenFrameCollectionIndexIs>3</whenFrameCollectionIndexIs>
          <changeFrameCollectionIndexTo>4</changeFrameCollectionIndexTo>
        </event>
        <event>
          <eventType>FrameAnimationLoopEnds</eventType>
          <eventActions>
            <eventAction>ChangeFrameCollection</eventAction>
          </eventActions>
          <whenFrameCollectionIndexIs>4</whenFrameCollectionIndexIs>
          <changeFrameCollectionIndexTo>0</changeFrameCollectionIndexTo>
        </event>
      </events>
      <left>40</left>
      <top>518</top>
      <speed>2</speed>
    </image>
    <image>
      <frames>
        <reUseTagFramesFromPreviousImage>true</reUseTagFramesFromPreviousImage>
      </frames>
      <moveAnimation>
        <iniLeft>94</iniLeft>
        <iniTop>482</iniTop>
        <maxLeft>115</maxLeft>
        <maxTop>521</maxTop>
        <pixelsMoveTop>-2</pixelsMoveTop>
        <pixelsMoveLeft>1</pixelsMoveLeft>
        <moveAnimationStop>true</moveAnimationStop>
      </moveAnimation>
      <events>
        <event>
          <eventType>FrameAnimationLoopEnds</eventType>
          <eventActions>
            <eventAction>ChangeFrameCollection</eventAction>
            <eventAction>ChangeSpeedAnimationForFrames</eventAction>
          </eventActions>
          <newSpeedAnimationForFrames>1</newSpeedAnimationForFrames>
          <whenFrameCollectionIndexIs>0</whenFrameCollectionIndexIs>
          <changeFrameCollectionIndexTo>1</changeFrameCollectionIndexTo>
        </event>
        <event>
          <eventType>FrameAnimationRepeatLoopEnds</eventType>
          <eventActions>
            <eventAction>ChangeFrameCollection</eventAction>
          </eventActions>
          <whenFrameCollectionIndexIs>1</whenFrameCollectionIndexIs>
          <changeFrameCollectionIndexTo>2</changeFrameCollectionIndexTo>
        </event>
        <event>
          <eventType>TriggerActionByCurrentFrame</eventType>
          <eventActions>
            <eventAction>StopMove</eventAction>
          </eventActions>
          <whenCurrentFrameIndexIs>0</whenCurrentFrameIndexIs>
          <whenFrameCollectionIndexIs>2</whenFrameCollectionIndexIs>
        </event>
        <event>
          <eventType>TriggerActionByCurrentFrame</eventType>
          <eventActions>
            <eventAction>ResumeMove</eventAction>
          </eventActions>
          <whenCurrentFrameIndexIs>1</whenCurrentFrameIndexIs>
          <whenFrameCollectionIndexIs>2</whenFrameCollectionIndexIs>
        </event>
        <event>
          <eventType>MoveAnimationMaxTopReached</eventType>
          <eventType>MoveAnimationMaxBottomReached</eventType>
          <eventType>MoveAnimationMaxLeftReached</eventType>
          <eventType>MoveAnimationMaxRightReached</eventType>
          <eventActions>
            <eventAction>StopMove</eventAction>
            <eventAction>ChangeFrameCollection</eventAction>
          </eventActions>
          <changeFrameCollectionIndexTo>3</changeFrameCollectionIndexTo>
        </event>
        <event>
          <eventType>FrameAnimationLoopEnds</eventType>
          <eventActions>
            <eventAction>ChangeFrameCollection</eventAction>
          </eventActions>
          <whenFrameCollectionIndexIs>3</whenFrameCollectionIndexIs>
          <changeFrameCollectionIndexTo>4</changeFrameCollectionIndexTo>
        </event>
        <event>
          <eventType>FrameAnimationLoopEnds</eventType>
          <eventActions>
            <eventAction>ChangeFrameCollection</eventAction>
          </eventActions>
          <whenFrameCollectionIndexIs>4</whenFrameCollectionIndexIs>
          <changeFrameCollectionIndexTo>0</changeFrameCollectionIndexTo>
        </event>
      </events>
      <left>94</left>
      <top>518</top>
      <speed>2</speed>
    </image>
    <image>
      <frames>
        <frame>
          <fileName from="zdxMabeb">enef2.png</fileName>
        </frame>
        <frame>
          <fileName from="zdxMabeb">enef5.png</fileName>
        </frame>
        <framesAnimationSpeed>4</framesAnimationSpeed>
      </frames>
      <applyAlterations>
        <alterationsToDo>ApplyNewPaletteColor</alterationsToDo>
        <basicPaletteColor>
          255,16,168,64
        </basicPaletteColor>
        <newPaletteColor>
          255,248,8,40
        </newPaletteColor>
      </applyAlterations>
      <moveAnimation>
        <iniLeft>462</iniLeft>
        <iniTop>436</iniTop>
        <maxLeft>515</maxLeft>
        <maxTop>457</maxTop>
        <pixelsMoveTop>1</pixelsMoveTop>
        <pixelsMoveLeft>2</pixelsMoveLeft>
      </moveAnimation>
      <events>
        <event>
          <eventType>TriggerActionByCurrentFrame</eventType>
          <eventActions>
            <eventAction>StopMove</eventAction>
          </eventActions>
          <whenCurrentFrameIndexIs>1</whenCurrentFrameIndexIs>
        </event>
        <event>
          <eventType>TriggerActionByCurrentFrame</eventType>
          <eventActions>
            <eventAction>ResumeMove</eventAction>
          </eventActions>
          <whenCurrentFrameIndexIs>0</whenCurrentFrameIndexIs>
        </event>
      </events>
      <left>470</left>
      <top>440</top>
      <speed>4</speed>
    </image>
    <image>
      <frames>
        <frameCollection>
          <frame>
            <fileName from="zdxTalTalMountain">enejump1.png</fileName>
          </frame>
          <frame>
            <fileName from="zdxTalTalMountain">enejump2.png</fileName>
          </frame>
          <repeatThisLoopForTimes>5</repeatThisLoopForTimes>
        </frameCollection>
        <frameCollection>
          <frame>
            <fileName from="zdxTalTalMountain">enejump2.png</fileName>
          </frame>
          <frame>
            <fileName from="zdxTalTalMountain">enejump3.png</fileName>
          </frame>
          <frame>
            <fileName from="zdxTalTalMountain">enejump4.png</fileName>
          </frame>
          <frame>
            <fileName from="zdxTalTalMountain">enejump5.png</fileName>
          </frame>
          <frame>
            <fileName from="zdxTalTalMountain">enejump6.png</fileName>
          </frame>
          <frame>
            <fileName from="zdxTalTalMountain">enejump5.png</fileName>
          </frame>
          <frame>
            <fileName from="zdxTalTalMountain">enejump4.png</fileName>
          </frame>
          <frame>
            <fileName from="zdxTalTalMountain">enejump3.png</fileName>
          </frame>
          <frame>
            <fileName from="zdxTalTalMountain">enejump2.png</fileName>
          </frame>
        </frameCollection>
      </frames>
      <moveAnimation>
        <iniTop>118</iniTop>
        <maxTop>212</maxTop>
        <pixelsMoveTop>4</pixelsMoveTop>
        <moveAnimationStop>true</moveAnimationStop>
        <moveAnimationSpeed>1</moveAnimationSpeed>
      </moveAnimation>
      <events>
        <event>
          <eventType>MoveAnimationMaxTopReached</eventType>
          <eventType>MoveAnimationMaxBottomReached</eventType>
          <eventActions>
            <eventAction>ResumeAnimation</eventAction>
            <eventAction>StopMove</eventAction>
          </eventActions>
        </event>
        <event>
          <eventType>FrameAnimationRepeatLoopEnds</eventType>
          <eventActions>
            <eventAction>ResumeAnimationAndMove</eventAction>
            <eventAction>ChangeFrameCollection</eventAction>
            <eventAction>ChangeSpeedAnimation</eventAction>
          </eventActions>
          <whenFrameCollectionIndexIs>0</whenFrameCollectionIndexIs>
          <changeFrameCollectionIndexTo>1</changeFrameCollectionIndexTo>
          <newSpeedAnimation>2</newSpeedAnimation>
        </event>
        <event>
          <eventType>TriggerActionByCurrentFrame</eventType>
          <eventActions>
            <eventAction>StopMove</eventAction>
            <eventAction>ChangeFrameCollection</eventAction>
            <eventAction>ChangeSpeedAnimation</eventAction>
          </eventActions>
          <newSpeedAnimation>6</newSpeedAnimation>
          <changeFrameCollectionIndexTo>0</changeFrameCollectionIndexTo>
          <whenCurrentFrameIndexIs>8</whenCurrentFrameIndexIs>
        </event>
      </events>
      <left>600</left>
      <top>120</top>
      <speed>6</speed>
    </image>
    <image>
      <frames>
        <frameCollection>
          <frame>
            <fileName from="zdxTalTalMountain">enejump1.png</fileName>
          </frame>
          <frame>
            <fileName from="zdxTalTalMountain">enejump2.png</fileName>
          </frame>
          <repeatThisLoopForTimes>7</repeatThisLoopForTimes>
        </frameCollection>
        <frameCollection>
          <frame>
            <fileName from="zdxTalTalMountain">enejump2.png</fileName>
          </frame>
          <frame>
            <fileName from="zdxTalTalMountain">enejump3.png</fileName>
          </frame>
          <frame>
            <fileName from="zdxTalTalMountain">enejump4.png</fileName>
          </frame>
          <frame>
            <fileName from="zdxTalTalMountain">enejump5.png</fileName>
          </frame>
          <frame>
            <fileName from="zdxTalTalMountain">enejump6.png</fileName>
          </frame>
          <frame>
            <fileName from="zdxTalTalMountain">enejump5.png</fileName>
          </frame>
          <frame>
            <fileName from="zdxTalTalMountain">enejump4.png</fileName>
          </frame>
          <frame>
            <fileName from="zdxTalTalMountain">enejump3.png</fileName>
          </frame>
          <frame>
            <fileName from="zdxTalTalMountain">enejump2.png</fileName>
          </frame>
        </frameCollection>
      </frames>
      <moveAnimation>
        <iniLeft>400</iniLeft>
        <maxLeft>520</maxLeft>
        <pixelsMoveLeft>3</pixelsMoveLeft>
        <moveAnimationStop>true</moveAnimationStop>
        <moveAnimationSpeed>1</moveAnimationSpeed>
      </moveAnimation>
      <events>
        <event>
          <eventType>MoveAnimationMaxRightReached</eventType>
          <eventType>MoveAnimationMaxLeftReached</eventType>
          <eventActions>
            <eventAction>ResumeAnimation</eventAction>
            <eventAction>StopMove</eventAction>
          </eventActions>
        </event>
        <event>
          <eventType>FrameAnimationRepeatLoopEnds</eventType>
          <eventActions>
            <eventAction>ResumeAnimationAndMove</eventAction>
            <eventAction>ChangeFrameCollection</eventAction>
            <eventAction>ChangeSpeedAnimation</eventAction>
          </eventActions>
          <whenFrameCollectionIndexIs>0</whenFrameCollectionIndexIs>
          <changeFrameCollectionIndexTo>1</changeFrameCollectionIndexTo>
          <newSpeedAnimation>2</newSpeedAnimation>
        </event>
        <event>
          <eventType>TriggerActionByCurrentFrame</eventType>
          <eventActions>
            <eventAction>StopMove</eventAction>
            <eventAction>ChangeFrameCollection</eventAction>
            <eventAction>ChangeSpeedAnimation</eventAction>
          </eventActions>
          <newSpeedAnimation>6</newSpeedAnimation>
          <changeFrameCollectionIndexTo>0</changeFrameCollectionIndexTo>
          <whenCurrentFrameIndexIs>8</whenCurrentFrameIndexIs>
        </event>
      </events>
      <left>410</left>
      <top>246</top>
      <speed>6</speed>
    </image>
    <image>
      <frames>
        <frameCollection>
          <frame>
            <fileName from="zdxTalTalMountain">enejump1.png</fileName>
          </frame>
          <frame>
            <fileName from="zdxTalTalMountain">enejump2.png</fileName>
          </frame>
          <repeatThisLoopForTimes>9</repeatThisLoopForTimes>
        </frameCollection>
        <frameCollection>
          <frame>
            <fileName from="zdxTalTalMountain">enejump2.png</fileName>
          </frame>
          <frame>
            <fileName from="zdxTalTalMountain">enejump3.png</fileName>
          </frame>
          <frame>
            <fileName from="zdxTalTalMountain">enejump4.png</fileName>
          </frame>
          <frame>
            <fileName from="zdxTalTalMountain">enejump5.png</fileName>
          </frame>
          <frame>
            <fileName from="zdxTalTalMountain">enejump6.png</fileName>
          </frame>
          <frame>
            <fileName from="zdxTalTalMountain">enejump5.png</fileName>
          </frame>
          <frame>
            <fileName from="zdxTalTalMountain">enejump4.png</fileName>
          </frame>
          <frame>
            <fileName from="zdxTalTalMountain">enejump3.png</fileName>
          </frame>
          <frame>
            <fileName from="zdxTalTalMountain">enejump2.png</fileName>
          </frame>
        </frameCollection>
      </frames>
      <moveAnimation>
        <iniLeft>320</iniLeft>
        <maxLeft>384</maxLeft>
        <pixelsMoveLeft>-3</pixelsMoveLeft>
        <moveAnimationStop>true</moveAnimationStop>
        <moveAnimationSpeed>1</moveAnimationSpeed>
      </moveAnimation>
      <events>
        <event>
          <eventType>MoveAnimationMaxRightReached</eventType>
          <eventType>MoveAnimationMaxLeftReached</eventType>
          <eventActions>
            <eventAction>ResumeAnimation</eventAction>
            <eventAction>StopMove</eventAction>
          </eventActions>
        </event>
        <event>
          <eventType>FrameAnimationRepeatLoopEnds</eventType>
          <eventActions>
            <eventAction>ResumeAnimationAndMove</eventAction>
            <eventAction>ChangeFrameCollection</eventAction>
            <eventAction>ChangeSpeedAnimation</eventAction>
          </eventActions>
          <whenFrameCollectionIndexIs>0</whenFrameCollectionIndexIs>
          <changeFrameCollectionIndexTo>1</changeFrameCollectionIndexTo>
          <newSpeedAnimation>2</newSpeedAnimation>
        </event>
        <event>
          <eventType>TriggerActionByCurrentFrame</eventType>
          <eventActions>
            <eventAction>StopMove</eventAction>
            <eventAction>ChangeFrameCollection</eventAction>
            <eventAction>ChangeSpeedAnimation</eventAction>
          </eventActions>
          <newSpeedAnimation>6</newSpeedAnimation>
          <changeFrameCollectionIndexTo>0</changeFrameCollectionIndexTo>
          <whenCurrentFrameIndexIs>8</whenCurrentFrameIndexIs>
        </event>
      </events>
      <left>380</left>
      <top>229</top>
      <speed>6</speed>
    </image>
    <image>
      <frames>
        <frameCollection>
          <frame>
            <fileName>ene2.png</fileName>
          </frame>
          <repeatThisLoopForTimes>15</repeatThisLoopForTimes>
        </frameCollection>
        <frameCollection>
          <frame>
            <fileName>ene2.png</fileName>
            <delay>1</delay>
          </frame>
          <frame>
            <fileName>ene3.png</fileName>
          </frame>
          <frame>
            <fileName>ene2.png</fileName>
          </frame>
          <frame>
            <fileName>ene1.png</fileName>
          </frame>
          <repeatThisLoopForTimes>5</repeatThisLoopForTimes>
        </frameCollection>
        <frameCollection>
          <frame>
            <fileName>ene2.png</fileName>
            <delay>6</delay>
          </frame>
          <frame>
            <fileName>ene4.png</fileName>
          </frame>
        </frameCollection>
      </frames>
      <moveAnimation>
        <iniTop>480</iniTop>
        <maxTop>528</maxTop>
        <pixelsMoveTop>1</pixelsMoveTop>
        <moveAnimationSpeed>1</moveAnimationSpeed>
        <moveAnimationStop>true</moveAnimationStop>
      </moveAnimation>
      <events>
        <event>
          <eventType>FrameAnimationRepeatLoopEnds</eventType>
          <eventActions>
            <eventAction>ChangeFrameCollection</eventAction>
          </eventActions>
          <changeFrameCollectionIndexTo>1</changeFrameCollectionIndexTo>
          <whenFrameCollectionIndexIs>0</whenFrameCollectionIndexIs>
        </event>
        <event>
          <eventType>FrameAnimationRepeatLoopEnds</eventType>
          <eventActions>
            <eventAction>ChangeFrameCollection</eventAction>
            <eventAction>ResumeMove</eventAction>
          </eventActions>
          <changeFrameCollectionIndexTo>2</changeFrameCollectionIndexTo>
          <whenFrameCollectionIndexIs>1</whenFrameCollectionIndexIs>
        </event>
        <event>
          <eventType>MoveAnimationMaxTopReached</eventType>
          <eventActions>
            <eventAction>ChangeFrameCollection</eventAction>
            <eventAction>StopMove</eventAction>
          </eventActions>
          <changeFrameCollectionIndexTo>0</changeFrameCollectionIndexTo>
          <whenFrameCollectionIndexIs>2</whenFrameCollectionIndexIs>
        </event>
      </events>
      <speed>6</speed>
      <left>511</left>
      <top>480</top>
    </image>
    <image>
      <frames>
        <frameCollection>
          <frame>
            <fileName>ene2.png</fileName>
          </frame>
          <repeatThisLoopForTimes>12</repeatThisLoopForTimes>
        </frameCollection>
        <frameCollection>
          <frame>
            <fileName>ene2.png</fileName>
            <delay>1</delay>
          </frame>
          <frame>
            <fileName>ene3.png</fileName>
          </frame>
          <frame>
            <fileName>ene2.png</fileName>
          </frame>
          <frame>
            <fileName>ene1.png</fileName>
          </frame>
          <repeatThisLoopForTimes>5</repeatThisLoopForTimes>
        </frameCollection>
        <frameCollection>
          <frame>
            <fileName>ene2.png</fileName>
            <delay>6</delay>
          </frame>
          <frame>
            <fileName>ene4.png</fileName>
          </frame>
        </frameCollection>
      </frames>
      <moveAnimation>
        <iniLeft>303</iniLeft>
        <maxLeft>367</maxLeft>
        <pixelsMoveLeft>-1</pixelsMoveLeft>
        <moveAnimationSpeed>1</moveAnimationSpeed>
        <moveAnimationStop>true</moveAnimationStop>
      </moveAnimation>
      <events>
        <event>
          <eventType>FrameAnimationRepeatLoopEnds</eventType>
          <eventActions>
            <eventAction>ChangeFrameCollection</eventAction>
          </eventActions>
          <changeFrameCollectionIndexTo>1</changeFrameCollectionIndexTo>
          <whenFrameCollectionIndexIs>0</whenFrameCollectionIndexIs>
        </event>
        <event>
          <eventType>FrameAnimationRepeatLoopEnds</eventType>
          <eventActions>
            <eventAction>ChangeFrameCollection</eventAction>
            <eventAction>ResumeMove</eventAction>
          </eventActions>
          <changeFrameCollectionIndexTo>2</changeFrameCollectionIndexTo>
          <whenFrameCollectionIndexIs>1</whenFrameCollectionIndexIs>
        </event>
        <event>
          <eventType>MoveAnimationMaxRightReached</eventType>
          <eventActions>
            <eventAction>ChangeFrameCollection</eventAction>
            <eventAction>StopMove</eventAction>
          </eventActions>
          <changeFrameCollectionIndexTo>0</changeFrameCollectionIndexTo>
          <whenFrameCollectionIndexIs>2</whenFrameCollectionIndexIs>
        </event>
      </events>
      <speed>6</speed>
      <left>367</left>
      <top>448</top>
    </image>
    <image>
      <frames>
        <frameCollection>
          <frame>
            <fileName>ene2.png</fileName>
          </frame>
          <repeatThisLoopForTimes>10</repeatThisLoopForTimes>
        </frameCollection>
        <frameCollection>
          <frame>
            <fileName>ene2.png</fileName>
            <delay>1</delay>
          </frame>
          <frame>
            <fileName>ene3.png</fileName>
          </frame>
          <frame>
            <fileName>ene2.png</fileName>
          </frame>
          <frame>
            <fileName>ene1.png</fileName>
          </frame>
          <repeatThisLoopForTimes>5</repeatThisLoopForTimes>
        </frameCollection>
        <frameCollection>
          <frame>
            <fileName>ene2.png</fileName>
            <delay>6</delay>
          </frame>
          <frame>
            <fileName>ene4.png</fileName>
          </frame>
        </frameCollection>
      </frames>
      <moveAnimation>
        <iniLeft>157</iniLeft>
        <maxLeft>207</maxLeft>
        <pixelsMoveLeft>-1</pixelsMoveLeft>
        <moveAnimationSpeed>1</moveAnimationSpeed>
        <moveAnimationStop>true</moveAnimationStop>
      </moveAnimation>
      <events>
        <event>
          <eventType>FrameAnimationRepeatLoopEnds</eventType>
          <eventActions>
            <eventAction>ChangeFrameCollection</eventAction>
          </eventActions>
          <changeFrameCollectionIndexTo>1</changeFrameCollectionIndexTo>
          <whenFrameCollectionIndexIs>0</whenFrameCollectionIndexIs>
        </event>
        <event>
          <eventType>FrameAnimationRepeatLoopEnds</eventType>
          <eventActions>
            <eventAction>ChangeFrameCollection</eventAction>
            <eventAction>ResumeMove</eventAction>
          </eventActions>
          <changeFrameCollectionIndexTo>2</changeFrameCollectionIndexTo>
          <whenFrameCollectionIndexIs>1</whenFrameCollectionIndexIs>
        </event>
        <event>
          <eventType>MoveAnimationMaxRightReached</eventType>
          <eventActions>
            <eventAction>ChangeFrameCollection</eventAction>
            <eventAction>StopMove</eventAction>
          </eventActions>
          <changeFrameCollectionIndexTo>0</changeFrameCollectionIndexTo>
          <whenFrameCollectionIndexIs>2</whenFrameCollectionIndexIs>
        </event>
      </events>
      <speed>6</speed>
      <left>207</left>
      <top>464</top>
    </image>
    <image>
      <frames>
        <frameCollection>
          <frame>
            <fileName from="zdxLake">ene1a.png</fileName>
          </frame>
          <frame>
            <fileName from="zdxLake">ene1b.png</fileName>
          </frame>
          <frame>
            <fileName from="zdxLake">ene1c.png</fileName>
          </frame>
          <frame>
            <fileName from="zdxLake">ene1b.png</fileName>
          </frame>
        </frameCollection>
        <frameCollection>
          <convertImageSequenceInFrames from="zdxLake">
            <filePreName>ene1s</filePreName>
            <startNumber>1</startNumber>
            <endNumber>13</endNumber>
            <fileNameExtension>png</fileNameExtension>
          </convertImageSequenceInFrames>
        </frameCollection>
      </frames>
      <moveAnimation>
        <iniLeft>478</iniLeft>
        <iniTop>200</iniTop>
        <maxLeft>558</maxLeft>
        <maxTop>248</maxTop>
        <pixelsMoveLeft>-2</pixelsMoveLeft>
        <pixelsMoveTop>1</pixelsMoveTop>
        <moveAnimationSpeed>1</moveAnimationSpeed>
      </moveAnimation>
      <imageTimer>
        <timerDelay>3000</timerDelay>
      </imageTimer>
      <events>
        <event>
          <eventType>MoveAnimationMaxRightReached</eventType>
          <eventActions>
            <eventAction>FlipImage</eventAction>
          </eventActions>
        </event>
        <event>
          <eventType>MoveAnimationMaxLeftReached</eventType>
          <eventActions>
            <eventAction>FlipImage</eventAction>
          </eventActions>
        </event>

        <event>
          <eventType>Timer</eventType>
          <eventActions>
            <eventAction>ChangeFrameCollection</eventAction>
            <eventAction>StopMove</eventAction>
            <eventAction>ChangeSpeedAnimationForFrames</eventAction>
          </eventActions>
          <newSpeedAnimationForFrames>1</newSpeedAnimationForFrames>
          <changeFrameCollectionIndexTo>1</changeFrameCollectionIndexTo>
          <whenFrameCollectionIndexIs>0</whenFrameCollectionIndexIs>
        </event>
        <event>
          <eventType>FrameAnimationLoopEnds</eventType>
          <eventActions>
            <eventAction>ChangeFrameCollection</eventAction>
            <eventAction>ResumeMove</eventAction>
            <eventAction>ChangeSpeedAnimationForFrames</eventAction>
          </eventActions>
          <changeFrameCollectionIndexTo>0</changeFrameCollectionIndexTo>
          <whenFrameCollectionIndexIs>1</whenFrameCollectionIndexIs>
          <newSpeedAnimationForFrames>2</newSpeedAnimationForFrames>
        </event>
      </events>
      <left>480</left>
      <top>230</top>
      <speed>2</speed>
      <flipImage>Horizontal</flipImage>
    </image>
    <image>
      <frames>
        <reUseTagFramesFromPreviousImage>true</reUseTagFramesFromPreviousImage>
      </frames>
      <moveAnimation>
        <iniLeft>372</iniLeft>
        <!--<iniTop>200</iniTop>-->
        <maxLeft>466</maxLeft>
        <!--<maxTop>248</maxTop>-->
        <pixelsMoveLeft>2</pixelsMoveLeft>
        <!--<pixelsMoveTop>1</pixelsMoveTop>-->
        <moveAnimationSpeed>1</moveAnimationSpeed>
      </moveAnimation>
      <imageTimer>
        <timerDelay>4000</timerDelay>
      </imageTimer>
      <events>
        <event>
          <eventType>MoveAnimationMaxRightReached</eventType>
          <eventActions>
            <eventAction>FlipImage</eventAction>
          </eventActions>
        </event>
        <event>
          <eventType>MoveAnimationMaxLeftReached</eventType>
          <eventActions>
            <eventAction>FlipImage</eventAction>
          </eventActions>
        </event>

        <event>
          <eventType>Timer</eventType>
          <eventActions>
            <eventAction>ChangeFrameCollection</eventAction>
            <eventAction>StopMove</eventAction>
            <eventAction>ChangeSpeedAnimationForFrames</eventAction>
          </eventActions>
          <newSpeedAnimationForFrames>1</newSpeedAnimationForFrames>
          <changeFrameCollectionIndexTo>1</changeFrameCollectionIndexTo>
          <whenFrameCollectionIndexIs>0</whenFrameCollectionIndexIs>
        </event>
        <event>
          <eventType>FrameAnimationLoopEnds</eventType>
          <eventActions>
            <eventAction>ChangeFrameCollection</eventAction>
            <eventAction>ResumeMove</eventAction>
            <eventAction>ChangeSpeedAnimationForFrames</eventAction>
          </eventActions>
          <changeFrameCollectionIndexTo>0</changeFrameCollectionIndexTo>
          <whenFrameCollectionIndexIs>1</whenFrameCollectionIndexIs>
          <newSpeedAnimationForFrames>2</newSpeedAnimationForFrames>
        </event>
      </events>
      <left>480</left>
      <top>61</top>
      <speed>2</speed>
      <flipImage>Horizontal</flipImage>
    </image>
    <image>
      <frames>
        <reUseTagFramesFromPreviousImage>true</reUseTagFramesFromPreviousImage>
      </frames>
      <moveAnimation>
        <iniLeft>312</iniLeft>
        <!--<iniTop>112</iniTop>-->
        <maxLeft>448</maxLeft>
        <!--<maxTop>132</maxTop>-->
        <pixelsMoveLeft>2</pixelsMoveLeft>
        <!--<pixelsMoveTop>1</pixelsMoveTop>-->
        <moveAnimationSpeed>1</moveAnimationSpeed>
      </moveAnimation>
      <imageTimer>
        <timerDelay>3500</timerDelay>
      </imageTimer>
      <events>
        <event>
          <eventType>MoveAnimationMaxRightReached</eventType>
          <eventActions>
            <eventAction>FlipImage</eventAction>
          </eventActions>
        </event>
        <event>
          <eventType>MoveAnimationMaxLeftReached</eventType>
          <eventActions>
            <eventAction>FlipImage</eventAction>
          </eventActions>
        </event>

        <event>
          <eventType>Timer</eventType>
          <eventActions>
            <eventAction>ChangeFrameCollection</eventAction>
            <eventAction>StopMove</eventAction>
            <eventAction>ChangeSpeedAnimationForFrames</eventAction>
          </eventActions>
          <newSpeedAnimationForFrames>1</newSpeedAnimationForFrames>
          <changeFrameCollectionIndexTo>1</changeFrameCollectionIndexTo>
          <whenFrameCollectionIndexIs>0</whenFrameCollectionIndexIs>
        </event>
        <event>
          <eventType>FrameAnimationLoopEnds</eventType>
          <eventActions>
            <eventAction>ChangeFrameCollection</eventAction>
            <eventAction>ResumeMove</eventAction>
            <eventAction>ChangeSpeedAnimationForFrames</eventAction>
          </eventActions>
          <changeFrameCollectionIndexTo>0</changeFrameCollectionIndexTo>
          <whenFrameCollectionIndexIs>1</whenFrameCollectionIndexIs>
          <newSpeedAnimationForFrames>2</newSpeedAnimationForFrames>
        </event>
      </events>
      <left>314</left>
      <top>126</top>
      <speed>2</speed>
      <flipImage>Horizontal</flipImage>
    </image>
    <image>
      <frames>
        <reUseTagFramesFromPreviousImage>true</reUseTagFramesFromPreviousImage>
      </frames>
      <moveAnimation>
        <iniLeft>124</iniLeft>
        <!--<iniTop>112</iniTop>-->
        <maxLeft>254</maxLeft>
        <!--<maxTop>132</maxTop>-->
        <pixelsMoveLeft>2</pixelsMoveLeft>
        <!--<pixelsMoveTop>1</pixelsMoveTop>-->
        <moveAnimationSpeed>1</moveAnimationSpeed>
      </moveAnimation>
      <imageTimer>
        <timerDelay>3700</timerDelay>
      </imageTimer>
      <events>
        <event>
          <eventType>MoveAnimationMaxRightReached</eventType>
          <eventActions>
            <eventAction>FlipImage</eventAction>
          </eventActions>
        </event>
        <event>
          <eventType>MoveAnimationMaxLeftReached</eventType>
          <eventActions>
            <eventAction>FlipImage</eventAction>
          </eventActions>
        </event>

        <event>
          <eventType>Timer</eventType>
          <eventActions>
            <eventAction>ChangeFrameCollection</eventAction>
            <eventAction>StopMove</eventAction>
            <eventAction>ChangeSpeedAnimationForFrames</eventAction>
          </eventActions>
          <newSpeedAnimationForFrames>1</newSpeedAnimationForFrames>
          <changeFrameCollectionIndexTo>1</changeFrameCollectionIndexTo>
          <whenFrameCollectionIndexIs>0</whenFrameCollectionIndexIs>
        </event>
        <event>
          <eventType>FrameAnimationLoopEnds</eventType>
          <eventActions>
            <eventAction>ChangeFrameCollection</eventAction>
            <eventAction>ResumeMove</eventAction>
            <eventAction>ChangeSpeedAnimationForFrames</eventAction>
          </eventActions>
          <changeFrameCollectionIndexTo>0</changeFrameCollectionIndexTo>
          <whenFrameCollectionIndexIs>1</whenFrameCollectionIndexIs>
          <newSpeedAnimationForFrames>2</newSpeedAnimationForFrames>
        </event>
      </events>
      <left>124</left>
      <top>254</top>
      <speed>2</speed>
      <flipImage>Horizontal</flipImage>
    </image>
  </images>
</doc>
