<?xml version="1.0"?>
<doc>
  <basic type="animations">
    <screenCanvasResolution>
      <width>420</width>
      <height>480</height>
    </screenCanvasResolution>
    <canvasResolution>
      <maxWidth>620</maxWidth>
      <maxHeight>480</maxHeight>
    </canvasResolution>
    <bgColor>#ffffffff</bgColor>
    <camera>
      <autoHorizontalScroll>true</autoHorizontalScroll>
      <iniPositionInPixels>-150;0</iniPositionInPixels>
      <pixelsMove>-2</pixelsMove>
      <cameraSpeed>1</cameraSpeed>
    </camera>
  </basic>
  <images>
    <image>
      <fileName>area.png</fileName>
      <left>214</left>
      <top>204</top>
    </image>


    <image>
      <frames>
        <frameCollection>
          <frame>
            <fileName>demo.png</fileName>
          </frame>
        </frameCollection>
        <frameCollection>
          <frame>
            <fileName>demo.png</fileName>
            <applyAlterationsToThisFrame>
              <alterationsToDo>FlipVertical</alterationsToDo>
            </applyAlterationsToThisFrame>
          </frame>
        </frameCollection>
      </frames>
      <left>414</left>
      <top>300</top>
      <events>
        <event>
          <eventType>DragAndDrop</eventType>
          <eventActions>
            <eventAction>DragAndDropMove</eventAction>
          </eventActions>
        </event>
        <event>
          <eventType>OnClickUp</eventType>
          <eventActions>
            <eventAction>EditPosition</eventAction>
          </eventActions>
          <newCoordinates>262;256</newCoordinates>
          <whenIsInsideTheArea>214;204;405;395</whenIsInsideTheArea>
        </event>
        <event>
          <eventType>OnMouseOver</eventType>
          <eventActions>
            <eventAction>ChangeFrameCollection</eventAction>
          </eventActions>
          <changeFrameCollectionIndexTo>1</changeFrameCollectionIndexTo>
        </event>
        <event>
          <eventType>OnMouseOut</eventType>
          <eventActions>
            <eventAction>ChangeFrameCollection</eventAction>
          </eventActions>
          <changeFrameCollectionIndexTo>0</changeFrameCollectionIndexTo>
        </event>
      </events>
    </image>


    <image>
      <fileName>area.png</fileName>
      <createBackgroundLayer>
        <maxWidth>500</maxWidth>
        <maxHeight>480</maxHeight>
      </createBackgroundLayer>
      <left>204</left>
      <top>54</top>
    </image>


    <image>
      <frames>
        <frameCollection>
          <frame>
            <fileName>demo.png</fileName>
          </frame>
        </frameCollection>
        <frameCollection>
          <frame>
            <fileName>demo.png</fileName>
            <applyAlterationsToThisFrame>
              <alterationsToDo>FlipVertical</alterationsToDo>
            </applyAlterationsToThisFrame>
          </frame>
        </frameCollection>
      </frames>
      <left>100</left>
      <top>54</top>
      <createBackgroundLayer>
        <maxWidth>500</maxWidth>
        <maxHeight>480</maxHeight>
      </createBackgroundLayer>
      <events>
        <event>
          <eventType>DragAndDrop</eventType>
          <eventActions>
            <eventAction>DragAndDropMove</eventAction>
          </eventActions>
        </event>
        <event>
          <eventType>OnClickUp</eventType>
          <eventActions>
            <eventAction>EditPosition</eventAction>
          </eventActions>
          <newCoordinates>252;102</newCoordinates>
          <whenIsInsideTheArea>204;54;395;245</whenIsInsideTheArea>
        </event>
        <event>
          <eventType>OnMouseOver</eventType>
          <eventActions>
            <eventAction>ChangeFrameCollection</eventAction>
          </eventActions>
          <changeFrameCollectionIndexTo>1</changeFrameCollectionIndexTo>
        </event>
        <event>
          <eventType>OnMouseOut</eventType>
          <eventActions>
            <eventAction>ChangeFrameCollection</eventAction>
          </eventActions>
          <changeFrameCollectionIndexTo>0</changeFrameCollectionIndexTo>
        </event>
      </events>
    </image>
  </images>
</doc>
