<?xml version="1.0"?>
<doc>
  <basic type="animations">
    <screenCanvasResolution>
      <width>1033</width>
      <height>499</height>
    </screenCanvasResolution>
    <canvasResolution>
      <maxWidth>1033</maxWidth>
      <maxHeight>499</maxHeight>
    </canvasResolution>
    <bgColor>#ff000000</bgColor>
  </basic>
  <images>
    <image>
      <!--<frames>
        <convertGifAniToFrames from="loading">loading.gif</convertGifAniToFrames>
      </frames>-->
      <frames>
        <convertImageSequenceInFrames from="loading">
          <filePreName>l</filePreName>
          <startNumber>1</startNumber>
          <endNumber>8</endNumber>
          <!--<formatNumber>##</formatNumber>-->
          <fileNameExtension>png</fileNameExtension>
        </convertImageSequenceInFrames>
      </frames>
      <left>449</left>
      <top>239</top>
    </image>
  </images>
</doc>
