<?xml version="1.0"?>
<doc>
  <basic type="animations">
    <screenCanvasResolution>
      <width>512</width>
      <height>512</height>
    </screenCanvasResolution>
    <canvasResolution>
      <maxWidth>512</maxWidth>
      <maxHeight>512</maxHeight>
    </canvasResolution>
    <bgColor>#00000000</bgColor>
  </basic>
  <images>
    <image>
      <frames>
        <frame>
          <fileName>map1.png</fileName>
        </frame>
        <frame>
          <fileName>map2.png</fileName>
        </frame>
        <frame>
          <fileName></fileName>
        </frame>
        <currentFrame>2</currentFrame>
      </frames>
      <left>0</left>
      <top>0</top>
      <speed>5</speed>
    </image>
    <image>
      <frames>
        <frame>
          <fileName from="mapzMountain">portal1.png</fileName>
        </frame>
        <frame>
          <fileName from="mapzMountain">portal2.png</fileName>
        </frame>
        <frame>
          <fileName></fileName>
        </frame>
        <currentFrame>2</currentFrame>
      </frames>
      <left>256</left>
      <top>224</top>
      <speed>5</speed>
    </image>    
    <image>
      <frames>
        <frame>
          <fileName from="mapzMountain">menemi2a.png</fileName>
        </frame>
        <frame>
          <fileName from="mapzMountain">menemi2b.png</fileName>
        </frame>
        <framesAnimationSpeed>2</framesAnimationSpeed>
      </frames>
      <moveAnimation>
        <iniLeft>130</iniLeft>
        <maxLeft>410</maxLeft>
        <pixelsMoveLeft>4</pixelsMoveLeft>
      </moveAnimation>
      <imageTimer>
        <timerDelay>1000</timerDelay>
      </imageTimer>
      <events>
        <event>
          <eventType>MoveAnimationMaxRightReached</eventType>
          <eventActions>
            <eventAction>FlipImage</eventAction>
          </eventActions>
        </event>
        <event>
          <eventType>MoveAnimationMaxLeftReached</eventType>
          <eventActions>
            <eventAction>FlipImage</eventAction>
          </eventActions>
        </event>
        <event>
          <eventType>Timer</eventType>
          <eventActions>
            <eventAction>ChangeTimerDelay</eventAction>
            <eventAction>StopAnimationAndMove</eventAction>
            <eventAction>ChangeCustomCondition</eventAction>
          </eventActions>
          <whenCustomConditionIs>running</whenCustomConditionIs>
          <newTimerDelay>500</newTimerDelay>
          <newCustomCondition>stoppped</newCustomCondition>
        </event>
        <event>
          <eventType>Timer</eventType>
          <eventActions>
            <eventAction>ChangeTimerDelay</eventAction>
            <eventAction>ResumeAnimationAndMove</eventAction>
            <eventAction>ChangeCustomCondition</eventAction>
          </eventActions>
          <whenCustomConditionIs>stoppped</whenCustomConditionIs>
          <newTimerDelay>1500</newTimerDelay>
          <newCustomCondition>running</newCustomCondition>
        </event>
        <defaultCustomCondition>running</defaultCustomCondition>
      </events>
      <left>200</left>
      <top>119</top>
      <speed>1</speed>
    </image>
    <image>
      <frames>
        <reUseTagFramesFromPreviousImage>true</reUseTagFramesFromPreviousImage>
        <framesAnimationSpeed>2</framesAnimationSpeed>
      </frames>
      <moveAnimation>
        <iniLeft>102</iniLeft>
        <maxLeft>236</maxLeft>
        <pixelsMoveLeft>-4</pixelsMoveLeft>
      </moveAnimation>
      <imageTimer>
        <timerDelay>2000</timerDelay>
      </imageTimer>
      <events>
        <event>
          <eventType>MoveAnimationMaxRightReached</eventType>
          <eventActions>
            <eventAction>FlipImage</eventAction>
          </eventActions>
        </event>
        <event>
          <eventType>MoveAnimationMaxLeftReached</eventType>
          <eventActions>
            <eventAction>FlipImage</eventAction>
          </eventActions>
        </event>
        <event>
          <eventType>Timer</eventType>
          <eventActions>
            <eventAction>ChangeTimerDelay</eventAction>
            <eventAction>StopAnimationAndMove</eventAction>
            <eventAction>ChangeCustomCondition</eventAction>
          </eventActions>
          <whenCustomConditionIs>running</whenCustomConditionIs>
          <newTimerDelay>500</newTimerDelay>
          <newCustomCondition>stoppped</newCustomCondition>
        </event>
        <event>
          <eventType>Timer</eventType>
          <eventActions>
            <eventAction>ChangeTimerDelay</eventAction>
            <eventAction>ResumeAnimationAndMove</eventAction>
            <eventAction>ChangeCustomCondition</eventAction>
          </eventActions>
          <whenCustomConditionIs>stoppped</whenCustomConditionIs>
          <newTimerDelay>1500</newTimerDelay>
          <newCustomCondition>running</newCustomCondition>
        </event>
        <defaultCustomCondition>running</defaultCustomCondition>
      </events>
      <left>160</left>
      <top>357</top>
      <speed>1</speed>
      <flipImage>Horizontal</flipImage>
    </image>
    <image>
      <frames>
        <reUseTagFramesFromPreviousImage>true</reUseTagFramesFromPreviousImage>
        <framesAnimationSpeed>2</framesAnimationSpeed>
      </frames>
      <moveAnimation>
        <iniLeft>288</iniLeft>
        <maxLeft>382</maxLeft>
        <pixelsMoveLeft>4</pixelsMoveLeft>
      </moveAnimation>
      <imageTimer>
        <timerDelay>3000</timerDelay>
      </imageTimer>
      <events>
        <event>
          <eventType>MoveAnimationMaxRightReached</eventType>
          <eventActions>
            <eventAction>FlipImage</eventAction>
          </eventActions>
        </event>
        <event>
          <eventType>MoveAnimationMaxLeftReached</eventType>
          <eventActions>
            <eventAction>FlipImage</eventAction>
          </eventActions>
        </event>
        <event>
          <eventType>Timer</eventType>
          <eventActions>
            <eventAction>ChangeTimerDelay</eventAction>
            <eventAction>StopAnimationAndMove</eventAction>
            <eventAction>ChangeCustomCondition</eventAction>
          </eventActions>
          <whenCustomConditionIs>running</whenCustomConditionIs>
          <newTimerDelay>500</newTimerDelay>
          <newCustomCondition>stoppped</newCustomCondition>
        </event>
        <event>
          <eventType>Timer</eventType>
          <eventActions>
            <eventAction>ChangeTimerDelay</eventAction>
            <eventAction>ResumeAnimationAndMove</eventAction>
            <eventAction>ChangeCustomCondition</eventAction>
          </eventActions>
          <whenCustomConditionIs>stoppped</whenCustomConditionIs>
          <newTimerDelay>1500</newTimerDelay>
          <newCustomCondition>running</newCustomCondition>
        </event>
        <defaultCustomCondition>running</defaultCustomCondition>
      </events>
      <left>300</left>
      <top>378</top>
      <speed>1</speed>
    </image>
    <image>
      <frames>
        <frameCollection>
          <frame>
            <fileName from="mapzMountain">menemi1a.png</fileName>
          </frame>
          <frame>
            <fileName from="mapzMountain">menemi1a.png</fileName>
            <applyAlterationsToThisFrame>
              <alterationsToDo>FlipHorizontal</alterationsToDo>
            </applyAlterationsToThisFrame>
          </frame>
        </frameCollection>
        <frameCollection>
          <frame>
            <fileName from="mapzMountain">menemi3a.png</fileName>
          </frame>
          <frame>
            <fileName from="mapzMountain">menemi3a.png</fileName>
            <applyAlterationsToThisFrame>
              <alterationsToDo>FlipHorizontal</alterationsToDo>
            </applyAlterationsToThisFrame>
          </frame>
        </frameCollection>
        <framesAnimationSpeed>2</framesAnimationSpeed>
      </frames>
      <moveAnimation>
        <iniTop>86</iniTop>
        <maxTop>326</maxTop>
        <pixelsMoveTop>4</pixelsMoveTop>
      </moveAnimation>
      <imageTimer>
        <timerDelay>2500</timerDelay>
      </imageTimer>
      <events>
        <event>
          <eventType>MoveAnimationMaxTopReached</eventType>
          <eventActions>
            <eventAction>ChangeFrameCollection</eventAction>
          </eventActions>
          <changeFrameCollectionIndexTo>0</changeFrameCollectionIndexTo>
        </event>
        <event>
          <eventType>MoveAnimationMaxBottomReached</eventType>
          <eventActions>
            <eventAction>ChangeFrameCollection</eventAction>
          </eventActions>
          <changeFrameCollectionIndexTo>1</changeFrameCollectionIndexTo>
        </event>
        <event>
          <eventType>Timer</eventType>
          <eventActions>
            <eventAction>ChangeTimerDelay</eventAction>
            <eventAction>StopAnimationAndMove</eventAction>
            <eventAction>ChangeCustomCondition</eventAction>
          </eventActions>
          <whenCustomConditionIs>running</whenCustomConditionIs>
          <newTimerDelay>500</newTimerDelay>
          <newCustomCondition>stoppped</newCustomCondition>
        </event>
        <event>
          <eventType>Timer</eventType>
          <eventActions>
            <eventAction>ChangeTimerDelay</eventAction>
            <eventAction>ResumeAnimationAndMove</eventAction>
            <eventAction>ChangeCustomCondition</eventAction>
          </eventActions>
          <whenCustomConditionIs>stoppped</whenCustomConditionIs>
          <newTimerDelay>1500</newTimerDelay>
          <newCustomCondition>running</newCustomCondition>
        </event>
        <defaultCustomCondition>running</defaultCustomCondition>
      </events>
      <left>102</left>
      <top>86</top>
      <speed>1</speed>
    </image>
    <image>
      <frames>
        <reUseTagFramesFromPreviousImage>true</reUseTagFramesFromPreviousImage>
        <framesAnimationSpeed>2</framesAnimationSpeed>
        <defaultFrameCollection>1</defaultFrameCollection>
      </frames>
      <moveAnimation>
        <iniTop>166</iniTop>
        <maxTop>346</maxTop>
        <pixelsMoveTop>-4</pixelsMoveTop>
      </moveAnimation>
      <imageTimer>
        <timerDelay>100</timerDelay>
      </imageTimer>
      <events>
        <event>
          <eventType>MoveAnimationMaxTopReached</eventType>
          <eventActions>
            <eventAction>ChangeFrameCollection</eventAction>
          </eventActions>
          <changeFrameCollectionIndexTo>0</changeFrameCollectionIndexTo>
        </event>
        <event>
          <eventType>MoveAnimationMaxBottomReached</eventType>
          <eventActions>
            <eventAction>ChangeFrameCollection</eventAction>
          </eventActions>
          <changeFrameCollectionIndexTo>1</changeFrameCollectionIndexTo>
        </event>
        <event>
          <eventType>Timer</eventType>
          <eventActions>
            <eventAction>ChangeTimerDelay</eventAction>
            <eventAction>StopAnimationAndMove</eventAction>
            <eventAction>ChangeCustomCondition</eventAction>
          </eventActions>
          <whenCustomConditionIs>running</whenCustomConditionIs>
          <newTimerDelay>500</newTimerDelay>
          <newCustomCondition>stoppped</newCustomCondition>
        </event>
        <event>
          <eventType>Timer</eventType>
          <eventActions>
            <eventAction>ChangeTimerDelay</eventAction>
            <eventAction>ResumeAnimationAndMove</eventAction>
            <eventAction>ChangeCustomCondition</eventAction>
          </eventActions>
          <whenCustomConditionIs>stoppped</whenCustomConditionIs>
          <newTimerDelay>1500</newTimerDelay>
          <newCustomCondition>running</newCustomCondition>
        </event>
        <defaultCustomCondition>running</defaultCustomCondition>
      </events>
      <left>372</left>
      <top>200</top>
      <speed>1</speed>
    </image>
  </images>
</doc>
