<?xml version="1.0"?>
<doc>
  <basic type="animations">
    <screenCanvasResolution>
      <width>562</width>
      <height>986</height>
    </screenCanvasResolution>
    <canvasResolution>
      <maxWidth>562</maxWidth>
      <maxHeight>986</maxHeight>
    </canvasResolution>
    <bgColor>#00000000</bgColor>
  </basic>
  <images>
    <!--<image>
      <fileName>map.png</fileName>
    </image>-->
    <image>
      <frames>
        <frame>
          <fileName>mapa1.png</fileName>
        </frame>
        <frame>
          <fileName>mapa2.png</fileName>
        </frame>
        <frame>
          <fileName></fileName>
        </frame>
        <currentFrame>2</currentFrame>
      </frames>
      <left>0</left>
      <top>181</top>
      <speed>5</speed>
    </image>
    <image>
      <frames>
        <frame>
          <fileName>mapb1.png</fileName>
        </frame>
        <frame>
          <fileName>mapb2.png</fileName>
        </frame>
        <frame>
          <fileName></fileName>
        </frame>
        <currentFrame>2</currentFrame>
      </frames>
      <left>9</left>
      <top>529</top>
      <speed>5</speed>
    </image>
    <image>
      <frames>
        <frame>
          <fileName>mapc1.png</fileName>
        </frame>
        <frame>
          <fileName>mapc2.png</fileName>
        </frame>
        <frame>
          <fileName></fileName>
        </frame>
        <currentFrame>2</currentFrame>
      </frames>
      <left>472</left>
      <top>392</top>
      <speed>5</speed>
    </image>
    <image>
      <frames>
        <frame>
          <fileName>mapd1.png</fileName>
        </frame>
        <frame>
          <fileName>mapd2.png</fileName>
        </frame>
        <frame>
          <fileName></fileName>
        </frame>
        <currentFrame>2</currentFrame>
      </frames>
      <left>510</left>
      <top>0</top>
      <speed>5</speed>
    </image>
    <image>
      <frames>
        <frame>
          <fileName from="mapzCastle">flower1.png</fileName>
        </frame>
        <frame>
          <fileName from="mapzCastle">flower2.png</fileName>
        </frame>
        <frame>
          <fileName from="mapzCastle">flower3.png</fileName>
        </frame>
      </frames>
      <coordinates>
        291;834,307;818,315;826,323;818,
        419;866,435;850,443;858,451;850,
        355;898,291;946,291;962,275;962,
        299;954,299;970,339;946,347;954,
        355;946,283;970
      </coordinates>
      <speed>5</speed>
    </image>
    <image>
      <frames>
        <convertImageSequenceInFrames>
          <filePreName></filePreName>
          <startNumber>1</startNumber>
          <endNumber>17</endNumber>
          <formatNumber>##</formatNumber>
          <fileNameExtension>png</fileNameExtension>
        </convertImageSequenceInFrames>
      </frames>
      <left>235</left>
      <top>530</top>
      <speed>2</speed>
    </image>
    <image>
      <frames>
        <frame>
          <fileName from="mapzFTeller">chicken1.png</fileName>
        </frame>
        <frame>
          <fileName from="mapzFTeller">chicken2.png</fileName>
        </frame>
      </frames>
      <moveAnimation>
        <iniTop>802</iniTop>
        <iniLeft>114</iniLeft>
        <maxTop>850</maxTop>
        <maxLeft>255</maxLeft>
        <pixelsMoveTop>2</pixelsMoveTop>
        <pixelsMoveLeft>2</pixelsMoveLeft>
      </moveAnimation>
      <imageTimer>
        <timerDelay>1000</timerDelay>
      </imageTimer>
      <events>
        <event>
          <eventType>MoveAnimationMaxLeftReached</eventType>
          <eventActions>
            <eventAction>FlipImage</eventAction>
          </eventActions>
        </event>
        <event>
          <eventType>MoveAnimationMaxRightReached</eventType>
          <eventActions>
            <eventAction>FlipImage</eventAction>
          </eventActions>
        </event>
        <event>
          <eventType>Timer</eventType>
          <eventActions>
            <eventAction>ChangeTimerDelay</eventAction>
            <eventAction>StopAnimationAndMove</eventAction>
            <eventAction>ChangeCustomCondition</eventAction>
          </eventActions>
          <whenCustomConditionIs>running</whenCustomConditionIs>
          <newTimerDelay>2000</newTimerDelay>
          <newCustomCondition>stoppped</newCustomCondition>
        </event>
        <event>
          <eventType>Timer</eventType>
          <eventActions>
            <eventAction>ChangeTimerDelay</eventAction>
            <eventAction>ResumeAnimationAndMove</eventAction>
            <eventAction>ChangeCustomCondition</eventAction>
          </eventActions>
          <whenCustomConditionIs>stoppped</whenCustomConditionIs>
          <newTimerDelay>1000</newTimerDelay>
          <newCustomCondition>running</newCustomCondition>
        </event>
        <defaultCustomCondition>running</defaultCustomCondition>
      </events>
      <left>210</left>
      <top>812</top>
      <speed>2</speed>
    </image>
    <image>
      <frames>
        <frameCollection>
          <frame>
            <fileName from="mapzCastle">soldiergwalk1.png</fileName>
          </frame>
          <frame>
            <fileName from="mapzCastle">soldiergwalk2.png</fileName>
          </frame>
          <frame>
            <fileName from="mapzCastle">soldiergwalk3.png</fileName>
          </frame>
          <frame>
            <fileName from="mapzCastle">soldiergwalk4.png</fileName>
          </frame>
        </frameCollection>
        <frameCollection>
          <frame>
            <fileName from="mapzCastle">soldiergturn1l.png</fileName>
          </frame>
          <frame>
            <fileName from="mapzCastle">soldiergturn2l.png</fileName>
          </frame>
          <frame>
            <fileName from="mapzCastle">soldiergturn1l.png</fileName>
          </frame>
          <frame>
            <fileName from="mapzCastle">soldiergturn3l.png</fileName>
          </frame>
          <repeatThisLoopForTimes>2</repeatThisLoopForTimes>
        </frameCollection>
      </frames>
      <moveAnimation>
        <iniLeft>298</iniLeft>
        <maxLeft>450</maxLeft>
        <pixelsMoveLeft>2</pixelsMoveLeft>
      </moveAnimation>
      <events>
        <event>
          <eventType>MoveAnimationMaxLeftReached</eventType>
          <eventActions>
            <eventAction>StopMove</eventAction>
            <eventAction>ChangeFrameCollection</eventAction>
            <eventAction>ChangeSpeedAnimation</eventAction>
          </eventActions>
          <newSpeedAnimation>24</newSpeedAnimation>
          <whenFrameCollectionIndexIs>0</whenFrameCollectionIndexIs>
          <changeFrameCollectionIndexTo>1</changeFrameCollectionIndexTo>
        </event>
        <event>
          <eventType>FrameAnimationRepeatLoopEnds</eventType>
          <eventActions>
            <eventAction>ResumeMove</eventAction>
            <eventAction>ChangeFrameCollection</eventAction>
            <eventAction>ChangeSpeedAnimation</eventAction>
            <eventAction>FlipImage</eventAction>
          </eventActions>
          <newSpeedAnimation>4</newSpeedAnimation>
          <whenFrameCollectionIndexIs>1</whenFrameCollectionIndexIs>
          <changeFrameCollectionIndexTo>0</changeFrameCollectionIndexTo>
        </event>
        <event>
          <eventType>MoveAnimationMaxRightReached</eventType>
          <eventActions>
            <eventAction>StopMove</eventAction>
            <eventAction>ChangeFrameCollection</eventAction>
            <eventAction>ChangeSpeedAnimation</eventAction>
          </eventActions>
          <newSpeedAnimation>24</newSpeedAnimation>
          <whenFrameCollectionIndexIs>0</whenFrameCollectionIndexIs>
          <changeFrameCollectionIndexTo>1</changeFrameCollectionIndexTo>
        </event>
      </events>
      <left>300</left>
      <top>830</top>
      <speed>4</speed>
    </image>
    <image>
      <frames>
        <reUseTagFramesFromPreviousImage>true</reUseTagFramesFromPreviousImage>
      </frames>
      <moveAnimation>
        <iniLeft>214</iniLeft>
        <maxLeft>330</maxLeft>
        <pixelsMoveLeft>-2</pixelsMoveLeft>
      </moveAnimation>
      <events>
        <event>
          <eventType>MoveAnimationMaxLeftReached</eventType>
          <eventActions>
            <eventAction>StopMove</eventAction>
            <eventAction>ChangeFrameCollection</eventAction>
            <eventAction>ChangeSpeedAnimation</eventAction>
          </eventActions>
          <newSpeedAnimation>24</newSpeedAnimation>
          <whenFrameCollectionIndexIs>0</whenFrameCollectionIndexIs>
          <changeFrameCollectionIndexTo>1</changeFrameCollectionIndexTo>
        </event>
        <event>
          <eventType>FrameAnimationRepeatLoopEnds</eventType>
          <eventActions>
            <eventAction>ResumeMove</eventAction>
            <eventAction>ChangeFrameCollection</eventAction>
            <eventAction>ChangeSpeedAnimation</eventAction>
            <eventAction>FlipImage</eventAction>
          </eventActions>
          <newSpeedAnimation>4</newSpeedAnimation>
          <whenFrameCollectionIndexIs>1</whenFrameCollectionIndexIs>
          <changeFrameCollectionIndexTo>0</changeFrameCollectionIndexTo>
        </event>
        <event>
          <eventType>MoveAnimationMaxRightReached</eventType>
          <eventActions>
            <eventAction>StopMove</eventAction>
            <eventAction>ChangeFrameCollection</eventAction>
            <eventAction>ChangeSpeedAnimation</eventAction>
          </eventActions>
          <newSpeedAnimation>24</newSpeedAnimation>
          <whenFrameCollectionIndexIs>0</whenFrameCollectionIndexIs>
          <changeFrameCollectionIndexTo>1</changeFrameCollectionIndexTo>
        </event>
      </events>
      <flipImage>Horizontal</flipImage>
      <left>330</left>
      <top>31</top>
      <speed>4</speed>
    </image>
    <image>
      <frames>
        <frameCollection>
          <frame>
            <fileName from="mapzMagic">soldierwalk1.png</fileName>
          </frame>
          <frame>
            <fileName from="mapzMagic">soldierwalk2.png</fileName>
          </frame>
          <frame>
            <fileName from="mapzMagic">soldierwalk3.png</fileName>
          </frame>
          <frame>
            <fileName from="mapzMagic">soldierwalk4.png</fileName>
          </frame>
        </frameCollection>
        <frameCollection>
          <frame>
            <fileName from="mapzMagic">soldierturn1l.png</fileName>
          </frame>
          <frame>
            <fileName from="mapzMagic">soldierturn2l.png</fileName>
          </frame>
          <frame>
            <fileName from="mapzMagic">soldierturn3l.png</fileName>
          </frame>
          <frame>
            <fileName from="mapzMagic">soldierturn2l.png</fileName>
          </frame>
          <repeatThisLoopForTimes>2</repeatThisLoopForTimes>
        </frameCollection>
      </frames>
      <moveAnimation>
        <iniLeft>214</iniLeft>
        <maxLeft>338</maxLeft>
        <pixelsMoveLeft>-2</pixelsMoveLeft>
      </moveAnimation>
      <events>
        <event>
          <eventType>MoveAnimationMaxLeftReached</eventType>
          <eventActions>
            <eventAction>StopMove</eventAction>
            <eventAction>ChangeFrameCollection</eventAction>
            <eventAction>ChangeSpeedAnimation</eventAction>
          </eventActions>
          <newSpeedAnimation>24</newSpeedAnimation>
          <whenFrameCollectionIndexIs>0</whenFrameCollectionIndexIs>
          <changeFrameCollectionIndexTo>1</changeFrameCollectionIndexTo>
        </event>
        <event>
          <eventType>FrameAnimationRepeatLoopEnds</eventType>
          <eventActions>
            <eventAction>ResumeMove</eventAction>
            <eventAction>ChangeFrameCollection</eventAction>
            <eventAction>ChangeSpeedAnimation</eventAction>
            <eventAction>FlipImage</eventAction>
          </eventActions>
          <newSpeedAnimation>4</newSpeedAnimation>
          <whenFrameCollectionIndexIs>1</whenFrameCollectionIndexIs>
          <changeFrameCollectionIndexTo>0</changeFrameCollectionIndexTo>
        </event>
        <event>
          <eventType>MoveAnimationMaxRightReached</eventType>
          <eventActions>
            <eventAction>StopMove</eventAction>
            <eventAction>ChangeFrameCollection</eventAction>
            <eventAction>ChangeSpeedAnimation</eventAction>
          </eventActions>
          <newSpeedAnimation>24</newSpeedAnimation>
          <whenFrameCollectionIndexIs>0</whenFrameCollectionIndexIs>
          <changeFrameCollectionIndexTo>1</changeFrameCollectionIndexTo>
        </event>
      </events>
      <flipImage>Horizontal</flipImage>
      <left>240</left>
      <top>327</top>
      <speed>4</speed>
    </image>
    <image>
      <frames>
        <frameCollection>
          <frame>
            <fileName from="mapzCastle">soldierbwalkdown1.png</fileName>
          </frame>
          <frame>
            <fileName from="mapzCastle">soldierbwalkdown2.png</fileName>
          </frame>
          <frame>
            <fileName from="mapzCastle">soldierbwalkdown3.png</fileName>
          </frame>
          <frame>
            <fileName from="mapzCastle">soldierbwalkdown4.png</fileName>
          </frame>
        </frameCollection>
        <frameCollection>
          <frame>
            <fileName from="mapzCastle">soldierbturndown1.png</fileName>
          </frame>
          <frame>
            <fileName from="mapzCastle">soldierbturndown2.png</fileName>
          </frame>
          <frame>
            <fileName from="mapzCastle">soldierbturndown1.png</fileName>
          </frame>
          <frame>
            <fileName from="mapzCastle">soldierbturndown3.png</fileName>
          </frame>
          <repeatThisLoopForTimes>2</repeatThisLoopForTimes>
        </frameCollection>
        <frameCollection>
          <frame>
            <fileName from="mapzCastle">soldierbturnup1.png</fileName>
          </frame>
          <frame>
            <fileName from="mapzCastle">soldierbturnup2.png</fileName>
          </frame>
          <frame>
            <fileName from="mapzCastle">soldierbturnup1.png</fileName>
          </frame>
          <frame>
            <fileName from="mapzCastle">soldierbturnup3.png</fileName>
          </frame>
          <repeatThisLoopForTimes>2</repeatThisLoopForTimes>
        </frameCollection>
        <frameCollection>
          <frame>
            <fileName from="mapzCastle">soldierbwalkup1.png</fileName>
          </frame>
          <frame>
            <fileName from="mapzCastle">soldierbwalkup2.png</fileName>
          </frame>
          <frame>
            <fileName from="mapzCastle">soldierbwalkup3.png</fileName>
          </frame>
          <frame>
            <fileName from="mapzCastle">soldierbwalkup4.png</fileName>
          </frame>
        </frameCollection>
      </frames>
      <moveAnimation>
        <iniTop>148</iniTop>
        <maxTop>278</maxTop>
        <pixelsMoveTop>2</pixelsMoveTop>
      </moveAnimation>
      <events>
        <event>
          <eventType>MoveAnimationMaxTopReached</eventType>
          <eventActions>
            <eventAction>StopMove</eventAction>
            <eventAction>ChangeFrameCollection</eventAction>
            <eventAction>ChangeSpeedAnimation</eventAction>
          </eventActions>
          <newSpeedAnimation>24</newSpeedAnimation>
          <whenFrameCollectionIndexIs>3</whenFrameCollectionIndexIs>
          <changeFrameCollectionIndexTo>2</changeFrameCollectionIndexTo>
        </event>
        <event>
          <eventType>FrameAnimationRepeatLoopEnds</eventType>
          <eventActions>
            <eventAction>ResumeMove</eventAction>
            <eventAction>ChangeFrameCollection</eventAction>
            <eventAction>ChangeSpeedAnimation</eventAction>
          </eventActions>
          <newSpeedAnimation>4</newSpeedAnimation>
          <whenFrameCollectionIndexIs>2</whenFrameCollectionIndexIs>
          <changeFrameCollectionIndexTo>0</changeFrameCollectionIndexTo>
        </event>
        <event>
          <eventType>FrameAnimationRepeatLoopEnds</eventType>
          <eventActions>
            <eventAction>ResumeMove</eventAction>
            <eventAction>ChangeFrameCollection</eventAction>
            <eventAction>ChangeSpeedAnimation</eventAction>
          </eventActions>
          <newSpeedAnimation>4</newSpeedAnimation>
          <whenFrameCollectionIndexIs>1</whenFrameCollectionIndexIs>
          <changeFrameCollectionIndexTo>3</changeFrameCollectionIndexTo>
        </event>
        <event>
          <eventType>MoveAnimationMaxBottomReached</eventType>
          <eventActions>
            <eventAction>StopMove</eventAction>
            <eventAction>ChangeFrameCollection</eventAction>
            <eventAction>ChangeSpeedAnimation</eventAction>
          </eventActions>
          <newSpeedAnimation>24</newSpeedAnimation>
          <whenFrameCollectionIndexIs>0</whenFrameCollectionIndexIs>
          <changeFrameCollectionIndexTo>1</changeFrameCollectionIndexTo>
        </event>
      </events>
      <left>301</left>
      <top>200</top>
      <speed>4</speed>
    </image>
    <image>
      <fileName>tree1.png</fileName>
      <left>306</left>
      <top>338</top>
    </image>
    <image>
      <reUseImageFromPreviousImage>true</reUseImageFromPreviousImage>
      <left>258</left>
      <top>162</top>
    </image>
  </images>
</doc>
