<?xml version="1.0"?>
<doc>
  <basic type="animations">
    <screenCanvasResolution>
      <width>960</width>
      <height>512</height>
    </screenCanvasResolution>
    <canvasResolution>
      <maxWidth>960</maxWidth>
      <maxHeight>512</maxHeight>
    </canvasResolution>
    <bgColor>#00000000</bgColor>
  </basic>
  <images>
    <image>
      <fileName>map.png</fileName>
    </image>
    <image>
      <frames>
        <frame>
          <fileName>sea1.png</fileName>
        </frame>
        <frame>
          <fileName>sea2.png</fileName>
        </frame>
        <frame>
          <fileName>sea3.png</fileName>
        </frame>
        <frame>
          <fileName></fileName>
        </frame>
      </frames>
      <speed>8</speed>
      <left>0</left>
      <top>32</top>
    </image>
    <image>
      <frames>
        <frame>
          <fileName>wa1.png</fileName>
        </frame>
        <frame>
          <fileName>wa2.png</fileName>
        </frame>
        <frame>
          <fileName>wa3.png</fileName>
        </frame>
        <frame>
          <fileName></fileName>
        </frame>
      </frames>
      <speed>6</speed>
      <left>0</left>
      <top>336</top>
    </image>
    <image>
      <frames>
        <frame>
          <fileName>sw1.png</fileName>
        </frame>
        <frame>
          <fileName>sw2.png</fileName>
        </frame>
        <frame>
          <fileName>sw3.png</fileName>
        </frame>
        <frame>
          <fileName></fileName>
        </frame>
      </frames>
      <speed>6</speed>
      <left>368</left>
      <top>288</top>
    </image>
    <image>
      <frames>
        <frame>
          <fileName>swb1.png</fileName>
        </frame>
        <frame>
          <fileName>swb2.png</fileName>
        </frame>
        <frame>
          <fileName>swb3.png</fileName>
        </frame>
        <frame>
          <fileName></fileName>
        </frame>
      </frames>
      <speed>6</speed>
      <left>848</left>
      <top>400</top>
    </image>
    <image>
      <frames>
        <frame>
          <fileName from="zdxUkuku">warp1.png</fileName>
        </frame>
        <frame>
          <fileName from="zdxUkuku">warp2.png</fileName>
        </frame>
        <frame>
          <fileName from="zdxUkuku">warp3.png</fileName>
        </frame>
        <frame>
          <fileName from="zdxUkuku">warp4.png</fileName>
        </frame>
      </frames>
      <speed>2</speed>
      <left>255</left>
      <top>63</top>
    </image>
    <image>
      <video>
        <videoFile streamed="false">1.mp4</videoFile>
        <autoPlay>true</autoPlay>
        <volume>0</volume>
        <currentTime>0</currentTime>
        <playerID>videoPlayer</playerID>
        <loop>true</loop>
      </video>
      <left>640</left>
      <top>194</top>
    </image>
    <image>
      <video>
        <videoFile streamed="false">2.mp4</videoFile>
        <autoPlay>true</autoPlay>
        <volume>0</volume>
        <currentTime>0</currentTime>
        <playerID>videoPlayer</playerID>
        <loop>true</loop>
      </video>
      <left>686</left>
      <top>62</top>
    </image>
    <image>
      <video>
        <videoFile streamed="false">3.mp4</videoFile>
        <autoPlay>true</autoPlay>
        <volume>0</volume>
        <currentTime>0</currentTime>
        <playerID>videoPlayer</playerID>
        <loop>true</loop>
      </video>
      <left>848</left>
      <top>58</top>
    </image>
    <image>
      <video>
        <videoFile streamed="false">4.mp4</videoFile>
        <autoPlay>true</autoPlay>
        <volume>0</volume>
        <currentTime>0</currentTime>
        <playerID>videoPlayer</playerID>
        <loop>true</loop>
      </video>
      <left>42</left>
      <top>72</top>
    </image>
    <image>
      <frames>
        <frame>
          <fileName from="zdxMabe">f1.png</fileName>
        </frame>
        <frame>
          <fileName from="zdxMabe">f2.png</fileName>
        </frame>
        <frame>
          <fileName from="zdxMabe">f3.png</fileName>
        </frame>
        <frame>
          <fileName from="zdxMabe">f4.png</fileName>
        </frame>
      </frames>
      <coordinates>
        33;400,17;448,193;416
      </coordinates>
      <speed>6</speed>
    </image>
    <image>
      <frames>
        <frame>
          <fileName from="zdxMabe">f1.png</fileName>
        </frame>
        <frame>
          <fileName from="zdxMabe">f2.png</fileName>
        </frame>
        <frame>
          <fileName from="zdxMabe">f3.png</fileName>
        </frame>
        <frame>
          <fileName from="zdxMabe">f4.png</fileName>
        </frame>
      </frames>
      <applyAlterations>
        <alterationsToDo>ApplyNewPaletteColor</alterationsToDo>
        <basicPaletteColor>
          255,96,184,32-255,48,104,40
        </basicPaletteColor>
        <newPaletteColor>
          255,144,144,56-255,112,48,32
        </newPaletteColor>
      </applyAlterations>
      <speed>6</speed>
      <coordinates>
        337;400,369;464
      </coordinates>
    </image>
    <image>
      <frames>
        <frame>
          <fileName>ene1.png</fileName>
          <delay>19</delay>
        </frame>
        <frame>
          <fileName>ene2.png</fileName>
          <delay>9</delay>
        </frame>
      </frames>
      <coordinates>
        672;288,672;304,688;320,704;304,704;288,560;416,450;303,432;351
      </coordinates>
      <speed>12</speed>
    </image>
    <image>
      <frames>
        <frameCollection>
          <frame>
            <fileName>eneb1.png</fileName>
          </frame>
          <frame>
            <fileName>eneb2.png</fileName>
          </frame>
          <repeatThisLoopForTimes>9</repeatThisLoopForTimes>
        </frameCollection>
        <frameCollection>
          <frame>
            <fileName>eneb3.png</fileName>
          </frame>
          <repeatThisLoopForTimes>6</repeatThisLoopForTimes>
        </frameCollection>
      </frames>
      <events>
        <event>
          <eventType>FrameAnimationRepeatLoopEnds</eventType>
          <eventActions>
            <eventAction>ChangeFrameCollection</eventAction>
            <eventAction>EditAnimationByID</eventAction>
          </eventActions>
          <whenFrameCollectionIndexIs>0</whenFrameCollectionIndexIs>
          <changeFrameCollectionIndexTo>1</changeFrameCollectionIndexTo>
          <editAnimationByIDOptions>
            <option>
              <imageID>plantball1</imageID>
              <editActions>
                <editAction>ResumeMove</editAction>
                <editAction>ChangeVisibleValue</editAction>
              </editActions>
              <newVisibleValue>true</newVisibleValue>
            </option>
          </editAnimationByIDOptions>
          <avoidRunThisEventMultipleTimes>true</avoidRunThisEventMultipleTimes>
        </event>
        <event>
          <eventType>FrameAnimationRepeatLoopEnds</eventType>
          <eventActions>
            <eventAction>ChangeFrameCollection</eventAction>
          </eventActions>
          <whenFrameCollectionIndexIs>1</whenFrameCollectionIndexIs>
          <changeFrameCollectionIndexTo>0</changeFrameCollectionIndexTo>
          <avoidRunThisEventMultipleTimes>true</avoidRunThisEventMultipleTimes>
        </event>
      </events>
      <speed>6</speed>
      <left>592</left>
      <top>400</top>
    </image>
    <image>
      <frames>
        <frameCollection>
          <frame>
            <fileName>eneb1.png</fileName>
          </frame>
          <frame>
            <fileName>eneb2.png</fileName>
          </frame>
          <repeatThisLoopForTimes>12</repeatThisLoopForTimes>
        </frameCollection>
        <frameCollection>
          <frame>
            <fileName>eneb3.png</fileName>
          </frame>
          <repeatThisLoopForTimes>6</repeatThisLoopForTimes>
        </frameCollection>
      </frames>
      <events>
        <event>
          <eventType>FrameAnimationRepeatLoopEnds</eventType>
          <eventActions>
            <eventAction>ChangeFrameCollection</eventAction>
            <eventAction>EditAnimationByID</eventAction>
          </eventActions>
          <whenFrameCollectionIndexIs>0</whenFrameCollectionIndexIs>
          <changeFrameCollectionIndexTo>1</changeFrameCollectionIndexTo>
          <editAnimationByIDOptions>
            <option>
              <imageID>plantball2</imageID>
              <editActions>
                <editAction>ResumeMove</editAction>
                <editAction>ChangeVisibleValue</editAction>
              </editActions>
              <newVisibleValue>true</newVisibleValue>
            </option>
          </editAnimationByIDOptions>
          <avoidRunThisEventMultipleTimes>true</avoidRunThisEventMultipleTimes>
        </event>
        <event>
          <eventType>FrameAnimationRepeatLoopEnds</eventType>
          <eventActions>
            <eventAction>ChangeFrameCollection</eventAction>
          </eventActions>
          <whenFrameCollectionIndexIs>1</whenFrameCollectionIndexIs>
          <changeFrameCollectionIndexTo>0</changeFrameCollectionIndexTo>
          <avoidRunThisEventMultipleTimes>true</avoidRunThisEventMultipleTimes>
        </event>
      </events>
      <speed>6</speed>
      <left>560</left>
      <top>303</top>
    </image>
    <image>
      <frames>
        <frameCollection>
          <frame>
            <fileName>fish1.png</fileName>
          </frame>
          <repeatThisLoopForTimes>37</repeatThisLoopForTimes>
        </frameCollection>
        <frameCollection>
          <convertImageSequenceInFrames>
            <filePreName>fish</filePreName>
            <startNumber>2</startNumber>
            <endNumber>14</endNumber>
            <fileNameExtension>png</fileNameExtension>
          </convertImageSequenceInFrames>
        </frameCollection>
        <frameCollection>
          <frame>
            <fileName>fish15.png</fileName>
          </frame>
          <repeatThisLoopForTimes>15</repeatThisLoopForTimes>
        </frameCollection>
      </frames>
      <moveAnimation>
        <iniLeft>544</iniLeft>
        <maxLeft>595</maxLeft>
        <pixelsMoveLeft>1</pixelsMoveLeft>
        <moveAnimationSpeed>1</moveAnimationSpeed>
      </moveAnimation>
      <events>
        <event>
          <eventType>FrameAnimationRepeatLoopEnds</eventType>
          <eventActions>
            <eventAction>ChangeFrameCollection</eventAction>
            <eventAction>StopMove</eventAction>
          </eventActions>
          <whenFrameCollectionIndexIs>0</whenFrameCollectionIndexIs>
          <changeFrameCollectionIndexTo>1</changeFrameCollectionIndexTo>
        </event>
        <event>
          <eventType>FrameAnimationLoopEnds</eventType>
          <eventActions>
            <eventAction>ChangeFrameCollection</eventAction>
            <eventAction>ResumeMove</eventAction>
          </eventActions>
          <whenFrameCollectionIndexIs>1</whenFrameCollectionIndexIs>
          <changeFrameCollectionIndexTo>2</changeFrameCollectionIndexTo>
        </event>
        <event>
          <eventType>FrameAnimationRepeatLoopEnds</eventType>
          <eventActions>
            <eventAction>ChangeFrameCollection</eventAction>
          </eventActions>
          <whenFrameCollectionIndexIs>2</whenFrameCollectionIndexIs>
          <changeFrameCollectionIndexTo>0</changeFrameCollectionIndexTo>
        </event>
        <event>
          <eventType>MoveAnimationMaxRightReached</eventType>
          <eventType>MoveAnimationMaxLeftReached</eventType>
          <eventActions>
            <eventAction>FlipImage</eventAction>
          </eventActions>
        </event>
      </events>
      <speed>1</speed>
      <left>544</left>
      <top>318</top>
    </image>
    <image>
      <frames>
        <frameCollection>
          <frame>
            <fileName>fish1.png</fileName>
          </frame>
          <repeatThisLoopForTimes>40</repeatThisLoopForTimes>
        </frameCollection>
        <frameCollection>
          <convertImageSequenceInFrames>
            <filePreName>fish</filePreName>
            <startNumber>2</startNumber>
            <endNumber>14</endNumber>
            <fileNameExtension>png</fileNameExtension>
          </convertImageSequenceInFrames>
        </frameCollection>
        <frameCollection>
          <frame>
            <fileName>fish15.png</fileName>
          </frame>
          <repeatThisLoopForTimes>15</repeatThisLoopForTimes>
        </frameCollection>
      </frames>
      <moveAnimation>
        <iniLeft>683</iniLeft>
        <maxLeft>708</maxLeft>
        <pixelsMoveLeft>1</pixelsMoveLeft>
        <moveAnimationSpeed>1</moveAnimationSpeed>
      </moveAnimation>
      <events>
        <event>
          <eventType>FrameAnimationRepeatLoopEnds</eventType>
          <eventActions>
            <eventAction>ChangeFrameCollection</eventAction>
            <eventAction>StopMove</eventAction>
          </eventActions>
          <whenFrameCollectionIndexIs>0</whenFrameCollectionIndexIs>
          <changeFrameCollectionIndexTo>1</changeFrameCollectionIndexTo>
        </event>
        <event>
          <eventType>FrameAnimationLoopEnds</eventType>
          <eventActions>
            <eventAction>ChangeFrameCollection</eventAction>
            <eventAction>ResumeMove</eventAction>
          </eventActions>
          <whenFrameCollectionIndexIs>1</whenFrameCollectionIndexIs>
          <changeFrameCollectionIndexTo>2</changeFrameCollectionIndexTo>
        </event>
        <event>
          <eventType>FrameAnimationRepeatLoopEnds</eventType>
          <eventActions>
            <eventAction>ChangeFrameCollection</eventAction>
          </eventActions>
          <whenFrameCollectionIndexIs>2</whenFrameCollectionIndexIs>
          <changeFrameCollectionIndexTo>0</changeFrameCollectionIndexTo>
        </event>
        <event>
          <eventType>MoveAnimationMaxRightReached</eventType>
          <eventType>MoveAnimationMaxLeftReached</eventType>
          <eventActions>
            <eventAction>FlipImage</eventAction>
          </eventActions>
        </event>
      </events>
      <speed>1</speed>
      <left>700</left>
      <top>384</top>
    </image>
    <image>
      <frames>
        <frameCollection>
          <frame>
            <fileName>fish1.png</fileName>
          </frame>
          <repeatThisLoopForTimes>45</repeatThisLoopForTimes>
        </frameCollection>
        <frameCollection>
          <convertImageSequenceInFrames>
            <filePreName>fish</filePreName>
            <startNumber>2</startNumber>
            <endNumber>14</endNumber>
            <fileNameExtension>png</fileNameExtension>
          </convertImageSequenceInFrames>
        </frameCollection>
        <frameCollection>
          <frame>
            <fileName>fish15.png</fileName>
          </frame>
          <repeatThisLoopForTimes>15</repeatThisLoopForTimes>
        </frameCollection>
      </frames>
      <moveAnimation>
        <iniLeft>364</iniLeft>
        <maxLeft>403</maxLeft>
        <pixelsMoveLeft>1</pixelsMoveLeft>
        <moveAnimationSpeed>1</moveAnimationSpeed>
      </moveAnimation>
      <events>
        <event>
          <eventType>FrameAnimationRepeatLoopEnds</eventType>
          <eventActions>
            <eventAction>ChangeFrameCollection</eventAction>
            <eventAction>StopMove</eventAction>
          </eventActions>
          <whenFrameCollectionIndexIs>0</whenFrameCollectionIndexIs>
          <changeFrameCollectionIndexTo>1</changeFrameCollectionIndexTo>
        </event>
        <event>
          <eventType>FrameAnimationLoopEnds</eventType>
          <eventActions>
            <eventAction>ChangeFrameCollection</eventAction>
            <eventAction>ResumeMove</eventAction>
          </eventActions>
          <whenFrameCollectionIndexIs>1</whenFrameCollectionIndexIs>
          <changeFrameCollectionIndexTo>2</changeFrameCollectionIndexTo>
        </event>
        <event>
          <eventType>FrameAnimationRepeatLoopEnds</eventType>
          <eventActions>
            <eventAction>ChangeFrameCollection</eventAction>
          </eventActions>
          <whenFrameCollectionIndexIs>2</whenFrameCollectionIndexIs>
          <changeFrameCollectionIndexTo>0</changeFrameCollectionIndexTo>
        </event>
        <event>
          <eventType>MoveAnimationMaxRightReached</eventType>
          <eventType>MoveAnimationMaxLeftReached</eventType>
          <eventActions>
            <eventAction>FlipImage</eventAction>
          </eventActions>
        </event>
      </events>
      <speed>1</speed>
      <left>400</left>
      <top>318</top>
    </image>
    <image>
      <frames>
        <frameCollection>
          <frame>
            <fileName>fish1.png</fileName>
          </frame>
          <repeatThisLoopForTimes>50</repeatThisLoopForTimes>
        </frameCollection>
        <frameCollection>
          <convertImageSequenceInFrames>
            <filePreName>fish</filePreName>
            <startNumber>2</startNumber>
            <endNumber>14</endNumber>
            <fileNameExtension>png</fileNameExtension>
          </convertImageSequenceInFrames>
        </frameCollection>
        <frameCollection>
          <frame>
            <fileName>fish15.png</fileName>
          </frame>
          <repeatThisLoopForTimes>15</repeatThisLoopForTimes>
        </frameCollection>
      </frames>
      <moveAnimation>
        <iniLeft>431</iniLeft>
        <maxLeft>497</maxLeft>
        <pixelsMoveLeft>1</pixelsMoveLeft>
        <moveAnimationSpeed>1</moveAnimationSpeed>
      </moveAnimation>
      <events>
        <event>
          <eventType>FrameAnimationRepeatLoopEnds</eventType>
          <eventActions>
            <eventAction>ChangeFrameCollection</eventAction>
            <eventAction>StopMove</eventAction>
          </eventActions>
          <whenFrameCollectionIndexIs>0</whenFrameCollectionIndexIs>
          <changeFrameCollectionIndexTo>1</changeFrameCollectionIndexTo>
        </event>
        <event>
          <eventType>FrameAnimationLoopEnds</eventType>
          <eventActions>
            <eventAction>ChangeFrameCollection</eventAction>
            <eventAction>ResumeMove</eventAction>
          </eventActions>
          <whenFrameCollectionIndexIs>1</whenFrameCollectionIndexIs>
          <changeFrameCollectionIndexTo>2</changeFrameCollectionIndexTo>
        </event>
        <event>
          <eventType>FrameAnimationRepeatLoopEnds</eventType>
          <eventActions>
            <eventAction>ChangeFrameCollection</eventAction>
          </eventActions>
          <whenFrameCollectionIndexIs>2</whenFrameCollectionIndexIs>
          <changeFrameCollectionIndexTo>0</changeFrameCollectionIndexTo>
        </event>
        <event>
          <eventType>MoveAnimationMaxRightReached</eventType>
          <eventType>MoveAnimationMaxLeftReached</eventType>
          <eventActions>
            <eventAction>FlipImage</eventAction>
          </eventActions>
        </event>
      </events>
      <speed>1</speed>
      <left>434</left>
      <top>395</top>
    </image>
    <image>
      <frames>
        <frameCollection>
          <frame>
            <fileName>fish1.png</fileName>
          </frame>
          <repeatThisLoopForTimes>30</repeatThisLoopForTimes>
        </frameCollection>
        <frameCollection>
          <convertImageSequenceInFrames>
            <filePreName>fish</filePreName>
            <startNumber>2</startNumber>
            <endNumber>14</endNumber>
            <fileNameExtension>png</fileNameExtension>
          </convertImageSequenceInFrames>
        </frameCollection>
        <frameCollection>
          <frame>
            <fileName>fish15.png</fileName>
          </frame>
          <repeatThisLoopForTimes>15</repeatThisLoopForTimes>
        </frameCollection>
      </frames>
      <moveAnimation>
        <iniLeft>449</iniLeft>
        <maxLeft>498</maxLeft>
        <pixelsMoveLeft>1</pixelsMoveLeft>
        <moveAnimationSpeed>1</moveAnimationSpeed>
      </moveAnimation>
      <events>
        <event>
          <eventType>FrameAnimationRepeatLoopEnds</eventType>
          <eventActions>
            <eventAction>ChangeFrameCollection</eventAction>
            <eventAction>StopMove</eventAction>
          </eventActions>
          <whenFrameCollectionIndexIs>0</whenFrameCollectionIndexIs>
          <changeFrameCollectionIndexTo>1</changeFrameCollectionIndexTo>
        </event>
        <event>
          <eventType>FrameAnimationLoopEnds</eventType>
          <eventActions>
            <eventAction>ChangeFrameCollection</eventAction>
            <eventAction>ResumeMove</eventAction>
          </eventActions>
          <whenFrameCollectionIndexIs>1</whenFrameCollectionIndexIs>
          <changeFrameCollectionIndexTo>2</changeFrameCollectionIndexTo>
        </event>
        <event>
          <eventType>FrameAnimationRepeatLoopEnds</eventType>
          <eventActions>
            <eventAction>ChangeFrameCollection</eventAction>
          </eventActions>
          <whenFrameCollectionIndexIs>2</whenFrameCollectionIndexIs>
          <changeFrameCollectionIndexTo>0</changeFrameCollectionIndexTo>
        </event>
        <event>
          <eventType>MoveAnimationMaxRightReached</eventType>
          <eventType>MoveAnimationMaxLeftReached</eventType>
          <eventActions>
            <eventAction>FlipImage</eventAction>
          </eventActions>
        </event>
      </events>
      <speed>1</speed>
      <left>452</left>
      <top>412</top>
    </image>
    <image>
      <frames>
        <frame>
          <fileName from="zdxForest">ene2a.png</fileName>
        </frame>
        <frame>
          <fileName from="zdxForest">ene2b.png</fileName>
        </frame>
        <framesAnimationSpeed>3</framesAnimationSpeed>
      </frames>
      <moveAnimation>
        <iniLeft>192</iniLeft>
        <maxLeft>270</maxLeft>
        <pixelsMoveLeft>2</pixelsMoveLeft>
      </moveAnimation>
      <imageTimer>
        <timerDelay>1500</timerDelay>
      </imageTimer>
      <events>
        <event>
          <eventType>MoveAnimationMaxLeftReached</eventType>
          <eventType>MoveAnimationMaxRightReached</eventType>
          <eventActions>
            <eventAction>FlipImage</eventAction>
          </eventActions>
        </event>
        <event>
          <eventType>Timer</eventType>
          <eventActions>
            <eventAction>ChangeTimerDelay</eventAction>
            <eventAction>StopAnimationAndMove</eventAction>
            <eventAction>ChangeCustomCondition</eventAction>
          </eventActions>
          <whenCustomConditionIs>running</whenCustomConditionIs>
          <newTimerDelay>400</newTimerDelay>
          <newCustomCondition>stoppped</newCustomCondition>
        </event>
        <event>
          <eventType>Timer</eventType>
          <eventActions>
            <eventAction>ChangeTimerDelay</eventAction>
            <eventAction>ResumeAnimationAndMove</eventAction>
            <eventAction>ChangeCustomCondition</eventAction>
          </eventActions>
          <whenCustomConditionIs>stoppped</whenCustomConditionIs>
          <newTimerDelay>900</newTimerDelay>
          <newCustomCondition>running</newCustomCondition>
        </event>
        <defaultCustomCondition>running</defaultCustomCondition>
      </events>
      <left>200</left>
      <top>478</top>
      <speed>1</speed>
    </image>
    <image>
      <frames>
        <reUseTagFramesFromPreviousImage>true</reUseTagFramesFromPreviousImage>
        <framesAnimationSpeed>3</framesAnimationSpeed>
      </frames>
      <moveAnimation>
        <iniLeft>186</iniLeft>
        <maxLeft>272</maxLeft>
        <pixelsMoveLeft>2</pixelsMoveLeft>
      </moveAnimation>
      <imageTimer>
        <timerDelay>2500</timerDelay>
      </imageTimer>
      <events>
        <event>
          <eventType>MoveAnimationMaxLeftReached</eventType>
          <eventType>MoveAnimationMaxRightReached</eventType>
          <eventActions>
            <eventAction>FlipImage</eventAction>
          </eventActions>
        </event>
        <event>
          <eventType>Timer</eventType>
          <eventActions>
            <eventAction>ChangeTimerDelay</eventAction>
            <eventAction>StopAnimationAndMove</eventAction>
            <eventAction>ChangeCustomCondition</eventAction>
          </eventActions>
          <whenCustomConditionIs>running</whenCustomConditionIs>
          <newTimerDelay>400</newTimerDelay>
          <newCustomCondition>stoppped</newCustomCondition>
        </event>
        <event>
          <eventType>Timer</eventType>
          <eventActions>
            <eventAction>ChangeTimerDelay</eventAction>
            <eventAction>ResumeAnimationAndMove</eventAction>
            <eventAction>ChangeCustomCondition</eventAction>
          </eventActions>
          <whenCustomConditionIs>stoppped</whenCustomConditionIs>
          <newTimerDelay>900</newTimerDelay>
          <newCustomCondition>running</newCustomCondition>
        </event>
        <defaultCustomCondition>running</defaultCustomCondition>
      </events>
      <left>270</left>
      <top>400</top>
      <speed>1</speed>
    </image>
    <image>
      <frames>
        <reUseTagFramesFromPreviousImage>true</reUseTagFramesFromPreviousImage>
        <framesAnimationSpeed>3</framesAnimationSpeed>
      </frames>
      <moveAnimation>
        <iniLeft>196</iniLeft>
        <maxLeft>260</maxLeft>
        <pixelsMoveLeft>2</pixelsMoveLeft>
      </moveAnimation>
      <imageTimer>
        <timerDelay>2000</timerDelay>
      </imageTimer>
      <events>
        <event>
          <eventType>MoveAnimationMaxLeftReached</eventType>
          <eventType>MoveAnimationMaxRightReached</eventType>
          <eventActions>
            <eventAction>FlipImage</eventAction>
          </eventActions>
        </event>
        <event>
          <eventType>Timer</eventType>
          <eventActions>
            <eventAction>ChangeTimerDelay</eventAction>
            <eventAction>StopAnimationAndMove</eventAction>
            <eventAction>ChangeCustomCondition</eventAction>
          </eventActions>
          <whenCustomConditionIs>running</whenCustomConditionIs>
          <newTimerDelay>400</newTimerDelay>
          <newCustomCondition>stoppped</newCustomCondition>
        </event>
        <event>
          <eventType>Timer</eventType>
          <eventActions>
            <eventAction>ChangeTimerDelay</eventAction>
            <eventAction>ResumeAnimationAndMove</eventAction>
            <eventAction>ChangeCustomCondition</eventAction>
          </eventActions>
          <whenCustomConditionIs>stoppped</whenCustomConditionIs>
          <newTimerDelay>900</newTimerDelay>
          <newCustomCondition>running</newCustomCondition>
        </event>
        <defaultCustomCondition>running</defaultCustomCondition>
      </events>
      <left>220</left>
      <top>320</top>
      <speed>1</speed>
    </image>
    <image>
      <frames>
        <reUseTagFramesFromPreviousImage>true</reUseTagFramesFromPreviousImage>
        <framesAnimationSpeed>3</framesAnimationSpeed>
      </frames>
      <moveAnimation>
        <iniLeft>72</iniLeft>
        <maxLeft>152</maxLeft>
        <pixelsMoveLeft>2</pixelsMoveLeft>
      </moveAnimation>
      <imageTimer>
        <timerDelay>3000</timerDelay>
      </imageTimer>
      <events>
        <event>
          <eventType>MoveAnimationMaxLeftReached</eventType>
          <eventType>MoveAnimationMaxRightReached</eventType>
          <eventActions>
            <eventAction>FlipImage</eventAction>
          </eventActions>
        </event>
        <event>
          <eventType>Timer</eventType>
          <eventActions>
            <eventAction>ChangeTimerDelay</eventAction>
            <eventAction>StopAnimationAndMove</eventAction>
            <eventAction>ChangeCustomCondition</eventAction>
          </eventActions>
          <whenCustomConditionIs>running</whenCustomConditionIs>
          <newTimerDelay>400</newTimerDelay>
          <newCustomCondition>stoppped</newCustomCondition>
        </event>
        <event>
          <eventType>Timer</eventType>
          <eventActions>
            <eventAction>ChangeTimerDelay</eventAction>
            <eventAction>ResumeAnimationAndMove</eventAction>
            <eventAction>ChangeCustomCondition</eventAction>
          </eventActions>
          <whenCustomConditionIs>stoppped</whenCustomConditionIs>
          <newTimerDelay>900</newTimerDelay>
          <newCustomCondition>running</newCustomCondition>
        </event>
        <defaultCustomCondition>running</defaultCustomCondition>
      </events>
      <left>100</left>
      <top>304</top>
      <speed>1</speed>
    </image>
    <image>
      <frames>
        <frameCollection>
          <frame>
            <fileName from="zdxForest">ene2d.png</fileName>
          </frame>
          <frame>
            <fileName from="zdxForest">ene2d.png</fileName>
            <applyAlterationsToThisFrame>
              <alterationsToDo>FlipHorizontal</alterationsToDo>
            </applyAlterationsToThisFrame>
          </frame>
        </frameCollection>
        <frameCollection>
          <frame>
            <fileName from="zdxForest">ene2c.png</fileName>
          </frame>
          <frame>
            <fileName from="zdxForest">ene2c.png</fileName>
            <applyAlterationsToThisFrame>
              <alterationsToDo>FlipHorizontal</alterationsToDo>
            </applyAlterationsToThisFrame>
          </frame>
        </frameCollection>
        <framesAnimationSpeed>3</framesAnimationSpeed>
        <!--<defaultFrameCollection>1</defaultFrameCollection>-->
      </frames>
      <moveAnimation>
        <iniTop>306</iniTop>
        <maxTop>376</maxTop>
        <pixelsMoveTop>2</pixelsMoveTop>
      </moveAnimation>
      <imageTimer>
        <timerDelay>300</timerDelay>
      </imageTimer>
      <events>
        <event>
          <eventType>MoveAnimationMaxTopReached</eventType>
          <eventActions>
            <eventAction>ChangeFrameCollection</eventAction>
          </eventActions>
          <changeFrameCollectionIndexTo>0</changeFrameCollectionIndexTo>
        </event>
        <event>
          <eventType>MoveAnimationMaxBottomReached</eventType>
          <eventActions>
            <eventAction>ChangeFrameCollection</eventAction>
          </eventActions>
          <changeFrameCollectionIndexTo>1</changeFrameCollectionIndexTo>
        </event>
        <event>
          <eventType>Timer</eventType>
          <eventActions>
            <eventAction>ChangeTimerDelay</eventAction>
            <eventAction>StopAnimationAndMove</eventAction>
            <eventAction>ChangeCustomCondition</eventAction>
          </eventActions>
          <whenCustomConditionIs>running</whenCustomConditionIs>
          <newTimerDelay>300</newTimerDelay>
          <newCustomCondition>stoppped</newCustomCondition>
        </event>
        <event>
          <eventType>Timer</eventType>
          <eventActions>
            <eventAction>ChangeTimerDelay</eventAction>
            <eventAction>ResumeAnimationAndMove</eventAction>
            <eventAction>ChangeCustomCondition</eventAction>
          </eventActions>
          <whenCustomConditionIs>stoppped</whenCustomConditionIs>
          <newTimerDelay>800</newTimerDelay>
          <newCustomCondition>running</newCustomCondition>
        </event>
        <defaultCustomCondition>running</defaultCustomCondition>
      </events>
      <left>177</left>
      <top>350</top>
      <speed>1</speed>
    </image>
    <image>
      <frames>
        <reUseTagFramesFromPreviousImage>true</reUseTagFramesFromPreviousImage>
        <framesAnimationSpeed>3</framesAnimationSpeed>
      </frames>
      <moveAnimation>
        <iniTop>360</iniTop>
        <maxTop>430</maxTop>
        <pixelsMoveTop>2</pixelsMoveTop>
      </moveAnimation>
      <imageTimer>
        <timerDelay>900</timerDelay>
      </imageTimer>
      <events>
        <event>
          <eventType>MoveAnimationMaxTopReached</eventType>
          <eventActions>
            <eventAction>ChangeFrameCollection</eventAction>
          </eventActions>
          <changeFrameCollectionIndexTo>0</changeFrameCollectionIndexTo>
        </event>
        <event>
          <eventType>MoveAnimationMaxBottomReached</eventType>
          <eventActions>
            <eventAction>ChangeFrameCollection</eventAction>
          </eventActions>
          <changeFrameCollectionIndexTo>1</changeFrameCollectionIndexTo>
        </event>
        <event>
          <eventType>Timer</eventType>
          <eventActions>
            <eventAction>ChangeTimerDelay</eventAction>
            <eventAction>StopAnimationAndMove</eventAction>
            <eventAction>ChangeCustomCondition</eventAction>
          </eventActions>
          <whenCustomConditionIs>running</whenCustomConditionIs>
          <newTimerDelay>300</newTimerDelay>
          <newCustomCondition>stoppped</newCustomCondition>
        </event>
        <event>
          <eventType>Timer</eventType>
          <eventActions>
            <eventAction>ChangeTimerDelay</eventAction>
            <eventAction>ResumeAnimationAndMove</eventAction>
            <eventAction>ChangeCustomCondition</eventAction>
          </eventActions>
          <whenCustomConditionIs>stoppped</whenCustomConditionIs>
          <newTimerDelay>800</newTimerDelay>
          <newCustomCondition>running</newCustomCondition>
        </event>
        <defaultCustomCondition>running</defaultCustomCondition>
      </events>
      <left>38</left>
      <top>428</top>
      <speed>1</speed>
    </image>
    <image>
      <frames>
        <frameCollection>
          <frame>
            <fileName from="zdxLake">ene2d.png</fileName>
          </frame>
          <frame>
            <fileName from="zdxLake">ene2d.png</fileName>
            <applyAlterationsToThisFrame>
              <alterationsToDo>FlipHorizontal</alterationsToDo>
            </applyAlterationsToThisFrame>
          </frame>
        </frameCollection>
        <frameCollection>
          <frame>
            <fileName from="zdxLake">ene2c.png</fileName>
          </frame>
          <frame>
            <fileName from="zdxLake">ene2c.png</fileName>
            <applyAlterationsToThisFrame>
              <alterationsToDo>FlipHorizontal</alterationsToDo>
            </applyAlterationsToThisFrame>
          </frame>
        </frameCollection>
        <framesAnimationSpeed>3</framesAnimationSpeed>
        <!--<defaultFrameCollection>1</defaultFrameCollection>-->
      </frames>
      <moveAnimation>
        <iniTop>322</iniTop>
        <maxTop>376</maxTop>
        <pixelsMoveTop>2</pixelsMoveTop>
      </moveAnimation>
      <imageTimer>
        <timerDelay>300</timerDelay>
      </imageTimer>
      <events>
        <event>
          <eventType>MoveAnimationMaxTopReached</eventType>
          <eventActions>
            <eventAction>ChangeFrameCollection</eventAction>
          </eventActions>
          <changeFrameCollectionIndexTo>0</changeFrameCollectionIndexTo>
        </event>
        <event>
          <eventType>MoveAnimationMaxBottomReached</eventType>
          <eventActions>
            <eventAction>ChangeFrameCollection</eventAction>
          </eventActions>
          <changeFrameCollectionIndexTo>1</changeFrameCollectionIndexTo>
        </event>
        <event>
          <eventType>Timer</eventType>
          <eventActions>
            <eventAction>ChangeTimerDelay</eventAction>
            <eventAction>StopAnimationAndMove</eventAction>
            <eventAction>ChangeCustomCondition</eventAction>
          </eventActions>
          <whenCustomConditionIs>running</whenCustomConditionIs>
          <newTimerDelay>300</newTimerDelay>
          <newCustomCondition>stoppped</newCustomCondition>
        </event>
        <event>
          <eventType>Timer</eventType>
          <eventActions>
            <eventAction>ChangeTimerDelay</eventAction>
            <eventAction>ResumeAnimationAndMove</eventAction>
            <eventAction>ChangeCustomCondition</eventAction>
          </eventActions>
          <whenCustomConditionIs>stoppped</whenCustomConditionIs>
          <newTimerDelay>800</newTimerDelay>
          <newCustomCondition>running</newCustomCondition>
        </event>
        <defaultCustomCondition>running</defaultCustomCondition>
      </events>
      <left>852</left>
      <top>324</top>
      <speed>1</speed>
    </image>
    <image>
      <frames>
        <frameCollection>
          <frame>
            <fileName>ened1.png</fileName>
          </frame>
          <frame>
            <fileName>ened1.png</fileName>
            <applyAlterationsToThisFrame>
              <alterationsToDo>FlipHorizontal</alterationsToDo>
            </applyAlterationsToThisFrame>
          </frame>
        </frameCollection>
        <frameCollection>
          <frame>
            <fileName>ened2.png</fileName>
          </frame>
          <frame>
            <fileName>ened2.png</fileName>
            <applyAlterationsToThisFrame>
              <alterationsToDo>FlipHorizontal</alterationsToDo>
            </applyAlterationsToThisFrame>
          </frame>
        </frameCollection>
        <framesAnimationSpeed>3</framesAnimationSpeed>
        <!--<defaultFrameCollection>1</defaultFrameCollection>-->
      </frames>
      <moveAnimation>
        <iniTop>176</iniTop>
        <maxTop>208</maxTop>
        <pixelsMoveTop>2</pixelsMoveTop>
      </moveAnimation>
      <imageTimer>
        <timerDelay>900</timerDelay>
      </imageTimer>
      <events>
        <event>
          <eventType>MoveAnimationMaxTopReached</eventType>
          <eventActions>
            <eventAction>ChangeFrameCollection</eventAction>
          </eventActions>
          <changeFrameCollectionIndexTo>0</changeFrameCollectionIndexTo>
        </event>
        <event>
          <eventType>MoveAnimationMaxBottomReached</eventType>
          <eventActions>
            <eventAction>ChangeFrameCollection</eventAction>
          </eventActions>
          <changeFrameCollectionIndexTo>1</changeFrameCollectionIndexTo>
        </event>
        <event>
          <eventType>Timer</eventType>
          <eventActions>
            <eventAction>ChangeTimerDelay</eventAction>
            <eventAction>StopAnimationAndMove</eventAction>
            <eventAction>ChangeCustomCondition</eventAction>
          </eventActions>
          <whenCustomConditionIs>running</whenCustomConditionIs>
          <newTimerDelay>300</newTimerDelay>
          <newCustomCondition>stoppped</newCustomCondition>
        </event>
        <event>
          <eventType>Timer</eventType>
          <eventActions>
            <eventAction>ChangeTimerDelay</eventAction>
            <eventAction>ResumeAnimationAndMove</eventAction>
            <eventAction>ChangeCustomCondition</eventAction>
          </eventActions>
          <whenCustomConditionIs>stoppped</whenCustomConditionIs>
          <newTimerDelay>800</newTimerDelay>
          <newCustomCondition>running</newCustomCondition>
        </event>
        <defaultCustomCondition>running</defaultCustomCondition>
      </events>
      <left>543</left>
      <top>200</top>
      <speed>1</speed>
    </image>
    <image>
      <frames>
        <reUseTagFramesFromPreviousImage>true</reUseTagFramesFromPreviousImage>
        <framesAnimationSpeed>3</framesAnimationSpeed>
      </frames>
      <moveAnimation>
        <iniTop>144</iniTop>
        <maxTop>192</maxTop>
        <pixelsMoveTop>2</pixelsMoveTop>
      </moveAnimation>
      <imageTimer>
        <timerDelay>700</timerDelay>
      </imageTimer>
      <events>
        <event>
          <eventType>MoveAnimationMaxTopReached</eventType>
          <eventActions>
            <eventAction>ChangeFrameCollection</eventAction>
          </eventActions>
          <changeFrameCollectionIndexTo>0</changeFrameCollectionIndexTo>
        </event>
        <event>
          <eventType>MoveAnimationMaxBottomReached</eventType>
          <eventActions>
            <eventAction>ChangeFrameCollection</eventAction>
          </eventActions>
          <changeFrameCollectionIndexTo>1</changeFrameCollectionIndexTo>
        </event>
        <event>
          <eventType>Timer</eventType>
          <eventActions>
            <eventAction>ChangeTimerDelay</eventAction>
            <eventAction>StopAnimationAndMove</eventAction>
            <eventAction>ChangeCustomCondition</eventAction>
          </eventActions>
          <whenCustomConditionIs>running</whenCustomConditionIs>
          <newTimerDelay>300</newTimerDelay>
          <newCustomCondition>stoppped</newCustomCondition>
        </event>
        <event>
          <eventType>Timer</eventType>
          <eventActions>
            <eventAction>ChangeTimerDelay</eventAction>
            <eventAction>ResumeAnimationAndMove</eventAction>
            <eventAction>ChangeCustomCondition</eventAction>
          </eventActions>
          <whenCustomConditionIs>stoppped</whenCustomConditionIs>
          <newTimerDelay>800</newTimerDelay>
          <newCustomCondition>running</newCustomCondition>
        </event>
        <defaultCustomCondition>running</defaultCustomCondition>
      </events>
      <left>210</left>
      <top>150</top>
      <speed>1</speed>
    </image>
    <image>
      <frames>
        <frame>
          <fileName from="zdxLake">ene2a.png</fileName>
        </frame>
        <frame>
          <fileName from="zdxLake">ene2b.png</fileName>
        </frame>
        <framesAnimationSpeed>3</framesAnimationSpeed>
      </frames>
      <moveAnimation>
        <iniLeft>872</iniLeft>
        <maxLeft>942</maxLeft>
        <pixelsMoveLeft>2</pixelsMoveLeft>
      </moveAnimation>
      <imageTimer>
        <timerDelay>1500</timerDelay>
      </imageTimer>
      <events>
        <event>
          <eventType>MoveAnimationMaxLeftReached</eventType>
          <eventType>MoveAnimationMaxRightReached</eventType>
          <eventActions>
            <eventAction>FlipImage</eventAction>
          </eventActions>
        </event>
        <event>
          <eventType>Timer</eventType>
          <eventActions>
            <eventAction>ChangeTimerDelay</eventAction>
            <eventAction>StopAnimationAndMove</eventAction>
            <eventAction>ChangeCustomCondition</eventAction>
          </eventActions>
          <whenCustomConditionIs>running</whenCustomConditionIs>
          <newTimerDelay>400</newTimerDelay>
          <newCustomCondition>stoppped</newCustomCondition>
        </event>
        <event>
          <eventType>Timer</eventType>
          <eventActions>
            <eventAction>ChangeTimerDelay</eventAction>
            <eventAction>ResumeAnimationAndMove</eventAction>
            <eventAction>ChangeCustomCondition</eventAction>
          </eventActions>
          <whenCustomConditionIs>stoppped</whenCustomConditionIs>
          <newTimerDelay>900</newTimerDelay>
          <newCustomCondition>running</newCustomCondition>
        </event>
        <defaultCustomCondition>running</defaultCustomCondition>
      </events>
      <left>900</left>
      <top>368</top>
      <speed>1</speed>
    </image>
    <image>
      <frames>
        <frame>
          <fileName>ened3.png</fileName>
        </frame>
        <frame>
          <fileName>ened4.png</fileName>
        </frame>
        <framesAnimationSpeed>3</framesAnimationSpeed>
      </frames>
      <moveAnimation>
        <iniLeft>304</iniLeft>
        <maxLeft>382</maxLeft>
        <pixelsMoveLeft>2</pixelsMoveLeft>
      </moveAnimation>
      <imageTimer>
        <timerDelay>1500</timerDelay>
      </imageTimer>
      <events>
        <event>
          <eventType>MoveAnimationMaxLeftReached</eventType>
          <eventType>MoveAnimationMaxRightReached</eventType>
          <eventActions>
            <eventAction>FlipImage</eventAction>
          </eventActions>
        </event>
        <event>
          <eventType>Timer</eventType>
          <eventActions>
            <eventAction>ChangeTimerDelay</eventAction>
            <eventAction>StopAnimationAndMove</eventAction>
            <eventAction>ChangeCustomCondition</eventAction>
          </eventActions>
          <whenCustomConditionIs>running</whenCustomConditionIs>
          <newTimerDelay>400</newTimerDelay>
          <newCustomCondition>stoppped</newCustomCondition>
        </event>
        <event>
          <eventType>Timer</eventType>
          <eventActions>
            <eventAction>ChangeTimerDelay</eventAction>
            <eventAction>ResumeAnimationAndMove</eventAction>
            <eventAction>ChangeCustomCondition</eventAction>
          </eventActions>
          <whenCustomConditionIs>stoppped</whenCustomConditionIs>
          <newTimerDelay>900</newTimerDelay>
          <newCustomCondition>running</newCustomCondition>
        </event>
        <defaultCustomCondition>running</defaultCustomCondition>
      </events>
      <left>380</left>
      <top>86</top>
      <speed>1</speed>
    </image>
    <image>
      <frames>
        <frame>
          <fileName from="zdxTalTalMountain">enea1.png</fileName>
        </frame>
        <frame>
          <fileName from="zdxTalTalMountain">enea2.png</fileName>
        </frame>
      </frames>
      <moveAnimation>
        <iniLeft>562</iniLeft>
        <maxLeft>608</maxLeft>
        <pixelsMoveLeft>2</pixelsMoveLeft>
        <moveAnimationSpeed>1</moveAnimationSpeed>
      </moveAnimation>
      <speed>6</speed>
      <left>570</left>
      <top>207</top>
    </image>
    <image>
      <frames>
        <reUseTagFramesFromPreviousImage>true</reUseTagFramesFromPreviousImage>
      </frames>
      <moveAnimation>
        <iniTop>112</iniTop>
        <maxTop>174</maxTop>
        <pixelsMoveTop>2</pixelsMoveTop>
        <moveAnimationSpeed>1</moveAnimationSpeed>
      </moveAnimation>
      <speed>6</speed>
      <left>432</left>
      <top>172</top>
    </image>
    <image>
      <frames>
        <reUseTagFramesFromPreviousImage>true</reUseTagFramesFromPreviousImage>
      </frames>
      <moveAnimation>
        <iniLeft>152</iniLeft>
        <maxLeft>222</maxLeft>
        <pixelsMoveLeft>2</pixelsMoveLeft>
        <moveAnimationSpeed>1</moveAnimationSpeed>
      </moveAnimation>
      <speed>6</speed>
      <left>160</left>
      <top>463</top>
    </image>
    <image>
      <frames>
        <reUseTagFramesFromPreviousImage>true</reUseTagFramesFromPreviousImage>
      </frames>
      <moveAnimation>
        <iniTop>288</iniTop>
        <maxTop>319</maxTop>
        <pixelsMoveTop>2</pixelsMoveTop>
        <moveAnimationSpeed>1</moveAnimationSpeed>
      </moveAnimation>
      <speed>6</speed>
      <left>272</left>
      <top>318</top>
    </image>
    <image>
      <frames>
        <reUseTagFramesFromPreviousImage>true</reUseTagFramesFromPreviousImage>
      </frames>
      <moveAnimation>
        <iniLeft>60</iniLeft>
        <maxLeft>126</maxLeft>
        <pixelsMoveLeft>2</pixelsMoveLeft>
        <moveAnimationSpeed>1</moveAnimationSpeed>
      </moveAnimation>
      <speed>6</speed>
      <left>80</left>
      <top>320</top>
    </image>
    <image>
      <frames>
        <reUseTagFramesFromPreviousImage>true</reUseTagFramesFromPreviousImage>
      </frames>
      <moveAnimation>
        <iniTop>352</iniTop>
        <maxTop>412</maxTop>
        <pixelsMoveTop>2</pixelsMoveTop>
        <moveAnimationSpeed>1</moveAnimationSpeed>
      </moveAnimation>
      <speed>6</speed>
      <left>72</left>
      <top>352</top>
    </image>
    <image>
      <frames>
        <frameCollection>
          <frame>
            <fileName>crow1.png</fileName>
            <delay>1</delay>
          </frame>
          <frame>
            <fileName>crow2.png</fileName>
          </frame>
          <frame>
            <fileName>crow3.png</fileName>
          </frame>
          <frame>
            <fileName>crow4.png</fileName>
          </frame>
          <frame>
            <fileName>crow5.png</fileName>
          </frame>
          <frame>
            <fileName>crow6.png</fileName>
          </frame>
        </frameCollection>
        <frameCollection>
          <frame>
            <fileName>crow7.png</fileName>
            <delay>3</delay>
          </frame>
          <frame>
            <fileName>crow6.png</fileName>
          </frame>
        </frameCollection>
        <framesAnimationStop>true</framesAnimationStop>
      </frames>
      <pathAnimation>
        <pathAnimationCoordinates>
          <iniLeft>208</iniLeft>
          <iniTop>61</iniTop>
          <maxLeft>271</maxLeft>
          <maxTop>136</maxTop>
        </pathAnimationCoordinates>
        <pixelsMove>2</pixelsMove>
        <pathAnimationStop>true</pathAnimationStop>
      </pathAnimation>
      <imageTimer>
        <timerDelay>8000</timerDelay>
      </imageTimer>
      <events>
        <event>
          <eventType>FrameAnimationLoopEnds</eventType>
          <eventActions>
            <eventAction>ChangeFrameCollection</eventAction>
            <eventAction>ResumeMove</eventAction>
            <eventAction>ChangeSpeedAnimation</eventAction>
          </eventActions>
          <changeFrameCollectionIndexTo>1</changeFrameCollectionIndexTo>
          <newSpeedAnimation>1</newSpeedAnimation>
          <whenFrameCollectionIndexIs>0</whenFrameCollectionIndexIs>
        </event>
        <event>
          <eventType>PathAnimationEndPointReached</eventType>
          <eventActions>
            <eventAction>FlipImage</eventAction>
          </eventActions>
        </event>
        <event>
          <eventType>PathAnimationStartPointReached</eventType>
          <eventActions>
            <eventAction>ChangeFrameCollection</eventAction>
            <eventAction>StopAnimationAndMove</eventAction>
            <eventAction>ChangeSpeedAnimation</eventAction>
            <eventAction>FlipImage</eventAction>
          </eventActions>
          <changeFrameCollectionIndexTo>0</changeFrameCollectionIndexTo>
          <newSpeedAnimation>2</newSpeedAnimation>
        </event>
        <event>
          <eventType>Timer</eventType>
          <eventActions>
            <eventAction>ResumeAnimation</eventAction>
          </eventActions>
        </event>
      </events>
      <speed>2</speed>
      <left>208</left>
      <top>61</top>
      <!--<flipImage>Horizontal</flipImage>-->
    </image>
    <image>
      <frames>
        <reUseTagFramesFromPreviousImage>true</reUseTagFramesFromPreviousImage>
        <framesAnimationStop>true</framesAnimationStop>
      </frames>
      <pathAnimation>
        <pathAnimationCoordinates>
          <iniLeft>96</iniLeft>
          <iniTop>12</iniTop>
          <maxLeft>22</maxLeft>
          <maxTop>70</maxTop>
        </pathAnimationCoordinates>
        <pixelsMove>2</pixelsMove>
        <pathAnimationStop>true</pathAnimationStop>
      </pathAnimation>
      <imageTimer>
        <timerDelay>10000</timerDelay>
      </imageTimer>
      <events>
        <event>
          <eventType>FrameAnimationLoopEnds</eventType>
          <eventActions>
            <eventAction>ChangeFrameCollection</eventAction>
            <eventAction>ResumeMove</eventAction>
            <eventAction>ChangeSpeedAnimation</eventAction>
          </eventActions>
          <changeFrameCollectionIndexTo>1</changeFrameCollectionIndexTo>
          <newSpeedAnimation>1</newSpeedAnimation>
          <whenFrameCollectionIndexIs>0</whenFrameCollectionIndexIs>
        </event>
        <event>
          <eventType>PathAnimationEndPointReached</eventType>
          <eventActions>
            <eventAction>FlipImage</eventAction>
          </eventActions>
        </event>
        <event>
          <eventType>PathAnimationStartPointReached</eventType>
          <eventActions>
            <eventAction>ChangeFrameCollection</eventAction>
            <eventAction>StopAnimationAndMove</eventAction>
            <eventAction>ChangeSpeedAnimation</eventAction>
            <eventAction>FlipImage</eventAction>
          </eventActions>
          <changeFrameCollectionIndexTo>0</changeFrameCollectionIndexTo>
          <newSpeedAnimation>2</newSpeedAnimation>
        </event>
        <event>
          <eventType>Timer</eventType>
          <eventActions>
            <eventAction>ResumeAnimation</eventAction>
          </eventActions>
        </event>
      </events>
      <speed>2</speed>
      <left>96</left>
      <top>12</top>
      <flipImage>Horizontal</flipImage>
    </image>
    <image>
      <frames>
        <reUseTagFramesFromPreviousImage>true</reUseTagFramesFromPreviousImage>
        <framesAnimationStop>true</framesAnimationStop>
      </frames>
      <pathAnimation>
        <pathAnimationCoordinates>
          <iniLeft>48</iniLeft>
          <iniTop>124</iniTop>
          <maxLeft>127</maxLeft>
          <maxTop>192</maxTop>
        </pathAnimationCoordinates>
        <pixelsMove>2</pixelsMove>
        <pathAnimationStop>true</pathAnimationStop>
      </pathAnimation>
      <imageTimer>
        <timerDelay>7000</timerDelay>
      </imageTimer>
      <events>
        <event>
          <eventType>FrameAnimationLoopEnds</eventType>
          <eventActions>
            <eventAction>ChangeFrameCollection</eventAction>
            <eventAction>ResumeMove</eventAction>
            <eventAction>ChangeSpeedAnimation</eventAction>
          </eventActions>
          <changeFrameCollectionIndexTo>1</changeFrameCollectionIndexTo>
          <newSpeedAnimation>1</newSpeedAnimation>
          <whenFrameCollectionIndexIs>0</whenFrameCollectionIndexIs>
        </event>
        <event>
          <eventType>PathAnimationEndPointReached</eventType>
          <eventActions>
            <eventAction>FlipImage</eventAction>
          </eventActions>
        </event>
        <event>
          <eventType>PathAnimationStartPointReached</eventType>
          <eventActions>
            <eventAction>ChangeFrameCollection</eventAction>
            <eventAction>StopAnimationAndMove</eventAction>
            <eventAction>ChangeSpeedAnimation</eventAction>
            <eventAction>FlipImage</eventAction>
          </eventActions>
          <changeFrameCollectionIndexTo>0</changeFrameCollectionIndexTo>
          <newSpeedAnimation>2</newSpeedAnimation>
        </event>
        <event>
          <eventType>Timer</eventType>
          <eventActions>
            <eventAction>ResumeAnimation</eventAction>
          </eventActions>
        </event>
      </events>
      <speed>2</speed>
      <left>48</left>
      <top>124</top>
      <!--<flipImage>Horizontal</flipImage>-->
    </image>
    <image>
      <frames>
        <reUseTagFramesFromPreviousImage>true</reUseTagFramesFromPreviousImage>
        <framesAnimationStop>true</framesAnimationStop>
      </frames>
      <pathAnimation>
        <pathAnimationCoordinates>
          <iniLeft>112</iniLeft>
          <iniTop>124</iniTop>
          <maxLeft>38</maxLeft>
          <maxTop>180</maxTop>
        </pathAnimationCoordinates>
        <pixelsMove>2</pixelsMove>
        <pathAnimationStop>true</pathAnimationStop>
      </pathAnimation>
      <imageTimer>
        <timerDelay>10500</timerDelay>
      </imageTimer>
      <events>
        <event>
          <eventType>FrameAnimationLoopEnds</eventType>
          <eventActions>
            <eventAction>ChangeFrameCollection</eventAction>
            <eventAction>ResumeMove</eventAction>
            <eventAction>ChangeSpeedAnimation</eventAction>
          </eventActions>
          <changeFrameCollectionIndexTo>1</changeFrameCollectionIndexTo>
          <newSpeedAnimation>1</newSpeedAnimation>
          <whenFrameCollectionIndexIs>0</whenFrameCollectionIndexIs>
        </event>
        <event>
          <eventType>PathAnimationEndPointReached</eventType>
          <eventActions>
            <eventAction>FlipImage</eventAction>
          </eventActions>
        </event>
        <event>
          <eventType>PathAnimationStartPointReached</eventType>
          <eventActions>
            <eventAction>ChangeFrameCollection</eventAction>
            <eventAction>StopAnimationAndMove</eventAction>
            <eventAction>ChangeSpeedAnimation</eventAction>
            <eventAction>FlipImage</eventAction>
          </eventActions>
          <changeFrameCollectionIndexTo>0</changeFrameCollectionIndexTo>
          <newSpeedAnimation>2</newSpeedAnimation>
        </event>
        <event>
          <eventType>Timer</eventType>
          <eventActions>
            <eventAction>ResumeAnimation</eventAction>
          </eventActions>
        </event>
      </events>
      <speed>2</speed>
      <left>112</left>
      <top>124</top>
      <flipImage>Horizontal</flipImage>
    </image>
    <image>
      <frames>
        <frameCollection>
          <frame>
            <fileName></fileName>
            <delay>3</delay>
          </frame>
          <frame>
            <fileName from="zdxMabeb">enea1.png</fileName>
          </frame>
          <frame>
            <fileName from="zdxMabeb">enea2.png</fileName>
            <delay>2</delay>
          </frame>
        </frameCollection>
        <frameCollection>
          <frame>
            <fileName from="zdxMabeb">enea3.png</fileName>
          </frame>
          <frame>
            <fileName from="zdxMabeb">enea4.png</fileName>
          </frame>
        </frameCollection>
        <frameCollection>
          <frame>
            <fileName from="zdxMabeb">enea2.png</fileName>
            <delay>3</delay>
          </frame>
          <frame>
            <fileName from="zdxMabeb">enea1.png</fileName>
          </frame>
          <frame>
            <fileName></fileName>
            <delay>20</delay>
          </frame>
        </frameCollection>
        <framesAnimationSpeed>3</framesAnimationSpeed>
      </frames>
      <moveAnimation>
        <iniLeft>470</iniLeft>
        <!--<iniTop>416</iniTop>-->
        <maxLeft>558</maxLeft>
        <!--<maxTop>460</maxTop>-->
        <!--<pixelsMoveTop>0</pixelsMoveTop>-->
        <pixelsMoveLeft>2</pixelsMoveLeft>
        <moveAnimationStop>true</moveAnimationStop>
      </moveAnimation>
      <events>
        <event>
          <eventType>FrameAnimationLoopEnds</eventType>
          <eventActions>
            <eventAction>ChangeFrameCollection</eventAction>
            <eventAction>ResumeMove</eventAction>
          </eventActions>
          <whenFrameCollectionIndexIs>0</whenFrameCollectionIndexIs>
          <changeFrameCollectionIndexTo>1</changeFrameCollectionIndexTo>
        </event>
        <event>
          <eventType>MoveAnimationMaxTopReached</eventType>
          <eventType>MoveAnimationMaxBottomReached</eventType>
          <eventType>MoveAnimationMaxLeftReached</eventType>
          <eventType>MoveAnimationMaxRightReached</eventType>
          <eventActions>
            <eventAction>StopMove</eventAction>
            <eventAction>ChangeFrameCollection</eventAction>
          </eventActions>
          <changeFrameCollectionIndexTo>2</changeFrameCollectionIndexTo>
        </event>
        <event>
          <eventType>FrameAnimationLoopEnds</eventType>
          <eventActions>
            <eventAction>ChangeFrameCollection</eventAction>
          </eventActions>
          <whenFrameCollectionIndexIs>2</whenFrameCollectionIndexIs>
          <changeFrameCollectionIndexTo>0</changeFrameCollectionIndexTo>
        </event>
      </events>
      <left>500</left>
      <top>95</top>
      <speed>1</speed>
    </image>
    <image>
      <frames>
        <reUseTagFramesFromPreviousImage>true</reUseTagFramesFromPreviousImage>
        <framesAnimationSpeed>3</framesAnimationSpeed>
      </frames>
      <moveAnimation>
        <iniLeft>300</iniLeft>
        <iniTop>142</iniTop>
        <maxLeft>406</maxLeft>
        <maxTop>174</maxTop>
        <pixelsMoveTop>2</pixelsMoveTop>
        <pixelsMoveLeft>2</pixelsMoveLeft>
        <moveAnimationStop>true</moveAnimationStop>
      </moveAnimation>
      <events>
        <event>
          <eventType>FrameAnimationLoopEnds</eventType>
          <eventActions>
            <eventAction>ChangeFrameCollection</eventAction>
            <eventAction>ResumeMove</eventAction>
          </eventActions>
          <whenFrameCollectionIndexIs>0</whenFrameCollectionIndexIs>
          <changeFrameCollectionIndexTo>1</changeFrameCollectionIndexTo>
        </event>
        <event>
          <eventType>MoveAnimationMaxTopReached</eventType>
          <eventType>MoveAnimationMaxBottomReached</eventType>
          <eventType>MoveAnimationMaxLeftReached</eventType>
          <eventType>MoveAnimationMaxRightReached</eventType>
          <eventActions>
            <eventAction>StopMove</eventAction>
            <eventAction>ChangeFrameCollection</eventAction>
          </eventActions>
          <changeFrameCollectionIndexTo>2</changeFrameCollectionIndexTo>
        </event>
        <event>
          <eventType>FrameAnimationLoopEnds</eventType>
          <eventActions>
            <eventAction>ChangeFrameCollection</eventAction>
          </eventActions>
          <whenFrameCollectionIndexIs>2</whenFrameCollectionIndexIs>
          <changeFrameCollectionIndexTo>0</changeFrameCollectionIndexTo>
        </event>
      </events>
      <left>310</left>
      <top>150</top>
      <speed>1</speed>
    </image>
    <image>
      <frames>
        <reUseTagFramesFromPreviousImage>true</reUseTagFramesFromPreviousImage>
        <framesAnimationSpeed>3</framesAnimationSpeed>
      </frames>
      <moveAnimation>
        <iniLeft>300</iniLeft>
        <iniTop>142</iniTop>
        <maxLeft>406</maxLeft>
        <maxTop>174</maxTop>
        <pixelsMoveTop>1</pixelsMoveTop>
        <pixelsMoveLeft>-2</pixelsMoveLeft>
        <moveAnimationStop>true</moveAnimationStop>
      </moveAnimation>
      <events>
        <event>
          <eventType>FrameAnimationLoopEnds</eventType>
          <eventActions>
            <eventAction>ChangeFrameCollection</eventAction>
            <eventAction>ResumeMove</eventAction>
          </eventActions>
          <whenFrameCollectionIndexIs>0</whenFrameCollectionIndexIs>
          <changeFrameCollectionIndexTo>1</changeFrameCollectionIndexTo>
        </event>
        <event>
          <eventType>MoveAnimationMaxTopReached</eventType>
          <eventType>MoveAnimationMaxBottomReached</eventType>
          <eventType>MoveAnimationMaxLeftReached</eventType>
          <eventType>MoveAnimationMaxRightReached</eventType>
          <eventActions>
            <eventAction>StopMove</eventAction>
            <eventAction>ChangeFrameCollection</eventAction>
          </eventActions>
          <changeFrameCollectionIndexTo>2</changeFrameCollectionIndexTo>
        </event>
        <event>
          <eventType>FrameAnimationLoopEnds</eventType>
          <eventActions>
            <eventAction>ChangeFrameCollection</eventAction>
          </eventActions>
          <whenFrameCollectionIndexIs>2</whenFrameCollectionIndexIs>
          <changeFrameCollectionIndexTo>0</changeFrameCollectionIndexTo>
        </event>
      </events>
      <left>400</left>
      <top>160</top>
      <speed>1</speed>
    </image>









    <image>
      <frames>
        <frame>
          <fileName from="zdxLake">ball1.png</fileName>
        </frame>
        <frame>
          <fileName from="zdxLake">ball1.png</fileName>
          <applyAlterationsToThisFrame>
            <alterationsToDo>FlipHorizontal</alterationsToDo>
          </applyAlterationsToThisFrame>
        </frame>
      </frames>
      <moveAnimation>
        <iniLeft>510</iniLeft>
        <iniTop>410</iniTop>
        <maxLeft>603</maxLeft>
        <maxTop>503</maxTop>
        <pixelsMoveLeft>-2</pixelsMoveLeft>
        <pixelsMoveTop>2</pixelsMoveTop>
        <moveAnimationSpeed>1</moveAnimationSpeed>
        <moveAnimationStop>true</moveAnimationStop>
      </moveAnimation>
      <events>
        <event>
          <eventType>MoveAnimationMaxBottomReached</eventType>
          <eventActions>
            <eventAction>ChangeVisibleValue</eventAction>
            <eventAction>StopMove</eventAction>
            <eventAction>EditPosition</eventAction>
          </eventActions>
          <newVisibleValue>false</newVisibleValue>
          <newCoordinates>603;410</newCoordinates>
        </event>
      </events>
      <visible>false</visible>
      <id>plantball1</id>
      <left>603</left>
      <top>410</top>
      <speed>1</speed>
    </image>
    <image>
      <frames>
        <reUseTagFramesFromPreviousImage>true</reUseTagFramesFromPreviousImage>
      </frames>
      <moveAnimation>
        <iniLeft>571</iniLeft>
        <iniTop>313</iniTop>
        <maxLeft>695</maxLeft>
        <maxTop>437</maxTop>
        <pixelsMoveLeft>2</pixelsMoveLeft>
        <pixelsMoveTop>2</pixelsMoveTop>
        <moveAnimationSpeed>1</moveAnimationSpeed>
        <moveAnimationStop>true</moveAnimationStop>
      </moveAnimation>
      <events>
        <event>
          <eventType>MoveAnimationMaxBottomReached</eventType>
          <eventActions>
            <eventAction>ChangeVisibleValue</eventAction>
            <eventAction>StopMove</eventAction>
            <eventAction>EditPosition</eventAction>
          </eventActions>
          <newVisibleValue>false</newVisibleValue>
          <newCoordinates>571;313</newCoordinates>
        </event>
      </events>
      <visible>false</visible>
      <id>plantball2</id>
      <left>571</left>
      <top>313</top>
      <speed>1</speed>
    </image>
  </images>
</doc>
