<?xml version="1.0"?>
<doc>
  <basic type="animations">
    <screenCanvasResolution>
      <width>944</width>
      <height>560</height>
    </screenCanvasResolution>
    <canvasResolution>
      <maxWidth>944</maxWidth>
      <maxHeight>560</maxHeight>
    </canvasResolution>
    <bgColor>#00000000</bgColor>
  </basic>
  <images>
    <image>
      <fileName>map.png</fileName>
    </image>
    <image>
      <video>
        <videoFile streamed="false">bomb.mp4</videoFile>
        <autoPlay>true</autoPlay>
        <volume>0</volume>
        <currentTime>0</currentTime>
        <playerID>videoPlayer</playerID>
        <loop>true</loop>
      </video>
      <left>640</left>
      <top>160</top>
    </image>
    <image>
      <fileName>cover1.png</fileName>
      <left>768</left>
      <top>259</top>
    </image>
    <image>
      <fileName>cover2.png</fileName>
      <left>640</left>
      <top>288</top>
    </image>
    <image>
      <frames>
        <frame>
          <fileName>wa1a.png</fileName>
        </frame>
        <frame>
          <fileName>wa1b.png</fileName>
        </frame>
        <frame>
          <fileName>wa1c.png</fileName>
        </frame>
        <frame>
          <fileName></fileName>
        </frame>
      </frames>
      <speed>6</speed>
      <left>864</left>
      <top>0</top>
    </image>
    <image>
      <frames>
        <frame>
          <fileName>wa2a.png</fileName>
        </frame>
        <frame>
          <fileName>wa2b.png</fileName>
        </frame>
        <frame>
          <fileName>wa2c.png</fileName>
        </frame>
        <frame>
          <fileName></fileName>
        </frame>
      </frames>
      <speed>6</speed>
      <left>336</left>
      <top>368</top>
    </image>
    <image>
      <frames>
        <frame>
          <fileName>wa3a.png</fileName>
        </frame>
        <frame>
          <fileName>wa3b.png</fileName>
        </frame>
        <frame>
          <fileName>wa3c.png</fileName>
        </frame>
        <frame>
          <fileName></fileName>
        </frame>
      </frames>
      <speed>6</speed>
      <left>336</left>
      <top>0</top>
    </image>
    <image>
      <frames>
        <frame>
          <fileName>wa4a.png</fileName>
        </frame>
        <frame>
          <fileName>wa4b.png</fileName>
        </frame>
        <frame>
          <fileName>wa4c.png</fileName>
        </frame>
        <frame>
          <fileName></fileName>
        </frame>
      </frames>
      <speed>6</speed>
      <left>400</left>
      <top>0</top>
    </image>
    <image>
      <frames>
        <frame>
          <fileName from="zdxMabe">f1.png</fileName>
        </frame>
        <frame>
          <fileName from="zdxMabe">f2.png</fileName>
        </frame>
        <frame>
          <fileName from="zdxMabe">f3.png</fileName>
        </frame>
        <frame>
          <fileName from="zdxMabe">f4.png</fileName>
        </frame>
      </frames>
      <coordinates>
        385;256,401;208,625;80,753;64,753;80,769;80,785;80,785;64,849;176
      </coordinates>
      <speed>6</speed>
    </image>    
    <image>
      <frames>
        <frame>
          <fileName>chimp1.png</fileName>
        </frame>
        <frame>
          <fileName>chimp2.png</fileName>
        </frame>
        <frame>
          <fileName>chimp1.png</fileName>
        </frame>
        <frame>
          <fileName>chimp2.png</fileName>
        </frame>
        <frame>
          <fileName>chimp1.png</fileName>
          <applyAlterationsToThisFrame>
            <alterationsToDo>FlipHorizontal</alterationsToDo>
          </applyAlterationsToThisFrame>
        </frame>
        <frame>
          <fileName>chimp2.png</fileName>
          <applyAlterationsToThisFrame>
            <alterationsToDo>FlipHorizontal</alterationsToDo>
          </applyAlterationsToThisFrame>
        </frame>
        <frame>
          <fileName>chimp1.png</fileName>
          <applyAlterationsToThisFrame>
            <alterationsToDo>FlipHorizontal</alterationsToDo>
          </applyAlterationsToThisFrame>
        </frame>
        <frame>
          <fileName>chimp2.png</fileName>
          <applyAlterationsToThisFrame>
            <alterationsToDo>FlipHorizontal</alterationsToDo>
          </applyAlterationsToThisFrame>
        </frame>
      </frames>
      <speed>3</speed>
      <left>865</left>
      <top>492</top>
    </image>
    <image>
      <frames>
        <frame>
          <fileName>ene2a.png</fileName>
        </frame>
        <frame>
          <fileName>ene2b.png</fileName>
        </frame>
        <framesAnimationSpeed>3</framesAnimationSpeed>
      </frames>
      <moveAnimation>
        <iniLeft>416</iniLeft>
        <maxLeft>496</maxLeft>
        <pixelsMoveLeft>2</pixelsMoveLeft>
      </moveAnimation>
      <imageTimer>
        <timerDelay>1500</timerDelay>
      </imageTimer>
      <events>
        <event>
          <eventType>MoveAnimationMaxLeftReached</eventType>
          <eventActions>
            <eventAction>FlipImage</eventAction>
          </eventActions>
        </event>
        <event>
          <eventType>MoveAnimationMaxRightReached</eventType>
          <eventActions>
            <eventAction>FlipImage</eventAction>
            <eventAction>ChangeTimerDelay</eventAction>
            <eventAction>StopAnimationAndMove</eventAction>
            <eventAction>ChangeCustomCondition</eventAction>
          </eventActions>
          <newTimerDelay>400</newTimerDelay>
          <newCustomCondition>stoppped</newCustomCondition>
        </event>
        <event>
          <eventType>MoveAnimationMaxRightReached</eventType>
          <eventActions>
            <eventAction>EnableByID</eventAction>
          </eventActions>
          <ids>arrowa</ids>
        </event>
        <event>
          <eventType>Timer</eventType>
          <eventActions>
            <eventAction>ChangeTimerDelay</eventAction>
            <eventAction>StopAnimationAndMove</eventAction>
            <eventAction>ChangeCustomCondition</eventAction>
          </eventActions>
          <whenCustomConditionIs>running</whenCustomConditionIs>
          <newTimerDelay>400</newTimerDelay>
          <newCustomCondition>stoppped</newCustomCondition>
        </event>
        <event>
          <eventType>Timer</eventType>
          <eventActions>
            <eventAction>ChangeTimerDelay</eventAction>
            <eventAction>ResumeAnimationAndMove</eventAction>
            <eventAction>ChangeCustomCondition</eventAction>
          </eventActions>
          <whenCustomConditionIs>stoppped</whenCustomConditionIs>
          <newTimerDelay>900</newTimerDelay>
          <newCustomCondition>running</newCustomCondition>
        </event>
        <defaultCustomCondition>running</defaultCustomCondition>
      </events>
      <left>440</left>
      <top>94</top>
      <speed>1</speed>
    </image>
    <image>
      <frames>
        <frameCollection>
          <frame>
            <fileName from="zdxLake">arrow1.png</fileName>
          </frame>
        </frameCollection>
        <frameCollection>
          <convertImageSequenceInFrames from="zdxLake">
            <filePreName>arrow</filePreName>
            <startNumber>2</startNumber>
            <endNumber>11</endNumber>
            <fileNameExtension>png</fileNameExtension>
          </convertImageSequenceInFrames>
        </frameCollection>
        <!--<defaultFrameCollection>1</defaultFrameCollection>-->
      </frames>
      <disableImage>true</disableImage>
      <moveAnimation>
        <iniLeft>416</iniLeft>
        <maxLeft>487</maxLeft>
        <pixelsMoveLeft>-4</pixelsMoveLeft>
      </moveAnimation>
      <events>
        <event>
          <eventType>MoveAnimationMaxLeftReached</eventType>
          <eventActions>
            <eventAction>StopMove</eventAction>
            <eventAction>ChangeFrameCollection</eventAction>
          </eventActions>
          <changeFrameCollectionIndexTo>1</changeFrameCollectionIndexTo>
        </event>
        <event>
          <eventType>FrameAnimationLoopEnds</eventType>
          <eventActions>
            <eventAction>ChangeFrameCollection</eventAction>
            <eventAction>ResumeMove</eventAction>
            <eventAction>DisableImage</eventAction>
            <eventAction>EditPosition</eventAction>
          </eventActions>
          <changeFrameCollectionIndexTo>0</changeFrameCollectionIndexTo>
          <newCoordinates>487;87</newCoordinates>
          <whenFrameCollectionIndexIs>1</whenFrameCollectionIndexIs>
        </event>
      </events>
      <id>arrowa</id>
      <left>487</left>
      <top>87</top>
      <speed>1</speed>
      <flipImage>Horizontal</flipImage>
    </image>
    <image>
      <frames>
        <frameCollection>
          <frame>
            <fileName>ene1a.png</fileName>
          </frame>
          <frame>
            <fileName>ene1b.png</fileName>
          </frame>
        </frameCollection>
        <frameCollection>
          <frame>
            <fileName>ene1c.png</fileName>
          </frame>
          <frame>
            <fileName>ene1d.png</fileName>
          </frame>
        </frameCollection>
        <framesAnimationSpeed>5</framesAnimationSpeed>
      </frames>
      <moveAnimation>
        <iniTop>198</iniTop>
        <maxTop>288</maxTop>
        <pixelsMoveTop>2</pixelsMoveTop>
      </moveAnimation>
      <imageTimer>
        <timerDelay>2000</timerDelay>
      </imageTimer>
      <events>
        <event>
          <eventType>MoveAnimationMaxTopReached</eventType>
          <eventActions>
            <eventAction>ChangeFrameCollection</eventAction>
          </eventActions>
          <changeFrameCollectionIndexTo>0</changeFrameCollectionIndexTo>
        </event>
        <event>
          <eventType>MoveAnimationMaxBottomReached</eventType>
          <eventActions>
            <eventAction>ChangeFrameCollection</eventAction>
          </eventActions>
          <changeFrameCollectionIndexTo>1</changeFrameCollectionIndexTo>
        </event>
        <event>
          <eventType>Timer</eventType>
          <eventActions>
            <eventAction>ChangeTimerDelay</eventAction>
            <eventAction>StopAnimationAndMove</eventAction>
            <eventAction>ChangeCustomCondition</eventAction>
          </eventActions>
          <whenCustomConditionIs>running</whenCustomConditionIs>
          <newTimerDelay>1500</newTimerDelay>
          <newCustomCondition>stoppped</newCustomCondition>
        </event>
        <event>
          <eventType>Timer</eventType>
          <eventActions>
            <eventAction>ChangeTimerDelay</eventAction>
            <eventAction>ResumeAnimationAndMove</eventAction>
            <eventAction>ChangeCustomCondition</eventAction>
          </eventActions>
          <whenCustomConditionIs>stoppped</whenCustomConditionIs>
          <newTimerDelay>2500</newTimerDelay>
          <newCustomCondition>running</newCustomCondition>
        </event>
        <defaultCustomCondition>running</defaultCustomCondition>
      </events>
      <left>384</left>
      <top>200</top>
      <speed>2</speed>
    </image>
    <image>
      <frames>
        <reUseTagFramesFromPreviousImage>true</reUseTagFramesFromPreviousImage>
        <framesAnimationSpeed>5</framesAnimationSpeed>
      </frames>
      <moveAnimation>
        <iniTop>308</iniTop>
        <maxTop>360</maxTop>
        <pixelsMoveTop>2</pixelsMoveTop>
      </moveAnimation>
      <imageTimer>
        <timerDelay>1850</timerDelay>
      </imageTimer>
      <events>
        <event>
          <eventType>MoveAnimationMaxTopReached</eventType>
          <eventActions>
            <eventAction>ChangeFrameCollection</eventAction>
          </eventActions>
          <changeFrameCollectionIndexTo>0</changeFrameCollectionIndexTo>
        </event>
        <event>
          <eventType>MoveAnimationMaxBottomReached</eventType>
          <eventActions>
            <eventAction>ChangeFrameCollection</eventAction>
          </eventActions>
          <changeFrameCollectionIndexTo>1</changeFrameCollectionIndexTo>
        </event>
        <event>
          <eventType>Timer</eventType>
          <eventActions>
            <eventAction>ChangeTimerDelay</eventAction>
            <eventAction>StopAnimationAndMove</eventAction>
            <eventAction>ChangeCustomCondition</eventAction>
          </eventActions>
          <whenCustomConditionIs>running</whenCustomConditionIs>
          <newTimerDelay>1500</newTimerDelay>
          <newCustomCondition>stoppped</newCustomCondition>
        </event>
        <event>
          <eventType>Timer</eventType>
          <eventActions>
            <eventAction>ChangeTimerDelay</eventAction>
            <eventAction>ResumeAnimationAndMove</eventAction>
            <eventAction>ChangeCustomCondition</eventAction>
          </eventActions>
          <whenCustomConditionIs>stoppped</whenCustomConditionIs>
          <newTimerDelay>2500</newTimerDelay>
          <newCustomCondition>running</newCustomCondition>
        </event>
        <defaultCustomCondition>running</defaultCustomCondition>
      </events>
      <left>622</left>
      <top>310</top>
      <speed>2</speed>
    </image>
    <image>
      <frames>
        <reUseTagFramesFromPreviousImage>true</reUseTagFramesFromPreviousImage>
        <framesAnimationSpeed>5</framesAnimationSpeed>
      </frames>
      <moveAnimation>
        <iniTop>270</iniTop>
        <maxTop>350</maxTop>
        <pixelsMoveTop>2</pixelsMoveTop>
      </moveAnimation>
      <imageTimer>
        <timerDelay>2200</timerDelay>
      </imageTimer>
      <events>
        <event>
          <eventType>MoveAnimationMaxTopReached</eventType>
          <eventActions>
            <eventAction>ChangeFrameCollection</eventAction>
          </eventActions>
          <changeFrameCollectionIndexTo>0</changeFrameCollectionIndexTo>
        </event>
        <event>
          <eventType>MoveAnimationMaxBottomReached</eventType>
          <eventActions>
            <eventAction>ChangeFrameCollection</eventAction>
          </eventActions>
          <changeFrameCollectionIndexTo>1</changeFrameCollectionIndexTo>
        </event>
        <event>
          <eventType>Timer</eventType>
          <eventActions>
            <eventAction>ChangeTimerDelay</eventAction>
            <eventAction>StopAnimationAndMove</eventAction>
            <eventAction>ChangeCustomCondition</eventAction>
          </eventActions>
          <whenCustomConditionIs>running</whenCustomConditionIs>
          <newTimerDelay>1500</newTimerDelay>
          <newCustomCondition>stoppped</newCustomCondition>
        </event>
        <event>
          <eventType>Timer</eventType>
          <eventActions>
            <eventAction>ChangeTimerDelay</eventAction>
            <eventAction>ResumeAnimationAndMove</eventAction>
            <eventAction>ChangeCustomCondition</eventAction>
          </eventActions>
          <whenCustomConditionIs>stoppped</whenCustomConditionIs>
          <newTimerDelay>3500</newTimerDelay>
          <newCustomCondition>running</newCustomCondition>
        </event>
        <defaultCustomCondition>running</defaultCustomCondition>
      </events>
      <left>710</left>
      <top>348</top>
      <speed>2</speed>
    </image>
    <image>
      <frames>
        <frame>
          <fileName>ene1e.png</fileName>
        </frame>
        <frame>
          <fileName>ene1f.png</fileName>
        </frame>
        <framesAnimationSpeed>3</framesAnimationSpeed>
      </frames>
      <moveAnimation>
        <iniLeft>384</iniLeft>
        <maxLeft>485</maxLeft>
        <pixelsMoveLeft>2</pixelsMoveLeft>
      </moveAnimation>
      <imageTimer>
        <timerDelay>1800</timerDelay>
      </imageTimer>
      <events>
        <event>
          <eventType>MoveAnimationMaxLeftReached</eventType>
          <eventActions>
            <eventAction>FlipImage</eventAction>
          </eventActions>
        </event>
        <event>
          <eventType>MoveAnimationMaxRightReached</eventType>
          <eventActions>
            <eventAction>FlipImage</eventAction>
          </eventActions>
        </event>
        <event>
          <eventType>Timer</eventType>
          <eventActions>
            <eventAction>ChangeTimerDelay</eventAction>
            <eventAction>StopAnimationAndMove</eventAction>
            <eventAction>ChangeCustomCondition</eventAction>
          </eventActions>
          <whenCustomConditionIs>running</whenCustomConditionIs>
          <newTimerDelay>400</newTimerDelay>
          <newCustomCondition>stoppped</newCustomCondition>
        </event>
        <event>
          <eventType>Timer</eventType>
          <eventActions>
            <eventAction>ChangeTimerDelay</eventAction>
            <eventAction>ResumeAnimationAndMove</eventAction>
            <eventAction>ChangeCustomCondition</eventAction>
          </eventActions>
          <whenCustomConditionIs>stoppped</whenCustomConditionIs>
          <newTimerDelay>900</newTimerDelay>
          <newCustomCondition>running</newCustomCondition>
        </event>
        <defaultCustomCondition>running</defaultCustomCondition>
      </events>
      <left>400</left>
      <top>348</top>
      <speed>1</speed>
    </image>
    <image>
      <frames>
        <reUseTagFramesFromPreviousImage>true</reUseTagFramesFromPreviousImage>
        <framesAnimationSpeed>3</framesAnimationSpeed>
      </frames>
      <moveAnimation>
        <iniLeft>596</iniLeft>
        <maxLeft>686</maxLeft>
        <pixelsMoveLeft>2</pixelsMoveLeft>
      </moveAnimation>
      <imageTimer>
        <timerDelay>4000</timerDelay>
      </imageTimer>
      <events>
        <event>
          <eventType>MoveAnimationMaxLeftReached</eventType>
          <eventActions>
            <eventAction>FlipImage</eventAction>
          </eventActions>
        </event>
        <event>
          <eventType>MoveAnimationMaxRightReached</eventType>
          <eventActions>
            <eventAction>FlipImage</eventAction>
          </eventActions>
        </event>
        <event>
          <eventType>Timer</eventType>
          <eventActions>
            <eventAction>ChangeTimerDelay</eventAction>
            <eventAction>StopAnimationAndMove</eventAction>
            <eventAction>ChangeCustomCondition</eventAction>
          </eventActions>
          <whenCustomConditionIs>running</whenCustomConditionIs>
          <newTimerDelay>400</newTimerDelay>
          <newCustomCondition>stoppped</newCustomCondition>
        </event>
        <event>
          <eventType>Timer</eventType>
          <eventActions>
            <eventAction>ChangeTimerDelay</eventAction>
            <eventAction>ResumeAnimationAndMove</eventAction>
            <eventAction>ChangeCustomCondition</eventAction>
          </eventActions>
          <whenCustomConditionIs>stoppped</whenCustomConditionIs>
          <newTimerDelay>900</newTimerDelay>
          <newCustomCondition>running</newCustomCondition>
        </event>
        <defaultCustomCondition>running</defaultCustomCondition>
      </events>
      <left>600</left>
      <top>78</top>
      <speed>1</speed>
    </image>
    <image>
      <frames>
        <frameCollection>
          <frame>
            <fileName>ene3e.png</fileName>
            <delay>3</delay>
          </frame>
          <frame>
            <fileName>ene3a.png</fileName>
          </frame>
          <frame>
            <fileName>ene3b.png</fileName>
            <delay>6</delay>
          </frame>
        </frameCollection>
        <frameCollection>
          <frame>
            <fileName>ene3c.png</fileName>
          </frame>
          <frame>
            <fileName>ene3d.png</fileName>
          </frame>
        </frameCollection>
        <frameCollection>
          <frame>
            <fileName>ene3b.png</fileName>
            <delay>3</delay>
          </frame>
          <frame>
            <fileName>ene3a.png</fileName>
          </frame>
          <frame>
            <fileName>ene3e.png</fileName>
            <delay>20</delay>
          </frame>
        </frameCollection>
        <framesAnimationSpeed>3</framesAnimationSpeed>
      </frames>
      <moveAnimation>
        <!--<iniLeft>64</iniLeft>-->
        <iniTop>416</iniTop>
        <!--<maxLeft>206</maxLeft>-->
        <maxTop>480</maxTop>
        <pixelsMoveTop>2</pixelsMoveTop>
        <pixelsMoveLeft>0</pixelsMoveLeft>
        <moveAnimationStop>true</moveAnimationStop>
      </moveAnimation>
      <events>
        <event>
          <eventType>FrameAnimationLoopEnds</eventType>
          <eventActions>
            <eventAction>ChangeFrameCollection</eventAction>
            <eventAction>ResumeMove</eventAction>
          </eventActions>
          <whenFrameCollectionIndexIs>0</whenFrameCollectionIndexIs>
          <changeFrameCollectionIndexTo>1</changeFrameCollectionIndexTo>
        </event>
        <event>
          <eventType>MoveAnimationMaxTopReached</eventType>
          <eventType>MoveAnimationMaxBottomReached</eventType>
          <!--<eventType>MoveAnimationMaxLeftReached</eventType>
          <eventType>MoveAnimationMaxRightReached</eventType>-->
          <eventActions>
            <eventAction>StopMove</eventAction>
            <eventAction>ChangeFrameCollection</eventAction>
          </eventActions>
          <changeFrameCollectionIndexTo>2</changeFrameCollectionIndexTo>
        </event>
        <event>
          <eventType>FrameAnimationLoopEnds</eventType>
          <eventActions>
            <eventAction>ChangeFrameCollection</eventAction>
          </eventActions>
          <whenFrameCollectionIndexIs>2</whenFrameCollectionIndexIs>
          <changeFrameCollectionIndexTo>0</changeFrameCollectionIndexTo>
        </event>
      </events>
      <left>32</left>
      <top>420</top>
      <speed>1</speed>
    </image>
    <image>
      <frames>
        <reUseTagFramesFromPreviousImage>true</reUseTagFramesFromPreviousImage>
        <framesAnimationSpeed>3</framesAnimationSpeed>
      </frames>
      <moveAnimation>
        <iniLeft>50</iniLeft>
        <!--<iniTop>416</iniTop>-->
        <maxLeft>126</maxLeft>
        <!--<maxTop>480</maxTop>-->
        <pixelsMoveTop>0</pixelsMoveTop>
        <pixelsMoveLeft>2</pixelsMoveLeft>
        <moveAnimationStop>true</moveAnimationStop>
      </moveAnimation>
      <events>
        <event>
          <eventType>FrameAnimationLoopEnds</eventType>
          <eventActions>
            <eventAction>ChangeFrameCollection</eventAction>
            <eventAction>ResumeMove</eventAction>
          </eventActions>
          <whenFrameCollectionIndexIs>0</whenFrameCollectionIndexIs>
          <changeFrameCollectionIndexTo>1</changeFrameCollectionIndexTo>
        </event>
        <event>
          <!--<eventType>MoveAnimationMaxTopReached</eventType>
          <eventType>MoveAnimationMaxBottomReached</eventType>-->
          <eventType>MoveAnimationMaxLeftReached</eventType>
          <eventType>MoveAnimationMaxRightReached</eventType>
          <eventActions>
            <eventAction>StopMove</eventAction>
            <eventAction>ChangeFrameCollection</eventAction>
          </eventActions>
          <changeFrameCollectionIndexTo>2</changeFrameCollectionIndexTo>
        </event>
        <event>
          <eventType>FrameAnimationLoopEnds</eventType>
          <eventActions>
            <eventAction>ChangeFrameCollection</eventAction>
          </eventActions>
          <whenFrameCollectionIndexIs>2</whenFrameCollectionIndexIs>
          <changeFrameCollectionIndexTo>0</changeFrameCollectionIndexTo>
        </event>
      </events>
      <left>100</left>
      <top>480</top>
      <speed>1</speed>
    </image>
    <image>
      <frames>
        <frame>
          <fileName>ghost1.png</fileName>
        </frame>
        <frame>
          <fileName>ghost2.png</fileName>
        </frame>
        <framesAnimationSpeed>6</framesAnimationSpeed>
      </frames>
      <pathAnimation>
        <pathAnimationCoordinates>
          <circleRadioWidth>50</circleRadioWidth>
          <circleRadioHeight>15</circleRadioHeight>
          <circleCenterPositionLeft>248</circleCenterPositionLeft>
          <circleCenterPositionTop>432</circleCenterPositionTop>
        </pathAnimationCoordinates>
        <pathAnimationSpeed>1</pathAnimationSpeed>
        <pixelsMove>-2</pixelsMove>
        <startPosition>80</startPosition>
        <returnBackwardToTheBeginning>false</returnBackwardToTheBeginning>
      </pathAnimation>
      <events>
        <event>
          <eventType>CirclePathMaxLeftReached</eventType>
          <eventActions>
            <eventAction>FlipImage</eventAction>
          </eventActions>
        </event>
        <event>
          <eventType>CirclePathMaxRightReached</eventType>
          <eventActions>
            <eventAction>FlipImage</eventAction>
          </eventActions>
        </event>
      </events>
      <left>17</left>
      <top>36</top>
      <flipImage>Horizontal</flipImage>
      <speed>1</speed>
    </image>
    <image>
      <frames>
        <reUseTagFramesFromPreviousImage>true</reUseTagFramesFromPreviousImage>
        <framesAnimationSpeed>6</framesAnimationSpeed>
      </frames>
      <pathAnimation>
        <pathAnimationCoordinates>
          <circleRadioWidth>60</circleRadioWidth>
          <circleRadioHeight>15</circleRadioHeight>
          <circleCenterPositionLeft>210</circleCenterPositionLeft>
          <circleCenterPositionTop>434</circleCenterPositionTop>
        </pathAnimationCoordinates>
        <pathAnimationSpeed>1</pathAnimationSpeed>
        <pixelsMove>2</pixelsMove>
        <startPosition>210</startPosition>
        <returnBackwardToTheBeginning>false</returnBackwardToTheBeginning>
      </pathAnimation>
      <events>
        <event>
          <eventType>CirclePathMaxLeftReached</eventType>
          <eventActions>
            <eventAction>FlipImage</eventAction>
          </eventActions>
        </event>
        <event>
          <eventType>CirclePathMaxRightReached</eventType>
          <eventActions>
            <eventAction>FlipImage</eventAction>
          </eventActions>
        </event>
      </events>
      <left>17</left>
      <top>36</top>
      <flipImage>Horizontal</flipImage>
      <speed>1</speed>
    </image>    
    <image>
      <frames>
        <reUseTagFramesFromPreviousImage>true</reUseTagFramesFromPreviousImage>
        <framesAnimationSpeed>6</framesAnimationSpeed>
      </frames>
      <pathAnimation>
        <pathAnimationCoordinates>
          <circleRadioWidth>40</circleRadioWidth>
          <circleRadioHeight>15</circleRadioHeight>
          <circleCenterPositionLeft>258</circleCenterPositionLeft>
          <circleCenterPositionTop>464</circleCenterPositionTop>
        </pathAnimationCoordinates>
        <pathAnimationSpeed>1</pathAnimationSpeed>
        <pixelsMove>-2</pixelsMove>
        <startPosition>250</startPosition>
        <returnBackwardToTheBeginning>false</returnBackwardToTheBeginning>
      </pathAnimation>
      <events>
        <event>
          <eventType>CirclePathMaxLeftReached</eventType>
          <eventActions>
            <eventAction>FlipImage</eventAction>
          </eventActions>
        </event>
        <event>
          <eventType>CirclePathMaxRightReached</eventType>
          <eventActions>
            <eventAction>FlipImage</eventAction>
          </eventActions>
        </event>
      </events>
      <left>17</left>
      <top>36</top>
      <!--<flipImage>Horizontal</flipImage>-->
      <speed>1</speed>
    </image> 
    <image>
      <frames>
        <reUseTagFramesFromPreviousImage>true</reUseTagFramesFromPreviousImage>
        <framesAnimationSpeed>6</framesAnimationSpeed>
      </frames>
      <pathAnimation>
        <pathAnimationCoordinates>
          <circleRadioWidth>50</circleRadioWidth>
          <circleRadioHeight>15</circleRadioHeight>
          <circleCenterPositionLeft>88</circleCenterPositionLeft>
          <circleCenterPositionTop>452</circleCenterPositionTop>
        </pathAnimationCoordinates>
        <pathAnimationSpeed>1</pathAnimationSpeed>
        <pixelsMove>2</pixelsMove>
        <startPosition>180</startPosition>
        <returnBackwardToTheBeginning>false</returnBackwardToTheBeginning>
      </pathAnimation>
      <events>
        <event>
          <eventType>CirclePathMaxLeftReached</eventType>
          <eventActions>
            <eventAction>FlipImage</eventAction>
          </eventActions>
        </event>
        <event>
          <eventType>CirclePathMaxRightReached</eventType>
          <eventActions>
            <eventAction>FlipImage</eventAction>
          </eventActions>
        </event>
      </events>
      <left>17</left>
      <top>36</top>
      <flipImage>Horizontal</flipImage>
      <speed>1</speed>
    </image>
    <image>
      <frames>
        <reUseTagFramesFromPreviousImage>true</reUseTagFramesFromPreviousImage>
        <framesAnimationSpeed>6</framesAnimationSpeed>
      </frames>
      <pathAnimation>
        <pathAnimationCoordinates>
          <circleRadioWidth>50</circleRadioWidth>
          <circleRadioHeight>15</circleRadioHeight>
          <circleCenterPositionLeft>90</circleCenterPositionLeft>
          <circleCenterPositionTop>460</circleCenterPositionTop>
        </pathAnimationCoordinates>
        <pathAnimationSpeed>1</pathAnimationSpeed>
        <pixelsMove>-2</pixelsMove>
        <startPosition>10</startPosition>
        <returnBackwardToTheBeginning>false</returnBackwardToTheBeginning>
      </pathAnimation>
      <events>
        <event>
          <eventType>CirclePathMaxLeftReached</eventType>
          <eventActions>
            <eventAction>FlipImage</eventAction>
          </eventActions>
        </event>
        <event>
          <eventType>CirclePathMaxRightReached</eventType>
          <eventActions>
            <eventAction>FlipImage</eventAction>
          </eventActions>
        </event>
      </events>
      <left>17</left>
      <top>36</top>
      <flipImage>Horizontal</flipImage>
      <speed>1</speed>
    </image>
    <image>
      <frames>
        <reUseTagFramesFromPreviousImage>true</reUseTagFramesFromPreviousImage>
        <framesAnimationSpeed>6</framesAnimationSpeed>
      </frames>
      <pathAnimation>
        <pathAnimationCoordinates>
          <circleRadioWidth>50</circleRadioWidth>
          <circleRadioHeight>15</circleRadioHeight>
          <circleCenterPositionLeft>60</circleCenterPositionLeft>
          <circleCenterPositionTop>430</circleCenterPositionTop>
        </pathAnimationCoordinates>
        <pathAnimationSpeed>1</pathAnimationSpeed>
        <pixelsMove>2</pixelsMove>
        <startPosition>100</startPosition>
        <returnBackwardToTheBeginning>false</returnBackwardToTheBeginning>
      </pathAnimation>
      <events>
        <event>
          <eventType>CirclePathMaxLeftReached</eventType>
          <eventActions>
            <eventAction>FlipImage</eventAction>
          </eventActions>
        </event>
        <event>
          <eventType>CirclePathMaxRightReached</eventType>
          <eventActions>
            <eventAction>FlipImage</eventAction>
          </eventActions>
        </event>
      </events>
      <left>17</left>
      <top>36</top>
      <!--<flipImage>Horizontal</flipImage>-->
      <speed>1</speed>
    </image>
    <image>
      <frames>
        <reUseTagFramesFromPreviousImage>true</reUseTagFramesFromPreviousImage>
        <framesAnimationSpeed>6</framesAnimationSpeed>
      </frames>
      <pathAnimation>
        <pathAnimationCoordinates>
          <circleRadioWidth>50</circleRadioWidth>
          <circleRadioHeight>15</circleRadioHeight>
          <circleCenterPositionLeft>78</circleCenterPositionLeft>
          <circleCenterPositionTop>354</circleCenterPositionTop>
        </pathAnimationCoordinates>
        <pathAnimationSpeed>1</pathAnimationSpeed>
        <pixelsMove>2</pixelsMove>
        <startPosition>20</startPosition>
        <returnBackwardToTheBeginning>false</returnBackwardToTheBeginning>
      </pathAnimation>
      <events>
        <event>
          <eventType>CirclePathMaxLeftReached</eventType>
          <eventActions>
            <eventAction>FlipImage</eventAction>
          </eventActions>
        </event>
        <event>
          <eventType>CirclePathMaxRightReached</eventType>
          <eventActions>
            <eventAction>FlipImage</eventAction>
          </eventActions>
        </event>
      </events>
      <left>17</left>
      <top>36</top>
      <!--<flipImage>Horizontal</flipImage>-->
      <speed>1</speed>
    </image> 
    <image>
      <frames>
        <reUseTagFramesFromPreviousImage>true</reUseTagFramesFromPreviousImage>
        <framesAnimationSpeed>6</framesAnimationSpeed>
      </frames>
      <pathAnimation>
        <pathAnimationCoordinates>
          <circleRadioWidth>50</circleRadioWidth>
          <circleRadioHeight>15</circleRadioHeight>
          <circleCenterPositionLeft>80</circleCenterPositionLeft>
          <circleCenterPositionTop>378</circleCenterPositionTop>
        </pathAnimationCoordinates>
        <pathAnimationSpeed>1</pathAnimationSpeed>
        <pixelsMove>-2</pixelsMove>
        <startPosition>210</startPosition>
        <returnBackwardToTheBeginning>false</returnBackwardToTheBeginning>
      </pathAnimation>
      <events>
        <event>
          <eventType>CirclePathMaxLeftReached</eventType>
          <eventActions>
            <eventAction>FlipImage</eventAction>
          </eventActions>
        </event>
        <event>
          <eventType>CirclePathMaxRightReached</eventType>
          <eventActions>
            <eventAction>FlipImage</eventAction>
          </eventActions>
        </event>
      </events>
      <left>17</left>
      <top>36</top>
      <!--<flipImage>Horizontal</flipImage>-->
      <speed>1</speed>
    </image>
    <image>
      <frames>
        <reUseTagFramesFromPreviousImage>true</reUseTagFramesFromPreviousImage>
        <framesAnimationSpeed>6</framesAnimationSpeed>
      </frames>
      <pathAnimation>
        <pathAnimationCoordinates>
          <circleRadioWidth>60</circleRadioWidth>
          <circleRadioHeight>15</circleRadioHeight>
          <circleCenterPositionLeft>70</circleCenterPositionLeft>
          <circleCenterPositionTop>338</circleCenterPositionTop>
        </pathAnimationCoordinates>
        <pathAnimationSpeed>1</pathAnimationSpeed>
        <pixelsMove>2</pixelsMove>
        <startPosition>70</startPosition>
        <returnBackwardToTheBeginning>false</returnBackwardToTheBeginning>
      </pathAnimation>
      <events>
        <event>
          <eventType>CirclePathMaxLeftReached</eventType>
          <eventActions>
            <eventAction>FlipImage</eventAction>
          </eventActions>
        </event>
        <event>
          <eventType>CirclePathMaxRightReached</eventType>
          <eventActions>
            <eventAction>FlipImage</eventAction>
          </eventActions>
        </event>
      </events>
      <left>17</left>
      <top>36</top>
      <!--<flipImage>Horizontal</flipImage>-->
      <speed>1</speed>
    </image>
    <image>
      <frames>
        <reUseTagFramesFromPreviousImage>true</reUseTagFramesFromPreviousImage>
        <framesAnimationSpeed>6</framesAnimationSpeed>
      </frames>
      <pathAnimation>
        <pathAnimationCoordinates>
          <circleRadioWidth>60</circleRadioWidth>
          <circleRadioHeight>15</circleRadioHeight>
          <circleCenterPositionLeft>233</circleCenterPositionLeft>
          <circleCenterPositionTop>340</circleCenterPositionTop>
        </pathAnimationCoordinates>
        <pathAnimationSpeed>1</pathAnimationSpeed>
        <pixelsMove>2</pixelsMove>
        <startPosition>30</startPosition>
        <returnBackwardToTheBeginning>false</returnBackwardToTheBeginning>
      </pathAnimation>
      <events>
        <event>
          <eventType>CirclePathMaxLeftReached</eventType>
          <eventActions>
            <eventAction>FlipImage</eventAction>
          </eventActions>
        </event>
        <event>
          <eventType>CirclePathMaxRightReached</eventType>
          <eventActions>
            <eventAction>FlipImage</eventAction>
          </eventActions>
        </event>
      </events>
      <left>17</left>
      <top>36</top>
      <!--<flipImage>Horizontal</flipImage>-->
      <speed>1</speed>
    </image>
    <image>
      <frames>
        <reUseTagFramesFromPreviousImage>true</reUseTagFramesFromPreviousImage>
        <framesAnimationSpeed>6</framesAnimationSpeed>
      </frames>
      <pathAnimation>
        <pathAnimationCoordinates>
          <circleRadioWidth>50</circleRadioWidth>
          <circleRadioHeight>15</circleRadioHeight>
          <circleCenterPositionLeft>223</circleCenterPositionLeft>
          <circleCenterPositionTop>369</circleCenterPositionTop>
        </pathAnimationCoordinates>
        <pathAnimationSpeed>1</pathAnimationSpeed>
        <pixelsMove>-2</pixelsMove>
        <startPosition>210</startPosition>
        <returnBackwardToTheBeginning>false</returnBackwardToTheBeginning>
      </pathAnimation>
      <events>
        <event>
          <eventType>CirclePathMaxLeftReached</eventType>
          <eventActions>
            <eventAction>FlipImage</eventAction>
          </eventActions>
        </event>
        <event>
          <eventType>CirclePathMaxRightReached</eventType>
          <eventActions>
            <eventAction>FlipImage</eventAction>
          </eventActions>
        </event>
      </events>
      <left>17</left>
      <top>36</top>
      <!--<flipImage>Horizontal</flipImage>-->
      <speed>1</speed>
    </image>
    <image>
      <frames>
        <reUseTagFramesFromPreviousImage>true</reUseTagFramesFromPreviousImage>
        <framesAnimationSpeed>6</framesAnimationSpeed>
      </frames>
      <pathAnimation>
        <pathAnimationCoordinates>
          <circleRadioWidth>50</circleRadioWidth>
          <circleRadioHeight>15</circleRadioHeight>
          <circleCenterPositionLeft>248</circleCenterPositionLeft>
          <circleCenterPositionTop>332</circleCenterPositionTop>
        </pathAnimationCoordinates>
        <pathAnimationSpeed>1</pathAnimationSpeed>
        <pixelsMove>-2</pixelsMove>
        <startPosition>10</startPosition>
        <returnBackwardToTheBeginning>false</returnBackwardToTheBeginning>
      </pathAnimation>
      <events>
        <event>
          <eventType>CirclePathMaxLeftReached</eventType>
          <eventActions>
            <eventAction>FlipImage</eventAction>
          </eventActions>
        </event>
        <event>
          <eventType>CirclePathMaxRightReached</eventType>
          <eventActions>
            <eventAction>FlipImage</eventAction>
          </eventActions>
        </event>
      </events>
      <left>17</left>
      <top>36</top>
      <flipImage>Horizontal</flipImage>
      <speed>1</speed>
    </image>
    <image>
      <frames>
        <frame>
          <fileName>ghost3.png</fileName>
        </frame>
        <frame>
          <fileName>ghost4.png</fileName>
        </frame>
        <framesAnimationSpeed>6</framesAnimationSpeed>
      </frames>
      <pathAnimation>
        <pathAnimationCoordinates>
          <circleRadioWidth>50</circleRadioWidth>
          <circleRadioHeight>15</circleRadioHeight>
          <circleCenterPositionLeft>232</circleCenterPositionLeft>
          <circleCenterPositionTop>340</circleCenterPositionTop>
        </pathAnimationCoordinates>
        <pathAnimationSpeed>1</pathAnimationSpeed>
        <pixelsMove>-2</pixelsMove>
        <startPosition>80</startPosition>
        <returnBackwardToTheBeginning>false</returnBackwardToTheBeginning>
      </pathAnimation>
      <events>
        <event>
          <eventType>CirclePathMaxLeftReached</eventType>
          <eventActions>
            <eventAction>FlipImage</eventAction>
          </eventActions>
        </event>
        <event>
          <eventType>CirclePathMaxRightReached</eventType>
          <eventActions>
            <eventAction>FlipImage</eventAction>
          </eventActions>
        </event>
      </events>
      <left>17</left>
      <top>36</top>
      <!--<flipImage>Horizontal</flipImage>-->
      <speed>1</speed>
    </image>
    <image>
      <frames>
        <frameCollection>
          <frame>
            <fileName>crow1.png</fileName>
            <delay>1</delay>
          </frame>
          <frame>
            <fileName>crow2.png</fileName>
          </frame>
          <frame>
            <fileName>crow3.png</fileName>
          </frame>
          <frame>
            <fileName>crow4.png</fileName>
          </frame>
          <frame>
            <fileName>crow5.png</fileName>
          </frame>
          <frame>
            <fileName>crow6.png</fileName>
          </frame>
        </frameCollection>
        <frameCollection>
          <frame>
            <fileName>crow7.png</fileName>
            <delay>3</delay>
          </frame>
          <frame>
            <fileName>crow6.png</fileName>
          </frame>
        </frameCollection>
        <framesAnimationStop>true</framesAnimationStop>
      </frames>
      <pathAnimation>
        <pathAnimationCoordinates>
          <iniLeft>48</iniLeft>
          <iniTop>172</iniTop>
          <maxLeft>89</maxLeft>
          <maxTop>131</maxTop>
        </pathAnimationCoordinates>
        <pixelsMove>2</pixelsMove>
        <pathAnimationStop>true</pathAnimationStop>
      </pathAnimation>
      <imageTimer>
        <timerDelay>8000</timerDelay>
      </imageTimer>
      <events>
        <event>
          <eventType>FrameAnimationLoopEnds</eventType>
          <eventActions>
            <eventAction>ChangeFrameCollection</eventAction>
            <eventAction>ResumeMove</eventAction>
            <eventAction>ChangeSpeedAnimation</eventAction>
          </eventActions>
          <changeFrameCollectionIndexTo>1</changeFrameCollectionIndexTo>
          <newSpeedAnimation>1</newSpeedAnimation>
          <whenFrameCollectionIndexIs>0</whenFrameCollectionIndexIs>
        </event>
        <event>
          <eventType>PathAnimationEndPointReached</eventType>
          <eventActions>
            <eventAction>FlipImage</eventAction>
          </eventActions>
        </event>        
        <event>
          <eventType>PathAnimationStartPointReached</eventType>
          <eventActions>
            <eventAction>ChangeFrameCollection</eventAction>
            <eventAction>StopAnimationAndMove</eventAction>
            <eventAction>ChangeSpeedAnimation</eventAction>
            <eventAction>FlipImage</eventAction>
          </eventActions>
          <changeFrameCollectionIndexTo>0</changeFrameCollectionIndexTo>
          <newSpeedAnimation>2</newSpeedAnimation>
        </event>
        <event>
          <eventType>Timer</eventType>
          <eventActions>
            <eventAction>ResumeAnimation</eventAction>
          </eventActions>
        </event>
      </events>
      <speed>2</speed>
      <left>48</left>
      <top>172</top>
      <!--<flipImage>Horizontal</flipImage>-->
    </image>
    <image>
      <frames>
        <reUseTagFramesFromPreviousImage>true</reUseTagFramesFromPreviousImage>
        <framesAnimationStop>true</framesAnimationStop>
      </frames>      
      <pathAnimation>
        <pathAnimationCoordinates>
          <iniLeft>208</iniLeft>
          <iniTop>92</iniTop>
          <maxLeft>281</maxLeft>
          <maxTop>165</maxTop>
        </pathAnimationCoordinates>
        <pixelsMove>2</pixelsMove>
        <pathAnimationStop>true</pathAnimationStop>
      </pathAnimation>
      <imageTimer>
        <timerDelay>6000</timerDelay>
      </imageTimer>
      <events>
        <event>
          <eventType>FrameAnimationLoopEnds</eventType>
          <eventActions>
            <eventAction>ChangeFrameCollection</eventAction>
            <eventAction>ResumeMove</eventAction>
            <eventAction>ChangeSpeedAnimation</eventAction>
          </eventActions>
          <changeFrameCollectionIndexTo>1</changeFrameCollectionIndexTo>
          <newSpeedAnimation>1</newSpeedAnimation>
          <whenFrameCollectionIndexIs>0</whenFrameCollectionIndexIs>
        </event>
        <event>
          <eventType>PathAnimationEndPointReached</eventType>
          <eventActions>
            <eventAction>FlipImage</eventAction>
          </eventActions>
        </event>        
        <event>
          <eventType>PathAnimationStartPointReached</eventType>
          <eventActions>
            <eventAction>ChangeFrameCollection</eventAction>
            <eventAction>StopAnimationAndMove</eventAction>
            <eventAction>ChangeSpeedAnimation</eventAction>
            <eventAction>FlipImage</eventAction>
          </eventActions>
          <changeFrameCollectionIndexTo>0</changeFrameCollectionIndexTo>
          <newSpeedAnimation>2</newSpeedAnimation>
        </event>
        <event>
          <eventType>Timer</eventType>
          <eventActions>
            <eventAction>ResumeAnimation</eventAction>
          </eventActions>
        </event>
      </events>
      <speed>2</speed>
      <left>208</left>
      <top>92</top>
      <!--<flipImage>Horizontal</flipImage>-->
    </image>
    <image>
      <fileName>crow1.png</fileName>
      <left>384</left>
      <top>156</top>
    </image>
  </images>
</doc>
