<?xml version="1.0"?>
<doc>
  <basic type="animations">
    <screenCanvasResolution>
      <width>512</width>
      <height>520</height>
    </screenCanvasResolution>
    <canvasResolution>
      <maxWidth>512</maxWidth>
      <maxHeight>520</maxHeight>
    </canvasResolution>
    <bgColor>#00000000</bgColor>
  </basic>
  <images>
    <image>
      <frames>
        <frame>
          <fileName>fall1a.png</fileName>
        </frame>
        <frame>
          <fileName>fall1b.png</fileName>
        </frame>
        <frame>
          <fileName></fileName>
        </frame>
        <currentFrame>2</currentFrame>
      </frames>
      <left>24</left>
      <top>0</top>
      <speed>5</speed>
    </image>
    <image>
      <frames>
        <frame>
          <fileName>fall2a.png</fileName>
        </frame>
        <frame>
          <fileName>fall2b.png</fileName>
        </frame>
        <frame>
          <fileName></fileName>
        </frame>
        <currentFrame>2</currentFrame>
      </frames>
      <left>258</left>
      <top>0</top>
      <speed>5</speed>
    </image>
    <image>
      <frames>
        <frame>
          <fileName from="mapzFTeller">whirlpool1.png</fileName>
        </frame>
        <frame>
          <fileName from="mapzFTeller">whirlpool2.png</fileName>
        </frame>
        <frame>
          <fileName from="mapzFTeller">whirlpool3.png</fileName>
        </frame>
        <frame>
          <fileName from="mapzFTeller">whirlpool4.png</fileName>
        </frame>
      </frames>
      <left>122</left>
      <top>304</top>
      <speed>4</speed>
    </image>
    <image>
      <frames>
        <frame>
          <fileName from="mapzLake">anothercrab1.png</fileName>
        </frame>
        <frame>
          <fileName from="mapzLake">anothercrab2.png</fileName>
        </frame>
      </frames>
      <moveAnimation>
        <iniTop>174</iniTop>
        <iniLeft>204</iniLeft>
        <maxTop>238</maxTop>
        <maxLeft>235</maxLeft>
        <pixelsMoveTop>2</pixelsMoveTop>
        <pixelsMoveLeft>2</pixelsMoveLeft>
      </moveAnimation>
      <imageTimer>
        <timerDelay>1000</timerDelay>
      </imageTimer>
      <events>
        <event>
          <eventType>MoveAnimationMaxLeftReached</eventType>
          <eventActions>
            <eventAction>FlipImage</eventAction>
          </eventActions>
        </event>
        <event>
          <eventType>MoveAnimationMaxRightReached</eventType>
          <eventActions>
            <eventAction>FlipImage</eventAction>
          </eventActions>
        </event>
        <event>
          <eventType>Timer</eventType>
          <eventActions>
            <eventAction>ChangeTimerDelay</eventAction>
            <eventAction>StopAnimationAndMove</eventAction>
            <eventAction>ChangeCustomCondition</eventAction>
          </eventActions>
          <whenCustomConditionIs>running</whenCustomConditionIs>
          <newTimerDelay>3000</newTimerDelay>
          <newCustomCondition>stoppped</newCustomCondition>
        </event>
        <event>
          <eventType>Timer</eventType>
          <eventActions>
            <eventAction>ChangeTimerDelay</eventAction>
            <eventAction>ResumeAnimationAndMove</eventAction>
            <eventAction>ChangeCustomCondition</eventAction>
          </eventActions>
          <whenCustomConditionIs>stoppped</whenCustomConditionIs>
          <newTimerDelay>1000</newTimerDelay>
          <newCustomCondition>running</newCustomCondition>
        </event>
        <defaultCustomCondition>running</defaultCustomCondition>
      </events>
      <left>222</left>
      <top>208</top>
      <speed>1</speed>
    </image>
    <image>
      <frames>
        <reUseTagFramesFromPreviousImage>true</reUseTagFramesFromPreviousImage>
      </frames>
      <moveAnimation>
        <iniTop>269</iniTop>
        <iniLeft>269</iniLeft>
        <maxTop>309</maxTop>
        <maxLeft>317</maxLeft>
        <pixelsMoveTop>2</pixelsMoveTop>
        <pixelsMoveLeft>2</pixelsMoveLeft>
      </moveAnimation>
      <imageTimer>
        <timerDelay>1000</timerDelay>
      </imageTimer>
      <events>
        <event>
          <eventType>MoveAnimationMaxLeftReached</eventType>
          <eventActions>
            <eventAction>FlipImage</eventAction>
          </eventActions>
        </event>
        <event>
          <eventType>MoveAnimationMaxRightReached</eventType>
          <eventActions>
            <eventAction>FlipImage</eventAction>
          </eventActions>
        </event>
        <event>
          <eventType>Timer</eventType>
          <eventActions>
            <eventAction>ChangeTimerDelay</eventAction>
            <eventAction>StopAnimationAndMove</eventAction>
            <eventAction>ChangeCustomCondition</eventAction>
          </eventActions>
          <whenCustomConditionIs>running</whenCustomConditionIs>
          <newTimerDelay>2000</newTimerDelay>
          <newCustomCondition>stoppped</newCustomCondition>
        </event>
        <event>
          <eventType>Timer</eventType>
          <eventActions>
            <eventAction>ChangeTimerDelay</eventAction>
            <eventAction>ResumeAnimationAndMove</eventAction>
            <eventAction>ChangeCustomCondition</eventAction>
          </eventActions>
          <whenCustomConditionIs>stoppped</whenCustomConditionIs>
          <newTimerDelay>1000</newTimerDelay>
          <newCustomCondition>running</newCustomCondition>
        </event>
        <defaultCustomCondition>running</defaultCustomCondition>
      </events>
      <left>304</left>
      <top>292</top>
      <speed>1</speed>
    </image>
    <image>
      <frames>
        <frameCollection>
          <frame>
            <fileName from="mapzLake">eneleft1.png</fileName>
          </frame>
          <frame>
            <fileName from="mapzLake">eneleft2.png</fileName>
          </frame>
        </frameCollection>
        <frameCollection>
          <frame>
            <fileName from="mapzLake">eneleftshot1.png</fileName>
          </frame>
          <frame>
            <fileName from="mapzLake">eneleftshot2.png</fileName>
          </frame>
        </frameCollection>
        <framesAnimationSpeed>2</framesAnimationSpeed>
      </frames>
      <moveAnimation>
        <iniLeft>264</iniLeft>
        <maxLeft>406</maxLeft>
        <pixelsMoveLeft>4</pixelsMoveLeft>
      </moveAnimation>
      <events>
        <event>
          <eventType>MoveAnimationMaxRightReached</eventType>
          <eventActions>
            <eventAction>FlipImage</eventAction>
          </eventActions>
        </event>
        <event>
          <eventType>MoveAnimationMaxLeftReached</eventType>
          <eventActions>
            <eventAction>StopMove</eventAction>
            <eventAction>ChangeFrameCollection</eventAction>
          </eventActions>
          <whenFrameCollectionIndexIs>0</whenFrameCollectionIndexIs>
          <changeFrameCollectionIndexTo>1</changeFrameCollectionIndexTo>
        </event>
        <event>
          <eventType>TriggerActionByCurrentFrame</eventType>
          <eventActions>
            <eventAction>EnableByID</eventAction>
          </eventActions>
          <whenFrameCollectionIndexIs>1</whenFrameCollectionIndexIs>
          <whenCurrentFrameIndexIs>1</whenCurrentFrameIndexIs>
          <ids>ball</ids>
        </event>
        <event>
          <eventType>FrameAnimationLoopEnds</eventType>
          <eventActions>
            <eventAction>ResumeMove</eventAction>
            <eventAction>ChangeFrameCollection</eventAction>
            <eventAction>FlipImage</eventAction>
          </eventActions>
          <whenFrameCollectionIndexIs>1</whenFrameCollectionIndexIs>
          <changeFrameCollectionIndexTo>0</changeFrameCollectionIndexTo>
        </event>
      </events>
      <left>364</left>
      <top>350</top>
      <speed>1</speed>
    </image>
    <image>
      <frames>
        <frameCollection>
          <frame>
            <fileName from="mapzLake">ball1.png</fileName>
          </frame>
        </frameCollection>
        <frameCollection>
          <frame>
            <fileName from="mapzLake">ball2.png</fileName>
          </frame>
          <frame>
            <fileName from="mapzLake">ball3.png</fileName>
          </frame>
          <frame>
            <fileName from="mapzLake">ball4.png</fileName>
          </frame>
        </frameCollection>
      </frames>
      <disableImage>true</disableImage>
      <moveAnimation>
        <iniLeft>174</iniLeft>
        <maxLeft>242</maxLeft>
        <pixelsMoveLeft>-4</pixelsMoveLeft>
      </moveAnimation>
      <events>
        <event>
          <eventType>MoveAnimationMaxLeftReached</eventType>
          <eventActions>
            <eventAction>StopMove</eventAction>
            <eventAction>ChangeFrameCollection</eventAction>
            <eventAction>ChangeSpeedAnimation</eventAction>
          </eventActions>
          <changeFrameCollectionIndexTo>1</changeFrameCollectionIndexTo>
          <newSpeedAnimation>2</newSpeedAnimation>
        </event>
        <event>
          <eventType>FrameAnimationLoopEnds</eventType>
          <eventActions>
            <eventAction>ChangeFrameCollection</eventAction>
            <eventAction>ChangeSpeedAnimation</eventAction>
            <eventAction>ResumeMove</eventAction>
            <eventAction>DisableImage</eventAction>
            <eventAction>EditPosition</eventAction>
          </eventActions>
          <changeFrameCollectionIndexTo>0</changeFrameCollectionIndexTo>
          <newSpeedAnimation>1</newSpeedAnimation>
          <newCoordinates>242;342</newCoordinates>
          <whenFrameCollectionIndexIs>1</whenFrameCollectionIndexIs>
        </event>
      </events>
      <speed>1</speed>
      <id>ball</id>
      <left>242</left>
      <top>342</top>
    </image>
    <image>
      <frames>
        <frame>
          <fileName from="mapzLake">sora1.png</fileName>
        </frame>
        <frame>
          <fileName from="mapzLake">sora2.png</fileName>
        </frame>
        <frame>
          <fileName from="mapzLake">sora3.png</fileName>
        </frame>
        <frame>
          <fileName from="mapzLake">sora2.png</fileName>
        </frame>
        <frame>
          <fileName from="mapzLake">sora3.png</fileName>
        </frame>
        <frame>
          <fileName from="mapzLake">sora2.png</fileName>
        </frame>
        <frame>
          <fileName from="mapzLake">sora3.png</fileName>
        </frame>
        <frame>
          <fileName from="mapzLake">sora4.png</fileName>
        </frame>
        <frame>
          <fileName from="mapzLake">sora5.png</fileName>
        </frame>
        <frame>
          <fileName from="mapzLake">sora6.png</fileName>
          <delay>20</delay>
        </frame>
        <frame>
          <fileName from="mapzLake">sora7.png</fileName>
          <delay>6</delay>
        </frame>
        <frame>
          <fileName from="mapzLake">sora8.png</fileName>
        </frame>
        <frame>
          <fileName from="mapzLake">sora7.png</fileName>
        </frame>
        <frame>
          <fileName from="mapzLake">sora6.png</fileName>
          <delay>14</delay>
        </frame>
        <frame>
          <fileName from="mapzLake">sora9.png</fileName>
          <delay>3</delay>
        </frame>
        <frame>
          <fileName from="mapzLake">sora10.png</fileName>
        </frame>
        <frame>
          <fileName from="mapzLake">sora11.png</fileName>
        </frame>
        <frame>
          <fileName from="mapzLake">sora12.png</fileName>
        </frame>
        <frame>
          <fileName from="mapzLake">sora0.png</fileName>
        </frame>
      </frames>
      <events>
        <event>
          <eventType>TriggerActionByCurrentFrame</eventType>
          <eventActions>
            <eventAction>EditAnimationByID</eventAction>
          </eventActions>
          <whenCurrentFrameIndexIs>12</whenCurrentFrameIndexIs>
          <editAnimationByIDOptions>
            <option>
              <imageID>Ball3</imageID>
              <editActions>
                <editAction>ResumeMove</editAction>
                <editAction>ChangeVisibleValue</editAction>
              </editActions>
              <newVisibleValue>true</newVisibleValue>
            </option>
          </editAnimationByIDOptions>
        </event>
        <event>
          <eventType>TriggerActionByCurrentFrame</eventType>
          <eventActions>
            <eventAction>StopAnimation</eventAction>
          </eventActions>
          <whenCurrentFrameIndexIs>18</whenCurrentFrameIndexIs>
        </event>
      </events>
      <left>84</left>
      <top>262</top>
      <speed>3</speed>
      <id>Zora3</id>
    </image>
    <image>
      <frames>
        <frame>
          <fileName from="mapzLake">ballsora1.png</fileName>
        </frame>
        <frame>
          <fileName from="mapzLake">ballsora2.png</fileName>
        </frame>
        <frame>
          <fileName from="mapzLake">ballsora3.png</fileName>
        </frame>
      </frames>
      <moveAnimation>
        <iniTop>0</iniTop>
        <maxTop>520</maxTop>
        <iniLeft>0</iniLeft>
        <maxLeft>512</maxLeft>
        <pixelsMoveTop>-4</pixelsMoveTop>
        <pixelsMoveLeft>4</pixelsMoveLeft>
        <moveAnimationStop>true</moveAnimationStop>
        <returnToTheBeginning>true</returnToTheBeginning>
      </moveAnimation>
      <applyAlterations>
        <alterationsToDo>FlipHorizontal</alterationsToDo>
      </applyAlterations>
      <events>
        <event>
          <eventType>MoveAnimationMaxTopReached</eventType>
          <eventActions>
            <eventAction>EditAnimationByID</eventAction>
            <eventAction>ChangeVisibleValue</eventAction>
            <eventAction>StopMove</eventAction>
          </eventActions>
          <newVisibleValue>false</newVisibleValue>
          <editAnimationByIDOptions>
            <option>
              <imageID>Zora3</imageID>
              <editActions>
                <editAction>ResumeAnimation</editAction>
              </editActions>
            </option>
          </editAnimationByIDOptions>
        </event>
      </events>
      <visible>false</visible>
      <left>97</left>
      <top>260</top>
      <speed>1</speed>
      <id>Ball3</id>
      <flipImage>Vertical</flipImage>
    </image>
    <image>
      <frames>
        <frameCollection>
          <frame>
            <fileName from="mapzLake">crow1.png</fileName>
          </frame>
          <frame>
            <fileName from="mapzLake">crow2.png</fileName>
          </frame>
          <frame>
            <fileName from="mapzLake">crow3.png</fileName>
          </frame>
          <frame>
            <fileName from="mapzLake">crow4.png</fileName>
          </frame>
          <frame>
            <fileName from="mapzLake">crow5.png</fileName>
          </frame>
          <frame>
            <fileName from="mapzLake">crow6.png</fileName>
          </frame>
        </frameCollection>
        <frameCollection>
          <frame>
            <fileName from="mapzLake">crow7.png</fileName>
          </frame>
          <frame>
            <fileName from="mapzLake">crow6.png</fileName>
          </frame>
        </frameCollection>
        <framesAnimationStop>true</framesAnimationStop>
      </frames>
      <moveAnimation>
        <iniTop>0</iniTop>
        <maxTop>520</maxTop>
        <iniLeft>0</iniLeft>
        <maxLeft>512</maxLeft>
        <pixelsMoveTop>-2</pixelsMoveTop>
        <pixelsMoveLeft>-2</pixelsMoveLeft>
        <returnToTheBeginning>true</returnToTheBeginning>
        <moveAnimationStop>true</moveAnimationStop>
      </moveAnimation>
      <imageTimer>
        <timerDelay>6000</timerDelay>
      </imageTimer>
      <events>
        <event>
          <eventType>FrameAnimationLoopEnds</eventType>
          <eventActions>
            <eventAction>ChangeFrameCollection</eventAction>
            <eventAction>ResumeMove</eventAction>
            <eventAction>ChangeSpeedAnimation</eventAction>
          </eventActions>
          <changeFrameCollectionIndexTo>1</changeFrameCollectionIndexTo>
          <newSpeedAnimation>1</newSpeedAnimation>
          <whenFrameCollectionIndexIs>0</whenFrameCollectionIndexIs>
        </event>
        <event>
          <eventType>MoveAnimationMaxTopReached</eventType>
          <eventActions>
            <eventAction>ChangeFrameCollection</eventAction>
            <eventAction>StopAnimationAndMove</eventAction>
            <eventAction>ChangeSpeedAnimation</eventAction>
          </eventActions>
          <changeFrameCollectionIndexTo>0</changeFrameCollectionIndexTo>
          <newSpeedAnimation>2</newSpeedAnimation>
        </event>
        <event>
          <eventType>Timer</eventType>
          <eventActions>
            <eventAction>ResumeAnimation</eventAction>
          </eventActions>
        </event>
      </events>
      <speed>2</speed>
      <left>448</left>
      <top>314</top>
      <id>crow1</id>
    </image>
  </images>
</doc>
