<?xml version="1.0"?>
<doc>
  <basic type="animations">
    <screenCanvasResolution>
      <width>1307</width>
      <height>491</height>
    </screenCanvasResolution>
    <canvasResolution>
      <maxWidth>1307</maxWidth>
      <maxHeight>491</maxHeight>
    </canvasResolution>
    <bgColor>#00000000</bgColor>
  </basic>
  <images>
    <!--<image>
      <fileName>map.png</fileName>
    </image>-->
    <image>
      <frames>
        <frame>
          <fileName>mapb.png</fileName>
        </frame>
        <frame>
          <fileName>mapc.png</fileName>
        </frame>
        <frame>
          <fileName></fileName>
        </frame>
        <currentFrame>2</currentFrame>
      </frames>
      <left>3</left>
      <top>0</top>
      <speed>5</speed>
    </image>
    <image>
      <frames>
        <frame>
          <fileName from="mapzFTeller">whirlpool1.png</fileName>
        </frame>
        <frame>
          <fileName from="mapzFTeller">whirlpool2.png</fileName>
        </frame>
        <frame>
          <fileName from="mapzFTeller">whirlpool3.png</fileName>
        </frame>
        <frame>
          <fileName from="mapzFTeller">whirlpool4.png</fileName>
        </frame>
      </frames>
      <left>421</left>
      <top>175</top>
      <speed>4</speed>
    </image>
    <image>
      <frames>
        <reUseTagFramesFromPreviousImage>true</reUseTagFramesFromPreviousImage>
      </frames>
      <left>901</left>
      <top>191</top>
      <speed>4</speed>
    </image>
    <image>
      <frames>
        <frame>
          <fileName>anothercrab1.png</fileName>
        </frame>
        <frame>
          <fileName>anothercrab2.png</fileName>
        </frame>
      </frames>
      <moveAnimation>
        <iniTop>382</iniTop>
        <iniLeft>768</iniLeft>
        <maxTop>446</maxTop>
        <maxLeft>866</maxLeft>
        <pixelsMoveTop>2</pixelsMoveTop>
        <pixelsMoveLeft>2</pixelsMoveLeft>
      </moveAnimation>
      <imageTimer>
        <timerDelay>1000</timerDelay>
      </imageTimer>
      <events>
        <event>
          <eventType>MoveAnimationMaxLeftReached</eventType>
          <eventActions>
            <eventAction>FlipImage</eventAction>
          </eventActions>
        </event>
        <event>
          <eventType>MoveAnimationMaxRightReached</eventType>
          <eventActions>
            <eventAction>FlipImage</eventAction>
          </eventActions>
        </event>
        <event>
          <eventType>Timer</eventType>
          <eventActions>
            <eventAction>ChangeTimerDelay</eventAction>
            <eventAction>StopAnimationAndMove</eventAction>
            <eventAction>ChangeCustomCondition</eventAction>
          </eventActions>
          <whenCustomConditionIs>running</whenCustomConditionIs>
          <newTimerDelay>2000</newTimerDelay>
          <newCustomCondition>stoppped</newCustomCondition>
        </event>
        <event>
          <eventType>Timer</eventType>
          <eventActions>
            <eventAction>ChangeTimerDelay</eventAction>
            <eventAction>ResumeAnimationAndMove</eventAction>
            <eventAction>ChangeCustomCondition</eventAction>
          </eventActions>
          <whenCustomConditionIs>stoppped</whenCustomConditionIs>
          <newTimerDelay>1000</newTimerDelay>
          <newCustomCondition>running</newCustomCondition>
        </event>
        <defaultCustomCondition>running</defaultCustomCondition>
      </events>
      <left>796</left>
      <top>408</top>
      <speed>1</speed>
    </image>
    <image>
      <frames>
        <frame>
          <fileName>thing1.png</fileName>
        </frame>
        <frame>
          <fileName>thing2.png</fileName>
        </frame>
        <frame>
          <fileName>thing1.png</fileName>
          <applyAlterationsToThisFrame>
            <alterationsToDo>FlipHorizontal</alterationsToDo>
          </applyAlterationsToThisFrame>
        </frame>
        <frame>
          <fileName>thing2.png</fileName>
        </frame>
      </frames>
      <pathAnimation>
        <pathAnimationCoordinates>
          <customCoordinates>689;390,687;390,686;390,685;391,685;392,684;392,682;392,682;393,681;393,681;394,681;395,679;395,679;396,678;397,677;398,677;399,676;399,676;400,674;400,674;401,673;401,673;402,672;403,671;403,671;404,670;404,670;405,669;406,669;407,668;407,667;408,667;409,667;410,665;411,665;412,665;413,665;415,665;416,663;416,663;417,663;418,663;419,663;420,664;420,664;421,664;422,665;422,665;423,667;423,667;425,668;425,669;425,670;426,671;426,671;428,672;428,672;429,673;430,673;431,674;431,675;431,676;432,677;432,676;432,675;432,675;433,676;433,677;433,677;434,678;434,679;435,680;435,682;436,683;437,684;437,685;437,686;437,687;437,688;437,690;437,691;437,693;437,694;437,695;437,696;437,697;436,698;436,700;436,700;435,702;434,703;434,704;433,705;433,706;433,707;433,707;432,708;432,708;431,709;431,710;431,711;431,711;430,712;430,714;430,714;428,715;428,716;428,717;428,718;427,719;426,721;426,721;425,721;424,722;423,722;422,723;422,724;421,724;420,724;419,724;418,724;417,724;416,724;415,724;414,724;413,724;412,724;411,724;410,724;409,724;408,724;407,722;406,722;405,721;403,720;403,718;402,718;401,717;400,715;400,715;398,714;398,713;398,711;398,710;397,709;397,707;396,706;396,705;395,704;395,703;394,702;394,702;393,700;393,698;393,698;392,697;392,695;391,694;391,693;390,692;390,691;390,690;390,689;390,688;390,686;390</customCoordinates>
        </pathAnimationCoordinates>
      </pathAnimation>
      <speed>4</speed>
    </image>
    <image>
      <frames>
        <reUseTagFramesFromPreviousImage>true</reUseTagFramesFromPreviousImage>
        <currentFrame>2</currentFrame>
      </frames>
      <pathAnimation>
        <pathAnimationCoordinates>
          <customCoordinates>592;369,591;369,590;369,590;368,589;368,588;368,587;368,586;368,585;368,584;368,583;368,583;369,582;369,580;370,580;371,579;371,578;371,576;372,575;372,575;373,574;373,573;374,571;375,571;376,570;376,568;377,567;378,567;379,566;379,566;380,566;382,566;383,565;383,565;384,564;385,564;386,564;387,563;387,563;389,563;390,563;391,561;392,561;393,561;394,561;395,561;396,561;397,561;398,561;399,561;400,560;400,560;401,560;402,560;403,560;404,560;405,560;406,560;407,560;408,561;408,562;408,563;408,563;409,565;409,565;410,566;410,567;410,568;410,569;410,570;410,571;410,573;409,575;409,576;409,576;408,577;408,578;408,579;407,579;406,580;406,581;405,582;405,583;405,584;405,586;405,588;404,588;405,589;405,591;405,591;406,592;406,593;407,594;407,594;408,595;408,596;408,597;408,598;408,601;408,602;408,604;408,605;408,604;408,603;408,605;408,605;407,605;405,606;405,606;403,607;403,607;402,608;402,608;400,608;398,610;398,610;396,611;396,611;395,613;395,613;394,613;393,613;392,613;391,613;390,613;389,613;388,612;388,612;387,611;387,611;386,610;385,610;384,609;384,608;384,608;383,606;382,606;381,606;380,605;380,603;380,603;379,602;379,602;378,601;377,600;377,600;376,600;375,598;375,597;374,597;373,596;373,595;372,594;371,593;370,592;369,591;369</customCoordinates>
        </pathAnimationCoordinates>
        <pixelsMove>-1</pixelsMove>
        <returnBackwardToTheBeginning>false</returnBackwardToTheBeginning>
      </pathAnimation>
      <speed>4</speed>
    </image>
    <image>
      <frames>
        <frameCollection>
          <frame>
            <fileName>ball1.png</fileName>
          </frame>
        </frameCollection>
        <frameCollection>
          <frame>
            <fileName>ball2.png</fileName>
          </frame>
          <frame>
            <fileName>ball3.png</fileName>
          </frame>
          <frame>
            <fileName>ball4.png</fileName>
          </frame>
        </frameCollection>
      </frames>
      <disableImage>true</disableImage>
      <moveAnimation>
        <iniLeft>1150</iniLeft>
        <maxLeft>1242</maxLeft>
        <pixelsMoveLeft>4</pixelsMoveLeft>
      </moveAnimation>
      <events>
        <event>
          <eventType>MoveAnimationMaxRightReached</eventType>
          <eventActions>
            <eventAction>StopMove</eventAction>
            <eventAction>ChangeFrameCollection</eventAction>
            <eventAction>ChangeSpeedAnimation</eventAction>
          </eventActions>
          <changeFrameCollectionIndexTo>1</changeFrameCollectionIndexTo>
          <newSpeedAnimation>2</newSpeedAnimation>
        </event>
        <event>
          <eventType>FrameAnimationLoopEnds</eventType>
          <eventActions>
            <eventAction>ChangeFrameCollection</eventAction>
            <eventAction>ChangeSpeedAnimation</eventAction>
            <eventAction>ResumeMove</eventAction>
            <eventAction>DisableImage</eventAction>
            <eventAction>EditPosition</eventAction>
          </eventActions>
          <changeFrameCollectionIndexTo>0</changeFrameCollectionIndexTo>
          <newSpeedAnimation>1</newSpeedAnimation>
          <newCoordinates>1150;-8</newCoordinates>
          <whenFrameCollectionIndexIs>1</whenFrameCollectionIndexIs>
        </event>
      </events>
      <speed>1</speed>
      <id>ballb</id>
      <left>1150</left>
      <top>-8</top>
    </image>
    <image>
      <frames>
        <reUseTagFramesFromPreviousImage>true</reUseTagFramesFromPreviousImage>
      </frames>
      <disableImage>true</disableImage>
      <moveAnimation>
        <iniTop>264</iniTop>
        <maxTop>404</maxTop>
        <pixelsMoveTop>4</pixelsMoveTop>
      </moveAnimation>
      <events>
        <event>
          <eventType>MoveAnimationMaxBottomReached</eventType>
          <eventActions>
            <eventAction>StopMove</eventAction>
            <eventAction>ChangeFrameCollection</eventAction>
            <eventAction>ChangeSpeedAnimation</eventAction>
          </eventActions>
          <changeFrameCollectionIndexTo>1</changeFrameCollectionIndexTo>
          <newSpeedAnimation>2</newSpeedAnimation>
        </event>
        <event>
          <eventType>FrameAnimationLoopEnds</eventType>
          <eventActions>
            <eventAction>ChangeFrameCollection</eventAction>
            <eventAction>ChangeSpeedAnimation</eventAction>
            <eventAction>ResumeMove</eventAction>
            <eventAction>DisableImage</eventAction>
            <eventAction>EditPosition</eventAction>
          </eventActions>
          <changeFrameCollectionIndexTo>0</changeFrameCollectionIndexTo>
          <newSpeedAnimation>1</newSpeedAnimation>
          <newCoordinates>1150;264</newCoordinates>
          <whenFrameCollectionIndexIs>1</whenFrameCollectionIndexIs>
        </event>
      </events>
      <speed>1</speed>
      <id>ballc</id>
      <left>1150</left>
      <top>264</top>
    </image>
    <image>
      <frames>
        <frameCollection>
          <frame>
            <fileName>eneleft1.png</fileName>
          </frame>
          <frame>
            <fileName>eneleft2.png</fileName>
          </frame>
        </frameCollection>
        <frameCollection>
          <frame>
            <fileName>eneleftshot1.png</fileName>
          </frame>
          <frame>
            <fileName>eneleftshot2.png</fileName>
          </frame>
        </frameCollection>
        <framesAnimationSpeed>2</framesAnimationSpeed>
      </frames>
      <moveAnimation>
        <iniLeft>1020</iniLeft>
        <maxLeft>1150</maxLeft>
        <pixelsMoveLeft>4</pixelsMoveLeft>
      </moveAnimation>
      <events>
        <event>
          <eventType>MoveAnimationMaxLeftReached</eventType>
          <eventActions>
            <eventAction>FlipImage</eventAction>
          </eventActions>
        </event>
        <event>
          <eventType>MoveAnimationMaxRightReached</eventType>
          <eventActions>
            <eventAction>StopMove</eventAction>
            <eventAction>ChangeFrameCollection</eventAction>
          </eventActions>
          <whenFrameCollectionIndexIs>0</whenFrameCollectionIndexIs>
          <changeFrameCollectionIndexTo>1</changeFrameCollectionIndexTo>
        </event>
        <event>
          <eventType>TriggerActionByCurrentFrame</eventType>
          <eventActions>
            <eventAction>EnableByID</eventAction>
          </eventActions>
          <whenFrameCollectionIndexIs>1</whenFrameCollectionIndexIs>
          <whenCurrentFrameIndexIs>1</whenCurrentFrameIndexIs>
          <ids>ballb</ids>
        </event>
        <event>
          <eventType>FrameAnimationLoopEnds</eventType>
          <eventActions>
            <eventAction>ResumeMove</eventAction>
            <eventAction>ChangeFrameCollection</eventAction>
            <eventAction>FlipImage</eventAction>
          </eventActions>
          <whenFrameCollectionIndexIs>1</whenFrameCollectionIndexIs>
          <changeFrameCollectionIndexTo>0</changeFrameCollectionIndexTo>
        </event>
      </events>
      <left>1020</left>
      <top>0</top>
      <speed>1</speed>
    </image>
    <image>
      <frames>
        <frameCollection>
          <frame>
            <fileName>enedown1.png</fileName>
          </frame>
          <frame>
            <fileName>enedown2.png</fileName>
          </frame>
          <frame>
            <fileName>enedown3.png</fileName>
          </frame>
          <frame>
            <fileName>enedown2.png</fileName>
          </frame>
        </frameCollection>
        <frameCollection>
          <frame>
            <fileName>enedownshot1.png</fileName>
          </frame>
          <frame>
            <fileName>enedownshot2.png</fileName>
          </frame>
        </frameCollection>
        <frameCollection>
          <frame>
            <fileName>eneup1.png</fileName>
          </frame>
          <frame>
            <fileName>eneup2.png</fileName>
          </frame>
          <frame>
            <fileName>eneup3.png</fileName>
          </frame>
          <frame>
            <fileName>eneup2.png</fileName>
          </frame>
        </frameCollection>
        <frameCollection>
          <frame>
            <fileName>eneup1.png</fileName>
          </frame>
          <frame>
            <fileName>eneup2.png</fileName>
          </frame>
        </frameCollection>
        <framesAnimationSpeed>2</framesAnimationSpeed>
      </frames>
      <moveAnimation>
        <iniTop>94</iniTop>
        <maxTop>264</maxTop>
        <pixelsMoveTop>4</pixelsMoveTop>
      </moveAnimation>
      <events>
        <event>
          <eventType>MoveAnimationMaxBottomReached</eventType>
          <eventActions>
            <eventAction>StopMove</eventAction>
            <eventAction>ChangeFrameCollection</eventAction>
            <!--<eventAction>ChangeSpeedAnimation</eventAction>-->
          </eventActions>
          <!--<newSpeedAnimation>4</newSpeedAnimation>-->
          <whenFrameCollectionIndexIs>0</whenFrameCollectionIndexIs>
          <changeFrameCollectionIndexTo>1</changeFrameCollectionIndexTo>
        </event>
        <event>
          <eventType>FrameAnimationLoopEnds</eventType>
          <eventActions>
            <eventAction>ResumeMove</eventAction>
            <eventAction>ChangeFrameCollection</eventAction>
            <eventAction>ChangeSpeedAnimation</eventAction>
          </eventActions>
          <newSpeedAnimation>1</newSpeedAnimation>
          <whenFrameCollectionIndexIs>1</whenFrameCollectionIndexIs>
          <changeFrameCollectionIndexTo>2</changeFrameCollectionIndexTo>
        </event>
        <event>
          <eventType>MoveAnimationMaxTopReached</eventType>
          <eventActions>
            <eventAction>StopMove</eventAction>
            <eventAction>ChangeFrameCollection</eventAction>
            <!--<eventAction>ChangeSpeedAnimation</eventAction>-->
          </eventActions>
          <!--<newSpeedAnimation>4</newSpeedAnimation>-->
          <whenFrameCollectionIndexIs>2</whenFrameCollectionIndexIs>
          <changeFrameCollectionIndexTo>3</changeFrameCollectionIndexTo>
        </event>
        <event>
          <eventType>FrameAnimationLoopEnds</eventType>
          <eventActions>
            <eventAction>ResumeMove</eventAction>
            <eventAction>ChangeFrameCollection</eventAction>
            <!--<eventAction>ChangeSpeedAnimation</eventAction>-->
          </eventActions>
          <!--<newSpeedAnimation>1</newSpeedAnimation>-->
          <whenFrameCollectionIndexIs>3</whenFrameCollectionIndexIs>
          <changeFrameCollectionIndexTo>0</changeFrameCollectionIndexTo>
        </event>
        <event>
          <eventType>TriggerActionByCurrentFrame</eventType>
          <eventActions>
            <eventAction>EnableByID</eventAction>
          </eventActions>
          <whenFrameCollectionIndexIs>1</whenFrameCollectionIndexIs>
          <whenCurrentFrameIndexIs>1</whenCurrentFrameIndexIs>
          <ids>ballc</ids>
        </event>
      </events>
      <left>1158</left>
      <top>94</top>
      <speed>1</speed>
    </image>
    <image>
      <frames>
        <frame>
          <fileName>eneg1.png</fileName>
        </frame>
        <frame>
          <fileName>eneg2.png</fileName>
        </frame>
        <frame>
          <fileName>eneg3.png</fileName>
        </frame>
        <frame>
          <fileName>eneg2.png</fileName>
        </frame>
        <framesAnimationSpeed>16</framesAnimationSpeed>
      </frames>
      <moveAnimation>
        <iniLeft>980</iniLeft>
        <iniTop>312</iniTop>
        <maxLeft>1080</maxLeft>
        <maxTop>416</maxTop>
        <pixelsMoveLeft>1</pixelsMoveLeft>
        <pixelsMoveTop>1</pixelsMoveTop>
      </moveAnimation>
      <speed>20</speed>
      <left>994</left>
      <top>372</top>
    </image>
    <image>
      <frames>
        <frame>
          <fileName>sora1.png</fileName>
        </frame>
        <frame>
          <fileName>sora2.png</fileName>
        </frame>
        <frame>
          <fileName>sora3.png</fileName>
        </frame>
        <frame>
          <fileName>sora2.png</fileName>
        </frame>
        <frame>
          <fileName>sora3.png</fileName>
        </frame>
        <frame>
          <fileName>sora2.png</fileName>
        </frame>
        <frame>
          <fileName>sora3.png</fileName>
        </frame>
        <frame>
          <fileName>sora4.png</fileName>
        </frame>
        <frame>
          <fileName>sora5.png</fileName>
        </frame>
        <frame>
          <fileName>sora6.png</fileName>
          <delay>20</delay>
        </frame>
        <frame>
          <fileName>sora7.png</fileName>
          <delay>6</delay>
        </frame>
        <frame>
          <fileName>sora8.png</fileName>
        </frame>
        <frame>
          <fileName>sora7.png</fileName>
        </frame>
        <frame>
          <fileName>sora6.png</fileName>
          <delay>14</delay>
        </frame>
        <frame>
          <fileName>sora9.png</fileName>
          <delay>3</delay>
        </frame>
        <frame>
          <fileName>sora10.png</fileName>
        </frame>
        <frame>
          <fileName>sora11.png</fileName>
        </frame>
        <frame>
          <fileName>sora12.png</fileName>
        </frame>
        <frame>
          <fileName>sora0.png</fileName>
        </frame>
      </frames>
      <events>
        <event>
          <eventType>TriggerActionByCurrentFrame</eventType>
          <eventActions>
            <eventAction>EditAnimationByID</eventAction>
          </eventActions>
          <whenCurrentFrameIndexIs>12</whenCurrentFrameIndexIs>
          <editAnimationByIDOptions>
            <option>
              <imageID>Ball3</imageID>
              <editActions>
                <editAction>ResumeMove</editAction>
                <editAction>ChangeVisibleValue</editAction>
              </editActions>
              <newVisibleValue>true</newVisibleValue>
            </option>
          </editAnimationByIDOptions>
        </event>
        <event>
          <eventType>TriggerActionByCurrentFrame</eventType>
          <eventActions>
            <eventAction>StopAnimation</eventAction>
          </eventActions>
          <whenCurrentFrameIndexIs>18</whenCurrentFrameIndexIs>
        </event>
      </events>
      <left>238</left>
      <top>226</top>
      <speed>3</speed>
      <id>Zora3</id>
    </image>
    <image>
      <frames>
        <reUseTagFramesFromPreviousImage>true</reUseTagFramesFromPreviousImage>
      </frames>
      <events>
        <event>
          <eventType>TriggerActionByCurrentFrame</eventType>
          <eventActions>
            <eventAction>EditAnimationByID</eventAction>
          </eventActions>
          <whenCurrentFrameIndexIs>12</whenCurrentFrameIndexIs>
          <editAnimationByIDOptions>
            <option>
              <imageID>Ball5</imageID>
              <editActions>
                <editAction>ResumeMove</editAction>
                <editAction>ChangeVisibleValue</editAction>
              </editActions>
              <newVisibleValue>true</newVisibleValue>
            </option>
          </editAnimationByIDOptions>
        </event>
        <event>
          <eventType>TriggerActionByCurrentFrame</eventType>
          <eventActions>
            <eventAction>StopAnimation</eventAction>
          </eventActions>
          <whenCurrentFrameIndexIs>18</whenCurrentFrameIndexIs>
        </event>
      </events>
      <left>604</left>
      <top>182</top>
      <speed>3</speed>
      <id>Zora5</id>
    </image>
    <image>
      <frames>
        <frame>
          <fileName>ballsora1.png</fileName>
        </frame>
        <frame>
          <fileName>ballsora2.png</fileName>
        </frame>
        <frame>
          <fileName>ballsora3.png</fileName>
        </frame>
      </frames>
      <moveAnimation>
        <iniTop>0</iniTop>
        <maxTop>491</maxTop>
        <iniLeft>0</iniLeft>
        <maxLeft>1307</maxLeft>
        <pixelsMoveTop>4</pixelsMoveTop>
        <pixelsMoveLeft>-4</pixelsMoveLeft>
        <moveAnimationStop>true</moveAnimationStop>
        <returnToTheBeginning>true</returnToTheBeginning>
      </moveAnimation>
      <events>
        <event>
          <eventType>MoveAnimationMaxLeftReached</eventType>
          <eventActions>
            <eventAction>EditAnimationByID</eventAction>
            <eventAction>ChangeVisibleValue</eventAction>
            <eventAction>StopMove</eventAction>
          </eventActions>
          <newVisibleValue>false</newVisibleValue>
          <editAnimationByIDOptions>
            <option>
              <imageID>Zora3</imageID>
              <editActions>
                <editAction>ResumeAnimation</editAction>
              </editActions>
            </option>
          </editAnimationByIDOptions>
        </event>
      </events>
      <visible>false</visible>
      <left>230</left>
      <top>240</top>
      <speed>1</speed>
      <id>Ball3</id>
    </image>
    <image>
      <frames>
        <reUseTagFramesFromPreviousImage>true</reUseTagFramesFromPreviousImage>
      </frames>
      <moveAnimation>
        <iniTop>0</iniTop>
        <maxTop>491</maxTop>
        <iniLeft>0</iniLeft>
        <maxLeft>1307</maxLeft>
        <pixelsMoveTop>4</pixelsMoveTop>
        <pixelsMoveLeft>4</pixelsMoveLeft>
        <moveAnimationStop>true</moveAnimationStop>
        <returnToTheBeginning>true</returnToTheBeginning>
      </moveAnimation>
      <events>
        <event>
          <eventType>MoveAnimationMaxBottomReached</eventType>
          <eventActions>
            <eventAction>EditAnimationByID</eventAction>
            <eventAction>ChangeVisibleValue</eventAction>
            <eventAction>StopMove</eventAction>
          </eventActions>
          <newVisibleValue>false</newVisibleValue>
          <editAnimationByIDOptions>
            <option>
              <imageID>Zora5</imageID>
              <editActions>
                <editAction>ResumeAnimation</editAction>
              </editActions>
            </option>
          </editAnimationByIDOptions>
        </event>
      </events>
      <visible>false</visible>
      <left>618</left>
      <top>198</top>
      <speed>1</speed>
      <id>Ball5</id>
      <flipImage>Horizontal</flipImage>
    </image>
    <image>
      <frames>
        <frameCollection>
          <frame>
            <fileName>crow1.png</fileName>
          </frame>
          <frame>
            <fileName>crow2.png</fileName>
          </frame>
          <frame>
            <fileName>crow3.png</fileName>
          </frame>
          <frame>
            <fileName>crow4.png</fileName>
          </frame>
          <frame>
            <fileName>crow5.png</fileName>
          </frame>
          <frame>
            <fileName>crow6.png</fileName>
          </frame>
        </frameCollection>
        <frameCollection>
          <frame>
            <fileName>crow7.png</fileName>
          </frame>
          <frame>
            <fileName>crow6.png</fileName>
          </frame>
        </frameCollection>
        <framesAnimationStop>true</framesAnimationStop>
      </frames>
      <moveAnimation>
        <iniTop>0</iniTop>
        <maxTop>491</maxTop>
        <iniLeft>0</iniLeft>
        <maxLeft>1307</maxLeft>
        <pixelsMoveTop>2</pixelsMoveTop>
        <pixelsMoveLeft>6</pixelsMoveLeft>
        <returnToTheBeginning>true</returnToTheBeginning>
        <moveAnimationStop>true</moveAnimationStop>
      </moveAnimation>
      <imageTimer>
        <timerDelay>8000</timerDelay>
      </imageTimer>
      <events>
        <event>
          <eventType>FrameAnimationLoopEnds</eventType>
          <eventActions>
            <eventAction>ChangeFrameCollection</eventAction>
            <eventAction>ResumeMove</eventAction>
            <eventAction>ChangeSpeedAnimation</eventAction>
          </eventActions>
          <changeFrameCollectionIndexTo>1</changeFrameCollectionIndexTo>
          <newSpeedAnimation>1</newSpeedAnimation>
          <whenFrameCollectionIndexIs>0</whenFrameCollectionIndexIs>
        </event>
        <event>
          <eventType>MoveAnimationMaxBottomReached</eventType>
          <eventActions>
            <eventAction>ChangeFrameCollection</eventAction>
            <eventAction>StopAnimationAndMove</eventAction>
            <eventAction>ChangeSpeedAnimation</eventAction>
          </eventActions>
          <changeFrameCollectionIndexTo>0</changeFrameCollectionIndexTo>
          <newSpeedAnimation>2</newSpeedAnimation>
        </event>
        <event>
          <eventType>Timer</eventType>
          <eventActions>
            <eventAction>ResumeAnimation</eventAction>
          </eventActions>
        </event>
      </events>
      <speed>2</speed>
      <left>8</left>
      <top>314</top>
      <id>crow1</id>
      <flipImage>Horizontal</flipImage>
    </image>
  </images>
</doc>
